Player,Team,Vs,Series,CTL,Map,Map #,Result,PF,PA,K,D,A,NT,HS,DMG,GLS,OCK,Time,,,,,Team,Vs,Series,HP,Map,Map #,Result,PF,PA,Den,,Exposure,,Scar,
2Real,P7N,CBL,SR001,OVL001,Scar,3,W,4,3,24,28,8,18,3,2785,2,2,10.00,,,,P7N,P7N,CBL,SR001,OVL001,Scar,3,W,4,3,,,,,2,2
Gio,P7N,CBL,SR001,OVL001,Scar,3,W,4,3,25,28,13,15,3,3304,0,2,10.00,,,,P7N,,,,,,,,,,,,,,,
Owakening,P7N,CBL,SR001,OVL001,Scar,3,W,4,3,25,22,11,18,4,3430,0,2,10.00,,,,P7N,,,,,,,,,,,,,,,
Uli,P7N,CBL,SR001,OVL001,Scar,3,W,4,3,27,24,10,19,5,2916,2,4,10.00,,,,P7N,,,,,,,,,,,,,,,
IconZ,CBL,P7N,SR001,OVL001,Scar,3,L,3,4,27,31,10,18,6,3699,0,4,10.00,,,,CBL,CBL,P7N,SR001,OVL001,Scar,3,L,3,4,,,,,2,1
KB,CBL,P7N,SR001,OVL001,Scar,3,L,3,4,32,19,9,22,6,3760,0,1,10.00,,,,CBL,,,,,,,,,,,,,,,
Milly,CBL,P7N,SR001,OVL001,Scar,3,L,3,4,27,25,10,16,4,3295,2,4,10.00,,,,CBL,,,,,,,,,,,,,,,
Ruper,CBL,P7N,SR001,OVL001,Scar,3,L,3,4,16,26,11,10,4,2625,1,3,10.00,,,,CBL,,,,,,,,,,,,,,,
Darksived,FFS,FAW,SR002,OVL002,Scar,3,L,1,4,25,28,8,13,3,2999,1,2,10.00,,,,FFS,FFS,FAW,SR002,OVL002,Scar,3,L,1,4,,,,,1,0
Exceed,FFS,FAW,SR002,OVL002,Scar,3,L,1,4,25,27,12,12,3,3370,0,3,10.00,,,,FFS,,,,,,,,,,,,,,,
Fire,FFS,FAW,SR002,OVL002,Scar,3,L,1,4,18,23,9,11,3,3311,0,4,10.00,,,,FFS,,,,,,,,,,,,,,,
Wrecks,FFS,FAW,SR002,OVL002,Scar,3,L,1,4,17,27,5,12,2,2019,0,3,10.00,,,,FFS,,,,,,,,,,,,,,,
Arcitys,FAW,FFS,SR002,OVL002,Scar,3,W,4,1,20,23,13,15,4,3029,0,1,10.00,,,,FAW,FAW,FFS,SR002,OVL002,Scar,3,W,4,1,,,,,2,2
KingAbody,FAW,FFS,SR002,OVL002,Scar,3,W,4,1,22,21,10,13,3,2956,2,3,10.00,,,,FAW,,,,,,,,,,,,,,,
PaulEhx,FAW,FFS,SR002,OVL002,Scar,3,W,4,1,32,21,8,21,5,3493,2,1,10.00,,,,FAW,,,,,,,,,,,,,,,
Priestahh,FAW,FFS,SR002,OVL002,Scar,3,W,4,1,31,20,9,25,8,3364,0,2,10.00,,,,FAW,,,,,,,,,,,,,,,
Brack,OMB,TBG,SR003,OVL003,Exposure,3,W,2,1,26,25,12,16,4,3147,0,3,10.00,,,,OMB,OMB,TBG,SR003,OVL003,Exposure,3,W,2,1,,,1,1,,
ErikBoom,OMB,TBG,SR003,OVL003,Exposure,3,W,2,1,17,22,4,12,3,2068,1,2,10.00,,,,OMB,,,,,,,,,,,,,,,
FeLo,OMB,TBG,SR003,OVL003,Exposure,3,W,2,1,25,19,3,20,4,2900,0,2,10.00,,,,OMB,,,,,,,,,,,,,,,
Nate,OMB,TBG,SR003,OVL003,Exposure,3,W,2,1,18,25,12,13,3,2989,1,4,10.00,,,,OMB,,,,,,,,,,,,,,,
Capsidal,TBG,OMB,SR003,OVL003,Exposure,3,L,1,2,25,19,5,20,4,2912,0,3,10.00,,,,TBG,TBG,OMB,SR003,OVL003,Exposure,3,L,1,2,,,0,1,,
Prolute,TBG,OMB,SR003,OVL003,Exposure,3,L,1,2,17,22,9,8,3,2466,1,3,10.00,,,,TBG,,,,,,,,,,,,,,,
Spart,TBG,OMB,SR003,OVL003,Exposure,3,L,1,2,18,23,9,9,2,2245,0,2,10.00,,,,TBG,,,,,,,,,,,,,,,
TJHaly,TBG,OMB,SR003,OVL003,Exposure,3,L,1,2,31,22,4,21,4,3745,0,4,10.00,,,,TBG,,,,,,,,,,,,,,,
Censor,NXT,FUN,SR004,OVL004,Exposure,3,W,7,1,17,13,12,17,3,2095,5,0,9.20,,,,NXT,NXT,FUN,SR004,OVL004,Exposure,3,W,7,1,,,3,4,,
DC,NXT,FUN,SR004,OVL004,Exposure,3,W,7,1,27,18,7,22,6,3301,0,0,9.20,,,,NXT,,,,,,,,,,,,,,,
Johnny,NXT,FUN,SR004,OVL004,Exposure,3,W,7,1,19,20,4,13,4,2394,0,3,9.20,,,,NXT,,,,,,,,,,,,,,,
Standy,NXT,FUN,SR004,OVL004,Exposure,3,W,7,1,21,20,10,14,3,2479,2,2,9.20,,,,NXT,,,,,,,,,,,,,,,
Dak,FUN,NXT,SR004,OVL004,Exposure,3,L,1,7,17,20,10,12,2,2419,0,0,9.20,,,,FUN,FUN,NXT,SR004,OVL004,Exposure,3,L,1,7,,,1,0,,
Flames,FUN,NXT,SR004,OVL004,Exposure,3,L,1,7,21,19,8,11,2,2325,1,0,9.20,,,,FUN,,,,,,,,,,,,,,,
Gunsiii,FUN,NXT,SR004,OVL004,Exposure,3,L,1,7,15,23,4,9,4,2077,0,0,9.20,,,,FUN,,,,,,,,,,,,,,,
Whiz,FUN,NXT,SR004,OVL004,Exposure,3,L,1,7,18,22,6,11,2,2164,0,2,9.20,,,,FUN,,,,,,,,,,,,,,,
IconZ,CBL,FAW,SR005,OVL005,Scar,3,L,1,5,22,24,7,15,3,2965,0,1,10.00,,,,CBL,CBL,FAW,SR005,OVL005,Scar,3,L,1,5,,,,,1,0
KB,CBL,FAW,SR005,OVL005,Scar,3,L,1,5,23,21,5,16,5,3095,0,3,10.00,,,,CBL,,,,,,,,,,,,,,,
Milly,CBL,FAW,SR005,OVL005,Scar,3,L,1,5,17,23,4,8,2,2100,1,0,10.00,,,,CBL,,,,,,,,,,,,,,,
Ruper,CBL,FAW,SR005,OVL005,Scar,3,L,1,5,21,26,11,16,4,3117,0,1,10.00,,,,CBL,,,,,,,,,,,,,,,
Arcitys,FAW,CBL,SR005,OVL005,Scar,3,W,5,1,15,24,10,10,2,2378,2,1,10.00,,,,FAW,FAW,CBL,SR005,OVL005,Scar,3,W,5,1,,,,,2,3
KingAbody,FAW,CBL,SR005,OVL005,Scar,3,W,5,1,25,17,5,21,4,3003,2,4,10.00,,,,FAW,,,,,,,,,,,,,,,
PaulEhx,FAW,CBL,SR005,OVL005,Scar,3,W,5,1,25,21,12,16,5,3856,0,0,10.00,,,,FAW,,,,,,,,,,,,,,,
Priestahh,FAW,CBL,SR005,OVL005,Scar,3,W,5,1,29,21,9,22,7,3278,1,6,10.00,,,,FAW,,,,,,,,,,,,,,,
Capsidal,TBG,FUN,SR006,OVL006,Scar,3,W,8,1,19,20,11,14,3,2744,3,1,10.05,,,,TBG,TBG,FUN,SR006,OVL006,Scar,3,W,8,1,,,,,2,6
Prolute,TBG,FUN,SR006,OVL006,Scar,3,W,8,1,28,20,8,19,5,3034,1,0,10.05,,,,TBG,,,,,,,,,,,,,,,
Spart,TBG,FUN,SR006,OVL006,Scar,3,W,8,1,25,17,12,21,5,3341,2,3,10.05,,,,TBG,,,,,,,,,,,,,,,
TJHaly,TBG,FUN,SR006,OVL006,Scar,3,W,8,1,31,21,8,24,4,3564,2,4,10.05,,,,TBG,,,,,,,,,,,,,,,
Dak,FUN,TBG,SR006,OVL006,Scar,3,L,1,8,21,26,6,13,3,3012,0,2,10.05,,,,FUN,FUN,TBG,SR006,OVL006,Scar,3,L,1,8,,,,,0,1
Flames,FUN,TBG,SR006,OVL006,Scar,3,L,1,8,22,23,4,11,3,2600,1,0,10.05,,,,FUN,,,,,,,,,,,,,,,
Gunsiii,FUN,TBG,SR006,OVL006,Scar,3,L,1,8,14,27,9,12,3,2350,0,2,10.05,,,,FUN,,,,,,,,,,,,,,,
Whiz,FUN,TBG,SR006,OVL006,Scar,3,L,1,8,21,27,11,10,2,3073,0,5,10.05,,,,FUN,,,,,,,,,,,,,,,
2Real,P7N,FFS,SR007,OVL007,Exposure,3,W,3,2,26,23,9,20,,3302,2,,11.88,,,,P7N,P7N,FFS,SR007,OVL007,Exposure,3,W,3,2,,,2,1,,
Gio,P7N,FFS,SR007,OVL007,Exposure,3,W,3,2,24,25,9,18,,3048,0,,11.88,,,,P7N,,,,,,,,,,,,,,,
Owakening,P7N,FFS,SR007,OVL007,Exposure,3,W,3,2,26,20,9,20,,3402,0,,11.88,,,,P7N,,,,,,,,,,,,,,,
Uli,P7N,FFS,SR007,OVL007,Exposure,3,W,3,2,22,26,9,17,,2794,1,,11.88,,,,P7N,,,,,,,,,,,,,,,
Darksived,FFS,P7N,SR007,OVL007,Exposure,3,L,2,3,24,26,8,18,,3048,0,,11.88,,,,FFS,FFS,P7N,SR007,OVL007,Exposure,3,L,2,3,,,1,1,,
Exceed,FFS,P7N,SR007,OVL007,Exposure,3,L,2,3,18,29,8,14,,2286,2,,11.88,,,,FFS,,,,,,,,,,,,,,,
Fire,FFS,P7N,SR007,OVL007,Exposure,3,L,2,3,29,22,11,22,,3683,0,,11.88,,,,FFS,,,,,,,,,,,,,,,
Wrecks,FFS,P7N,SR007,OVL007,Exposure,3,L,2,3,23,21,9,17,,2921,0,,11.88,,,,FFS,,,,,,,,,,,,,,,
Brack,OMB,NXT,SR008,OVL008,Exposure,3,L,6,7,22,21,11,15,4,3071,1,1,9.62,,,,OMB,OMB,NXT,SR008,OVL008,Exposure,3,L,6,6,,,3,3,,
ErikBoom,OMB,NXT,SR008,OVL008,Exposure,3,L,6,7,18,24,12,14,2,2527,2,1,9.62,,,,OMB,,,,,,,,,,,,,,,
FeLo,OMB,NXT,SR008,OVL008,Exposure,3,L,6,7,20,24,10,13,5,2373,1,0,9.62,,,,OMB,,,,,,,,,,,,,,,
Nate,OMB,NXT,SR008,OVL008,Exposure,3,L,6,7,24,23,5,16,6,2602,2,1,9.62,,,,OMB,,,,,,,,,,,,,,,
Censor,NXT,OMB,SR008,OVL008,Exposure,3,W,7,6,15,21,5,9,3,2046,3,1,9.62,,,,NXT,NXT,OMB,SR008,OVL008,Exposure,3,W,6,6,,,4,2,,
DC,NXT,OMB,SR008,OVL008,Exposure,3,W,7,6,24,19,6,17,7,2991,2,1,9.62,,,,NXT,,,,,,,,,,,,,,,
Johnny,NXT,OMB,SR008,OVL008,Exposure,3,W,7,6,27,23,11,20,5,3255,1,2,9.62,,,,NXT,,,,,,,,,,,,,,,
Standy,NXT,OMB,SR008,OVL008,Exposure,3,W,7,6,26,21,9,19,4,2898,1,3,9.62,,,,NXT,,,,,,,,,,,,,,,
2Real,P7N,FUN,SR009,OVL009,Den,3,W,4,3,18,24,8,14,6,2285,2,5,10.07,,,,P7N,P7N,FUN,SR009,OVL009,Den,3,W,4,3,1,3,,,,
Gio,P7N,FUN,SR009,OVL009,Den,3,W,4,3,25,21,10,18,3,2877,1,3,10.07,,,,P7N,,,,,,,,,,,,,,,
Owakening,P7N,FUN,SR009,OVL009,Den,3,W,4,3,22,21,7,17,4,2936,0,1,10.07,,,,P7N,,,,,,,,,,,,,,,
Uli,P7N,FUN,SR009,OVL009,Den,3,W,4,3,25,24,7,19,5,2908,1,4,10.07,,,,P7N,,,,,,,,,,,,,,,
Dak,FUN,P7N,SR009,OVL009,Den,3,L,3,4,30,25,5,20,3,3786,0,5,10.07,,,,FUN,FUN,P7N,SR009,OVL009,Den,3,L,3,4,1,2,,,,
Flames,FUN,P7N,SR009,OVL009,Den,3,L,3,4,21,20,7,17,3,2592,1,4,10.07,,,,FUN,,,,,,,,,,,,,,,
Gunsiii,FUN,P7N,SR009,OVL009,Den,3,L,3,4,17,22,8,10,5,2657,1,2,10.07,,,,FUN,,,,,,,,,,,,,,,
Whiz,FUN,P7N,SR009,OVL009,Den,3,L,3,4,22,24,8,13,3,2983,1,3,10.07,,,,FUN,,,,,,,,,,,,,,,
IconZ,CBL,NXT,SR010,OVL010,Den,3,L,0,5,19,26,6,13,3,2688,0,2,9.88,,,,CBL,CBL,NXT,SR010,OVL010,Den,3,L,0,5,0,0,,,,
KB,CBL,NXT,SR010,OVL010,Den,3,L,0,5,23,23,6,15,2,2864,0,5,9.88,,,,CBL,,,,,,,,,,,,,,,
Milly,CBL,NXT,SR010,OVL010,Den,3,L,0,5,20,25,8,11,3,2518,0,3,9.88,,,,CBL,,,,,,,,,,,,,,,
Ruper,CBL,NXT,SR010,OVL010,Den,3,L,0,5,12,29,12,8,3,2430,0,2,9.88,,,,CBL,,,,,,,,,,,,,,,
Censor,NXT,CBL,SR010,OVL010,Den,3,W,5,0,13,18,13,10,3,2158,2,1,9.88,,,,NXT,NXT,CBL,SR010,OVL010,Den,3,W,5,0,3,2,,,,
DC,NXT,CBL,SR010,OVL010,Den,3,W,5,0,20,20,9,14,4,2227,2,2,9.88,,,,NXT,,,,,,,,,,,,,,,
Johnny,NXT,CBL,SR010,OVL010,Den,3,W,5,0,29,18,7,20,6,3380,1,0,9.88,,,,NXT,,,,,,,,,,,,,,,
Standy,NXT,CBL,SR010,OVL010,Den,3,W,5,0,41,18,8,32,9,4301,0,3,9.88,,,,NXT,,,,,,,,,,,,,,,
Arcitys,FAW,TBG,SR011,OVL011,Den,3,W,1,0,33,31,11,22,3,3699,0,3,10.48,,,,FAW,FAW,TBG,SR011,OVL011,Den,3,W,1,0,1,0,,,,
KingAbody,FAW,TBG,SR011,OVL011,Den,3,W,1,0,21,23,9,13,3,2374,1,4,10.48,,,,FAW,,,,,,,,,,,,,,,
PaulEhx,FAW,TBG,SR011,OVL011,Den,3,W,1,0,24,21,12,19,5,3310,0,3,10.48,,,,FAW,,,,,,,,,,,,,,,
Priestahh,FAW,TBG,SR011,OVL011,Den,3,W,1,0,37,24,14,22,4,4419,0,3,10.48,,,,FAW,,,,,,,,,,,,,,,
Capsidal,TBG,FAW,SR011,OVL011,Den,3,L,0,1,24,30,11,11,2,3250,0,3,10.48,,,,TBG,TBG,FAW,SR011,OVL011,Den,3,L,0,1,0,0,,,,
Prolute,TBG,FAW,SR011,OVL011,Den,3,L,0,1,21,25,6,16,3,3028,0,0,10.48,,,,TBG,,,,,,,,,,,,,,,
Spart,TBG,FAW,SR011,OVL011,Den,3,L,0,1,24,31,10,12,2,2827,0,2,10.48,,,,TBG,,,,,,,,,,,,,,,
TJHaly,TBG,FAW,SR011,OVL011,Den,3,L,0,1,29,30,9,17,4,3475,0,6,10.48,,,,TBG,,,,,,,,,,,,,,,
2Real,P7N,CBL,SR012,OVL012,Scar,3,L,2,3,13,29,8,7,2,2528,0,0,10.08,,,,P7N,P7N,CBL,SR012,OVL012,Scar,3,L,2,3,,,,,0,2
Gio,P7N,CBL,SR012,OVL012,Scar,3,L,2,3,28,27,5,19,5,3765,1,1,10.08,,,,P7N,,,,,,,,,,,,,,,
Owakening,P7N,CBL,SR012,OVL012,Scar,3,L,2,3,25,22,12,20,5,3478,0,4,10.08,,,,P7N,,,,,,,,,,,,,,,
Uli,P7N,CBL,SR012,OVL012,Scar,3,L,2,3,25,25,8,21,4,3224,1,6,10.08,,,,P7N,,,,,,,,,,,,,,,
IconZ,CBL,P7N,SR012,OVL012,Scar,3,W,3,2,31,25,10,23,5,3806,1,5,10.08,,,,CBL,CBL,P7N,SR012,OVL012,Scar,3,W,3,2,,,,,1,2
KB,CBL,P7N,SR012,OVL012,Scar,3,W,3,2,23,23,11,14,3,3403,0,2,10.08,,,,CBL,,,,,,,,,,,,,,,
Milly,CBL,P7N,SR012,OVL012,Scar,3,W,3,2,19,21,10,13,3,2588,1,3,10.08,,,,CBL,,,,,,,,,,,,,,,
Ruper,CBL,P7N,SR012,OVL012,Scar,3,W,3,2,30,22,8,24,5,3512,1,4,10.08,,,,CBL,,,,,,,,,,,,,,,
Arcitys,FAW,CBL,SR013,OVL013,Den,3,W,3,1,21,23,4,8,2,2500,1,0,10.00,,,,FAW,FAW,CBL,SR013,OVL013,Den,3,W,3,1,1,2,,,,
KingAbody,FAW,CBL,SR013,OVL013,Den,3,W,3,1,15,20,9,11,3,2111,0,2,10.00,,,,FAW,,,,,,,,,,,,,,,
PaulEhx,FAW,CBL,SR013,OVL013,Den,3,W,3,1,27,14,11,23,7,3242,0,3,10.00,,,,FAW,,,,,,,,,,,,,,,
Priestahh,FAW,CBL,SR013,OVL013,Den,3,W,3,1,23,19,9,19,4,2976,2,3,10.00,,,,FAW,,,,,,,,,,,,,,,
IconZ,CBL,FAW,SR013,OVL013,Den,3,L,1,3,27,21,4,18,8,3381,1,1,10.00,,,,CBL,CBL,FAW,SR013,OVL013,Den,3,L,1,3,1,0,,,,
KB,CBL,FAW,SR013,OVL013,Den,3,L,1,3,24,21,6,16,4,2811,0,3,10.00,,,,CBL,,,,,,,,,,,,,,,
Milly,CBL,FAW,SR013,OVL013,Den,3,L,1,3,9,24,7,7,2,2096,0,0,10.00,,,,CBL,,,,,,,,,,,,,,,
Ruper,CBL,FAW,SR013,OVL013,Den,3,L,1,3,16,20,7,12,2,2392,0,1,10.00,,,,CBL,,,,,,,,,,,,,,,
Capsidal,TBG,CBL,SR014,OVL014,Exposure,3,W,4,2,32,15,3,17,3,3500,0,0,10.00,,,,TBG,TBG,CBL,SR014,OVL014,Exposure,3,W,4,2,,,3,1,,
Prolute,TBG,CBL,SR014,OVL014,Exposure,3,W,4,2,23,18,3,13,3,2600,2,0,10.00,,,,TBG,,,,,,,,,,,,,,,
Spart,TBG,CBL,SR014,OVL014,Exposure,3,W,4,2,20,23,4,12,3,2400,0,0,10.00,,,,TBG,,,,,,,,,,,,,,,
TJHaly,TBG,CBL,SR014,OVL014,Exposure,3,W,4,2,19,23,4,11,3,2300,2,0,10.00,,,,TBG,,,,,,,,,,,,,,,
IconZ,CBL,TBG,SR014,OVL014,Exposure,3,L,2,4,22,25,3,12,3,2500,1,0,10.00,,,,CBL,CBL,TBG,SR014,OVL014,Exposure,3,L,2,4,,,2,0,,
KB,CBL,TBG,SR014,OVL014,Exposure,3,L,2,4,23,21,3,13,3,2600,1,0,10.00,,,,CBL,,,,,,,,,,,,,,,
Milly,CBL,TBG,SR014,OVL014,Exposure,3,L,2,4,12,22,4,6,2,1600,0,0,10.00,,,,CBL,,,,,,,,,,,,,,,
Ruper,CBL,TBG,SR014,OVL014,Exposure,3,L,2,4,22,26,3,12,3,2500,0,0,10.00,,,,CBL,,,,,,,,,,,,,,,
,TBG,CBL,SR014,,,6,,,,,,,,,,,,0.00,,,,TBG,TBG,CBL,SR014,,,6,,0,0,,,,,,
,TBG,CBL,SR014,,,6,,,,,,,,,,,,0.00,,,,TBG,,,,,,,,,,,,,,,
,TBG,CBL,SR014,,,6,,,,,,,,,,,,0.00,,,,TBG,,,,,,,,,,,,,,,
,TBG,CBL,SR014,,,6,,,,,,,,,,,,0.00,,,,TBG,,,,,,,,,,,,,,,
,CBL,TBG,SR014,,,6,,,,,,,,,,,,0.00,,,,CBL,CBL,TBG,SR014,,,6,,0,0,,,,,,
,CBL,TBG,SR014,,,6,,,,,,,,,,,,0.00,,,,CBL,,,,,,,,,,,,,,,
,CBL,TBG,SR014,,,6,,,,,,,,,,,,0.00,,,,CBL,,,,,,,,,,,,,,,
,CBL,TBG,SR014,,,6,,,,,,,,,,,,0.00,,,,CBL,,,,,,,,,,,,,,,
Breszy,CLR,ROC,SR015,,Scar,3,W,3,0,24,23,14,15,4,3053,1,3,10.00,,,,CLR,CLR,ROC,SR015,,Scar,3,W,3,0,,,,,2,1
Cobra,CLR,ROC,SR015,,Scar,3,W,3,0,28,22,9,20,4,3426,1,2,10.00,,,,CLR,,,,,,,,,,,,,,,
Lynz,CLR,ROC,SR015,,Scar,3,W,3,0,29,25,5,19,5,3318,1,2,10.00,,,,CLR,,,,,,,,,,,,,,,
Melko,CLR,ROC,SR015,,Scar,3,W,3,0,17,24,8,11,3,2503,0,2,10.00,,,,CLR,,,,,,,,,,,,,,,
D7oomx,ROC,CLR,SR015,,Scar,3,L,0,3,29,21,5,23,9,2748,0,3,10.00,,,,ROC,ROC,CLR,SR015,,Scar,3,L,0,3,,,,,0,0
D7om,ROC,CLR,SR015,,Scar,3,L,0,3,16,26,11,12,5,2709,0,0,10.00,,,,ROC,,,,,,,,,,,,,,,
Khhx,ROC,CLR,SR015,,Scar,3,L,0,3,28,24,8,20,3,3530,0,4,10.00,,,,ROC,,,,,,,,,,,,,,,
Rxld,ROC,CLR,SR015,,Scar,3,L,0,3,21,27,11,14,3,2664,0,3,10.00,,,,ROC,,,,,,,,,,,,,,,
BBConor,T1G,NFU,SR016,,Scar,3,W,4,3,23,22,11,14,4,3413,0,2,10.07,,,,T1G,T1G,NFU,SR016,,Scar,3,W,4,3,,,,,2,2
Chunk,T1G,NFU,SR016,,Scar,3,W,4,3,27,28,13,19,4,3657,2,5,10.07,,,,T1G,,,,,,,,,,,,,,,
Jvlian,T1G,NFU,SR016,,Scar,3,W,4,3,28,20,9,19,7,3081,1,2,10.07,,,,T1G,,,,,,,,,,,,,,,
Rush,T1G,NFU,SR016,,Scar,3,W,4,3,26,23,9,17,4,2950,1,3,10.07,,,,T1G,,,,,,,,,,,,,,,
Early,NFU,T1G,SR016,,Scar,3,L,3,4,27,26,7,17,4,3230,1,0,10.07,,,,NFU,NFU,T1G,SR016,,Scar,3,L,3,4,,,,,,
Eclw,NFU,T1G,SR016,,Scar,3,L,3,4,14,27,12,7,2,2292,0,1,10.07,,,,NFU,,,,,,,,,,,,,,0,3
Fahad,NFU,T1G,SR016,,Scar,3,L,3,4,30,24,8,22,7,3484,1,3,10.07,,,,NFU,,,,,,,,,,,,,,,
Turki,NFU,T1G,SR016,,Scar,3,L,3,4,22,27,5,13,4,2636,1,3,10.07,,,,NFU,,,,,,,,,,,,,,,
Denza,P7E,LAM,SR017,,Den,3,W,7,0,26,21,4,17,4,2965,1,1,9.62,,,,P7E,P7E,LAM,SR017,,Den,3,W,7,0,4,3,,,,
FDot,P7E,LAM,SR017,,Den,3,W,7,0,23,14,8,18,4,3170,2,0,9.62,,,,P7E,,,,,,,,,,,,,,,
Harry,P7E,LAM,SR017,,Den,3,W,7,0,21,17,9,17,5,2837,3,2,9.62,,,,P7E,,,,,,,,,,,,,,,
Mythix,P7E,LAM,SR017,,Den,3,W,7,0,31,18,4,23,7,3298,1,2,9.62,,,,P7E,,,,,,,,,,,,,,,
Bizzy,LAM,P7E,SR017,,Den,3,L,0,7,17,28,7,10,2,1989,0,2,9.62,,,,LAM,LAM,P7E,SR017,,Den,3,L,0,7,0,0,,,,
Kez,LAM,P7E,SR017,,Den,3,L,0,7,21,24,5,11,3,2259,0,1,9.62,,,,LAM,,,,,,,,,,,,,,,
Lampy,LAM,P7E,SR017,,Den,3,L,0,7,18,26,5,13,3,2506,0,2,9.62,,,,LAM,,,,,,,,,,,,,,,
Ovrlay,LAM,P7E,SR017,,Den,3,L,0,7,14,23,7,7,2,2736,0,3,9.62,,,,LAM,,,,,,,,,,,,,,,
F9ly,ALU,3EN,SR018,,Den,3,W,4,3,23,20,4,16,4,3043,1,2,10.00,,,,ALU,ALU,3EN,SR018,,Den,3,W,0,0,,,,,,
Knox,ALU,3EN,SR018,,Den,3,W,4,3,33,24,6,22,5,3715,1,4,10.00,,,,ALU,,,,,,,,,,,,,,,
Littleboy,ALU,3EN,SR018,,Den,3,W,4,3,20,22,7,14,3,2554,0,1,10.00,,,,ALU,,,,,,,,,,,,,,,
Op,ALU,3EN,SR018,,Den,3,W,4,3,24,23,10,18,3,3238,2,1,10.00,,,,ALU,,,,,,,,,,,,,,,
Aspekt,3EN,ALU,SR018,,Den,3,L,3,4,22,22,9,14,4,3072,2,5,10.00,,,,3EN,3EN,ALU,SR018,,Den,3,L,0,0,,,,,,
Detain,3EN,ALU,SR018,,Den,3,L,3,4,22,24,6,14,4,2676,1,4,10.00,,,,3EN,,,,,,,,,,,,,,,
Henry,3EN,ALU,SR018,,Den,3,L,3,4,23,29,11,14,4,2989,0,1,10.00,,,,3EN,,,,,,,,,,,,,,,
Wailers,3EN,ALU,SR018,,Den,3,L,3,4,22,25,8,12,4,2684,0,3,10.00,,,,3EN,,,,,,,,,,,,,,,
D7oomx,ROC,T1G,SR019,,Scar,3,W,3,2,21,25,6,12,3,2960,1,3,10.27,,,,ROC,ROC,T1G,SR019,,Scar,3,W,3,2,,,,,2,1
D7om,ROC,T1G,SR019,,Scar,3,W,3,2,23,25,6,19,5,2848,1,1,10.27,,,,ROC,,,,,,,,,,,,,,,
Khhx,ROC,T1G,SR019,,Scar,3,W,3,2,28,24,6,19,4,3575,0,3,10.27,,,,ROC,,,,,,,,,,,,,,,
Rxld,ROC,T1G,SR019,,Scar,3,W,3,2,25,31,7,13,2,3093,1,3,10.27,,,,ROC,,,,,,,,,,,,,,,
BBConor,T1G,ROC,SR019,,Scar,3,L,2,3,29,23,16,22,5,4407,1,7,10.27,,,,T1G,T1G,ROC,SR019,,Scar,3,L,2,3,,,,,2,0
Chunk,T1G,ROC,SR019,,Scar,3,L,2,3,24,25,7,16,5,2551,0,0,10.27,,,,T1G,,,,,,,,,,,,,,,
Jvlian,T1G,ROC,SR019,,Scar,3,L,2,3,36,25,13,20,6,3855,1,3,10.27,,,,T1G,,,,,,,,,,,,,,,
Rush,T1G,ROC,SR019,,Scar,3,L,2,3,16,24,10,10,2,2512,0,2,10.27,,,,T1G,,,,,,,,,,,,,,,
Denza,P7E,ALU,SR020,,Den,3,L,1,3,18,26,7,14,3,2805,0,4,10.00,,,,P7E,P7E,ALU,SR020,,Den,3,L,1,3,1,0,,,,
FDot,P7E,ALU,SR020,,Den,3,L,1,3,29,23,6,22,4,3261,0,1,10.00,,,,P7E,,,,,,,,,,,,,,,
Harry,P7E,ALU,SR020,,Den,3,L,1,3,25,24,10,20,4,3113,1,4,10.00,,,,P7E,,,,,,,,,,,,,,,
Mythix,P7E,ALU,SR020,,Den,3,L,1,3,19,20,7,9,3,2548,0,2,10.00,,,,P7E,,,,,,,,,,,,,,,
F9ly,ALU,P7E,SR020,,Den,3,W,3,1,21,24,4,18,4,3088,0,1,10.00,,,,ALU,ALU,P7E,SR020,,Den,3,W,3,1,2,1,,,,
Knox,ALU,P7E,SR020,,Den,3,W,3,1,29,26,9,20,5,3379,3,4,10.00,,,,ALU,,,,,,,,,,,,,,,
Littleboy,ALU,P7E,SR020,,Den,3,W,3,1,22,19,8,13,5,2713,0,0,10.00,,,,ALU,,,,,,,,,,,,,,,
Op,ALU,P7E,SR020,,Den,3,W,3,1,21,22,6,13,2,2659,0,5,10.00,,,,ALU,,,,,,,,,,,,,,,
Breszy,CLR,NFU,SR021,,Den,3,L,7,2,31,19,12,27,7,3700,0,1,9.13,,,,CLR,CLR,NFU,SR021,,Den,3,L,7,2,3,4,,,,
Cobra,CLR,NFU,SR021,,Den,3,L,7,2,26,18,14,16,3,3119,2,2,9.13,,,,CLR,,,,,,,,,,,,,,,
Lynz,CLR,NFU,SR021,,Den,3,L,7,2,23,24,7,15,5,2747,3,3,9.13,,,,CLR,,,,,,,,,,,,,,,
Melko,CLR,NFU,SR021,,Den,3,L,7,2,21,17,5,12,2,2547,2,1,9.13,,,,CLR,,,,,,,,,,,,,,,
Early,NFU,CLR,SR021,,Den,3,L,2,7,18,25,4,12,3,2262,1,3,9.13,,,,NFU,NFU,CLR,SR021,,Den,3,L,2,7,2,0,,,,
Eclw,NFU,CLR,SR021,,Den,3,L,2,7,23,26,11,14,4,2939,1,1,9.13,,,,NFU,,,,,,,,,,,,,,,
Fahad,NFU,CLR,SR021,,Den,3,L,2,7,18,25,4,12,3,2434,0,1,9.13,,,,NFU,,,,,,,,,,,,,,,
Turki,NFU,CLR,SR021,,Den,3,L,2,7,19,25,4,11,3,2380,0,4,9.13,,,,NFU,,,,,,,,,,,,,,,
Bizzy,LAM,3EN,SR022,,Scar,3,L,0,1,22,30,6,14,3,2693,0,2,10.07,,,,LAM,LAM,3EN,SR022,,Scar,3,L,0,0,,,,,,
Kez,LAM,3EN,SR022,,Scar,3,L,0,1,22,23,12,14,3,3009,0,1,10.07,,,,LAM,,,,,,,,,,,,,,,
Lampy,LAM,3EN,SR022,,Scar,3,L,0,1,24,22,9,16,3,2829,0,3,10.07,,,,LAM,,,,,,,,,,,,,,,
Ovrlay,LAM,3EN,SR022,,Scar,3,L,0,1,24,24,5,13,3,3317,0,3,10.07,,,,LAM,,,,,,,,,,,,,,,
Aspekt,3EN,LAM,SR022,,Scar,3,W,1,0,19,27,10,10,2,3158,1,1,10.07,,,,3EN,3EN,LAM,SR022,,Scar,3,W,0,0,,,,,,
Detain,3EN,LAM,SR022,,Scar,3,W,1,0,24,22,6,18,4,2933,0,4,10.07,,,,3EN,,,,,,,,,,,,,,,
Henry,3EN,LAM,SR022,,Scar,3,W,1,0,34,24,4,26,8,3708,0,1,10.07,,,,3EN,,,,,,,,,,,,,,,
Wailers,3EN,LAM,SR022,,Scar,3,W,1,0,22,19,7,19,5,3004,0,2,10.07,,,,3EN,,,,,,,,,,,,,,,
Breszy,CLR,ALU,SR023,,Scar,3,W,4,1,23,25,14,14,3,2866,2,5,10.45,,,,CLR,CLR,ALU,SR023,,Scar,3,W,4,1,,,,,1,3
Cobra,CLR,ALU,SR023,,Scar,3,W,4,1,26,24,14,18,4,4129,1,4,10.45,,,,CLR,,,,,,,,,,,,,,,
Lynz,CLR,ALU,SR023,,Scar,3,W,4,1,37,25,9,25,9,3971,0,2,10.45,,,,CLR,,,,,,,,,,,,,,,
Melko,CLR,ALU,SR023,,Scar,3,W,4,1,29,18,7,23,8,2850,1,2,10.45,,,,CLR,,,,,,,,,,,,,,,
F9ly,ALU,CLR,SR023,,Scar,3,L,1,4,18,27,7,11,3,2540,0,1,10.45,,,,ALU,ALU,CLR,SR023,,Scar,3,L,1,4,,,,,1,0
Knox,ALU,CLR,SR023,,Scar,3,L,1,4,28,31,7,13,3,3159,0,2,10.45,,,,ALU,,,,,,,,,,,,,,,
Littleboy,ALU,CLR,SR023,,Scar,3,L,1,4,26,30,8,16,3,3091,1,1,10.45,,,,ALU,,,,,,,,,,,,,,,
Op,ALU,CLR,SR023,,Scar,3,L,1,4,20,27,13,14,3,2982,0,0,10.45,,,,ALU,,,,,,,,,,,,,,,
BBConor,T1G,3EN,SR024,,Exposure,3,L,2,3,22,22,10,13,3,3248,0,2,10.45,,,,T1G,T1G,3EN,SR024,,Exposure,3,L,0,0,,,,,,
Chunk,T1G,3EN,SR024,,Exposure,3,L,2,3,28,23,9,20,5,3396,2,0,10.45,,,,T1G,,,,,,,,,,,,,,,
Jvlian,T1G,3EN,SR024,,Exposure,3,L,2,3,18,21,9,11,7,3081,0,5,10.45,,,,T1G,,,,,,,,,,,,,,,
Rush,T1G,3EN,SR024,,Exposure,3,L,2,3,21,20,5,17,4,2372,0,0,10.45,,,,T1G,,,,,,,,,,,,,,,
Aspekt,3EN,T1G,SR024,,Exposure,3,W,3,2,19,26,7,13,4,2978,0,3,10.45,,,,3EN,3EN,T1G,SR024,,Exposure,3,W,0,0,,,,,,
Detain,3EN,T1G,SR024,,Exposure,3,W,3,2,22,23,6,12,3,3253,1,3,10.45,,,,3EN,,,,,,,,,,,,,,,
Henry,3EN,T1G,SR024,,Exposure,3,W,3,2,23,21,4,10,3,2700,1,0,10.45,,,,3EN,,,,,,,,,,,,,,,
Wailers,3EN,T1G,SR024,,Exposure,3,W,3,2,22,19,7,13,5,2742,1,2,10.45,,,,3EN,,,,,,,,,,,,,,,
D7oomx,ROC,P7E,SR025,,Scar,3,W,2,1,24,27,12,17,3,3408,0,4,11.02,,,,ROC,ROC,P7E,SR025,,Scar,3,W,2,1,,,,,1,1
D7om,ROC,P7E,SR025,,Scar,3,W,2,1,23,24,6,15,4,2702,0,1,11.02,,,,ROC,,,,,,,,,,,,,,,
Khhx,ROC,P7E,SR025,,Scar,3,W,2,1,27,24,8,17,6,3109,1,2,11.02,,,,ROC,,,,,,,,,,,,,,,
Rxld,ROC,P7E,SR025,,Scar,3,W,2,1,20,26,9,14,3,2674,0,0,11.02,,,,ROC,,,,,,,,,,,,,,,
Denza,P7E,ROC,SR025,,Scar,3,L,1,2,24,26,10,12,3,3013,0,1,11.02,,,,P7E,P7E,ROC,SR025,,Scar,3,L,1,2,,,,,0,1
FDot,P7E,ROC,SR025,,Scar,3,L,1,2,23,22,8,16,5,2865,1,3,11.02,,,,P7E,,,,,,,,,,,,,,,
Harry,P7E,ROC,SR025,,Scar,3,L,1,2,28,22,10,19,5,3366,0,2,11.02,,,,P7E,,,,,,,,,,,,,,,
Mythix,P7E,ROC,SR025,,Scar,3,L,1,2,26,24,13,16,4,3484,0,4,11.02,,,,P7E,,,,,,,,,,,,,,,
Breszy,CLR,3EN,SR026,,Den,3,W,8,3,27,21,8,21,5,3083,1,2,9.75,,,,CLR,CLR,3EN,SR026,,Den,3,W,0,0,,,,,,
Cobra,CLR,3EN,SR026,,Den,3,W,8,3,25,22,12,17,4,3629,2,1,9.75,,,,CLR,,,,,,,,,,,,,,,
Lynz,CLR,3EN,SR026,,Den,3,W,8,3,25,26,8,18,5,2844,3,0,9.75,,,,CLR,,,,,,,,,,,,,,,
Melko,CLR,3EN,SR026,,Den,3,W,8,3,22,21,11,17,4,2575,2,3,9.75,,,,CLR,,,,,,,,,,,,,,,
Aspekt,3EN,CLR,SR026,,Den,3,L,3,8,19,25,5,9,4,2117,2,2,9.75,,,,3EN,3EN,CLR,SR026,,Den,3,L,0,0,,,,,,
Detain,3EN,CLR,SR026,,Den,3,L,3,8,23,20,11,18,6,3122,0,2,9.75,,,,3EN,,,,,,,,,,,,,,,
Henry,3EN,CLR,SR026,,Den,3,L,3,8,23,23,5,16,4,2881,1,1,9.75,,,,3EN,,,,,,,,,,,,,,,
Wailers,3EN,CLR,SR026,,Den,3,L,3,8,21,26,5,14,4,2287,0,1,9.75,,,,3EN,,,,,,,,,,,,,,,
Denza,P7E,CLR,SR027,,Scar,3,W,2,2,28,23,6,17,5,2947,1,4,11.97,,,,P7E,P7E,CLR,SR027,,Scar,3,W,2,2,,,,,1,1
FDot,P7E,CLR,SR027,,Scar,3,W,2,2,31,24,12,19,4,3976,1,5,11.97,,,,P7E,,,,,,,,,,,,,,,
Harry,P7E,CLR,SR027,,Scar,3,W,2,2,28,22,7,21,4,3118,0,5,11.97,,,,P7E,,,,,,,,,,,,,,,
Mythix,P7E,CLR,SR027,,Scar,3,W,2,2,25,22,13,16,4,4062,0,1,11.97,,,,P7E,,,,,,,,,,,,,,,
Breszy,CLR,P7E,SR027,,Scar,3,L,2,2,22,26,11,13,4,3349,0,2,11.97,,,,CLR,CLR,P7E,SR027,,Scar,3,L,2,2,,,,,1,1
Cobra,CLR,P7E,SR027,,Scar,3,L,2,2,22,27,12,15,5,3400,0,4,11.97,,,,CLR,,,,,,,,,,,,,,,
Lynz,CLR,P7E,SR027,,Scar,3,L,2,2,25,33,6,16,3,3241,1,3,11.97,,,,CLR,,,,,,,,,,,,,,,
Melko,CLR,P7E,SR027,,Scar,3,L,2,2,22,26,12,13,3,2623,1,1,11.97,,,,CLR,,,,,,,,,,,,,,,
D7oomx,ROC,CLR,SR028,,Scar,3,W,3,2,26,21,15,19,3,3836,1,1,10.13,,,,ROC,ROC,CLR,SR028,,Scar,3,W,3,2,,,,,1,2
D7om,ROC,CLR,SR028,,Scar,3,W,3,2,17,23,4,14,4,2155,1,2,10.13,,,,ROC,,,,,,,,,,,,,,,
Khhx,ROC,CLR,SR028,,Scar,3,W,3,2,27,21,4,21,5,2788,1,4,10.13,,,,ROC,,,,,,,,,,,,,,,
Rxld,ROC,CLR,SR028,,Scar,3,W,3,2,26,23,10,19,6,3408,0,1,10.13,,,,ROC,,,,,,,,,,,,,,,
Breszy,CLR,ROC,SR028,,Scar,3,L,2,3,24,25,9,16,4,3395,0,1,10.13,,,,CLR,CLR,ROC,SR028,,Scar,3,L,2,3,,,,,1,1
Cobra,CLR,ROC,SR028,,Scar,3,L,2,3,23,20,7,17,4,2924,1,1,10.13,,,,CLR,,,,,,,,,,,,,,,
Lynz,CLR,ROC,SR028,,Scar,3,L,2,3,26,28,8,17,3,3369,1,4,10.13,,,,CLR,,,,,,,,,,,,,,,
Melko,CLR,ROC,SR028,,Scar,3,L,2,3,15,23,8,9,2,1845,0,1,10.13,,,,CLR,,,,,,,,,,,,,,,
D7oomx,ROC,CLR,SR028,,Exposure,6,L,2,6,21,19,6,16,4,3197,1,3,10.12,,,,ROC,ROC,CLR,SR028,,Exposure,6,L,2,6,,,0,2,,
D7om,ROC,CLR,SR028,,Exposure,6,L,2,6,12,24,7,10,2,2131,1,1,10.12,,,,ROC,,,,,,,,,,,,,,,
Khhx,ROC,CLR,SR028,,Exposure,6,L,2,6,16,27,7,11,2,2398,0,1,10.12,,,,ROC,,,,,,,,,,,,,,,
Rxld,ROC,CLR,SR028,,Exposure,6,L,2,6,26,23,4,19,6,3287,0,3,10.12,,,,ROC,,,,,,,,,,,,,,,
Breszy,CLR,ROC,SR028,,Exposure,6,W,6,2,21,20,7,12,3,2735,2,4,10.12,,,,CLR,CLR,ROC,SR028,,Exposure,6,W,6,2,,,3,3,,
Cobra,CLR,ROC,SR028,,Exposure,6,W,6,2,29,18,12,21,4,3462,2,2,10.12,,,,CLR,,,,,,,,,,,,,,,
Lynz,CLR,ROC,SR028,,Exposure,6,W,6,2,22,22,9,17,4,2707,1,2,10.12,,,,CLR,,,,,,,,,,,,,,,
Melko,CLR,ROC,SR028,,Exposure,6,W,6,2,20,15,8,17,4,2582,1,0,10.12,,,,CLR,,,,,,,,,,,,,,,
Capsidal,TBG,OMB,SR029,,Exposure,3,L,3,4,25,22,9,17,4,3145,1,2,10.02,,,,TBG,TBG,OMB,SR029,,Exposure,3,L,3,4,,,2,1,,
Prolute,TBG,OMB,SR029,,Exposure,3,L,3,4,24,24,14,16,5,3237,0,0,10.02,,,,TBG,,,,,,,,,,,,,,,
Spart,TBG,OMB,SR029,,Exposure,3,L,3,4,27,24,8,20,4,3348,1,2,10.02,,,,TBG,,,,,,,,,,,,,,,
TJHaly,TBG,OMB,SR029,,Exposure,3,L,3,4,24,25,9,15,4,3055,1,4,10.02,,,,TBG,,,,,,,,,,,,,,,
Brack,OMB,TBG,SR029,,Exposure,3,W,4,3,22,25,6,13,2,2983,3,4,10.02,,,,OMB,OMB,TBG,SR029,,Exposure,3,W,4,3,,,2,2,,
Alluka,OMB,TBG,SR029,,Exposure,3,W,4,3,28,22,8,22,4,3437,0,2,10.02,,,,OMB,,,,,,,,,,,,,,,
FeLo,OMB,TBG,SR029,,Exposure,3,W,4,3,21,25,10,13,2,2974,1,1,10.02,,,,OMB,,,,,,,,,,,,,,,
Nate,OMB,TBG,SR029,,Exposure,3,W,4,3,24,28,8,9,3,2956,0,2,10.02,,,,OMB,,,,,,,,,,,,,,,
2Real,P7N,HUN,SR030,,Den,3,W,4,3,22,26,5,14,3,2672,1,2,10.12,,,,P7N,P7N,HUN,SR030,,Den,3,W,4,3,2,2,,,,
Gio,P7N,HUN,SR030,,Den,3,W,4,3,28,23,5,23,5,3492,1,2,10.12,,,,P7N,,,,,,,,,,,,,,,
Owakening,P7N,HUN,SR030,,Den,3,W,4,3,15,21,12,11,4,2948,0,2,10.12,,,,P7N,,,,,,,,,,,,,,,
Uli,P7N,HUN,SR030,,Den,3,W,4,3,18,27,3,10,3,2778,2,4,10.12,,,,P7N,,,,,,,,,,,,,,,
Nium,HUN,P7N,SR030,,Den,3,L,3,4,29,21,6,18,4,3532,0,2,10.12,,,,HUN,HUN,P7N,SR030,,Den,3,L,3,4,1,2,,,,
RSPI,HUN,P7N,SR030,,Den,3,L,3,4,26,17,5,24,9,3063,0,2,10.12,,,,HUN,,,,,,,,,,,,,,,
Renegade,HUN,P7N,SR030,,Den,3,L,3,4,21,23,4,14,2,2471,1,3,10.12,,,,HUN,,,,,,,,,,,,,,,
Kips,HUN,P7N,SR030,,Den,3,L,3,4,21,22,10,16,3,2871,2,2,10.12,,,,HUN,,,,,,,,,,,,,,,
IconZ,CBL,FAC,SR031,,Scar,3,W,3,1,28,27,6,19,5,3281,0,3,10.07,,,,CBL,CBL,FAC,SR031,,Scar,3,W,3,1,,,,,0,3
KB,CBL,FAC,SR031,,Scar,3,W,3,1,22,21,11,16,3,3189,0,2,10.07,,,,CBL,,,,,,,,,,,,,,,
Milly,CBL,FAC,SR031,,Scar,3,W,3,1,27,21,7,18,3,3483,2,1,10.07,,,,CBL,,,,,,,,,,,,,,,
Ruper,CBL,FAC,SR031,,Scar,3,W,3,1,25,24,4,15,3,2831,1,2,10.07,,,,CBL,,,,,,,,,,,,,,,
Manny,FAC,CBL,SR031,,Scar,3,L,1,3,19,24,11,15,3,3007,0,0,10.07,,,,FAC,FAC,CBL,SR031,,Scar,3,L,1,3,,,,,1,0
QK4B,FAC,CBL,SR031,,Scar,3,L,1,3,28,23,6,18,3,3137,0,0,10.07,,,,FAC,,,,,,,,,,,,,,,
Asim,FAC,CBL,SR031,,Scar,3,L,1,3,21,30,9,9,3,2872,1,6,10.07,,,,FAC,,,,,,,,,,,,,,,
Roxas,FAC,CBL,SR031,,Scar,3,L,1,3,25,25,11,17,6,3089,1,6,10.07,,,,FAC,,,,,,,,,,,,,,,
Arcitys,FAW,FUN,SR032,,Den,3,W,7,0,27,16,4,22,7,3451,2,2,10.05,,,,FAW,FAW,FUN,SR032,,Den,3,W,7,0,1,6,,,,
KingAbody,FAW,FUN,SR032,,Den,3,W,7,0,18,20,5,10,3,2464,2,1,10.05,,,,FAW,,,,,,,,,,,,,,,
PaulEhx,FAW,FUN,SR032,,Den,3,W,7,0,24,16,11,21,7,3478,3,0,10.05,,,,FAW,,,,,,,,,,,,,,,
Priestahh,FAW,FUN,SR032,,Den,3,W,7,0,34,20,3,25,7,3930,0,1,10.05,,,,FAW,,,,,,,,,,,,,,,
Dak,FUN,FAW,SR032,,Den,3,L,0,7,14,27,10,8,2,2040,0,2,10.05,,,,FUN,FUN,FAW,SR032,,Den,3,L,0,7,0,0,,,,
Flames,FUN,FAW,SR032,,Den,3,L,0,7,20,26,5,15,2,2433,0,2,10.05,,,,FUN,,,,,,,,,,,,,,,
Gunsiii,FUN,FAW,SR032,,Den,3,L,0,7,20,25,5,15,3,2638,0,3,10.05,,,,FUN,,,,,,,,,,,,,,,
Whiz,FUN,FAW,SR032,,Den,3,L,0,7,18,25,6,11,3,2459,0,2,10.05,,,,FUN,,,,,,,,,,,,,,,
2Real,P7N,OMB,SR033,,Scar,3,L,5,6,22,30,10,13,3,2961,4,5,10.32,,,,P7N,P7N,OMB,SR033,,Scar,3,L,5,6,,,,,2,3
Gio,P7N,OMB,SR033,,Scar,3,L,5,6,23,28,7,12,4,2941,0,0,10.32,,,,P7N,,,,,,,,,,,,,,,
Owakening,P7N,OMB,SR033,,Scar,3,L,5,6,29,32,14,16,7,3877,0,3,10.32,,,,P7N,,,,,,,,,,,,,,,
Uli,P7N,OMB,SR033,,Scar,3,L,5,6,24,29,17,17,2,3192,1,4,10.32,,,,P7N,,,,,,,,,,,,,,,
Brack,OMB,P7N,SR033,,Scar,3,W,6,5,41,24,9,27,7,4324,1,0,10.32,,,,OMB,OMB,P7N,SR033,,Scar,3,W,6,5,,,,,3,3
Alluka,OMB,P7N,SR033,,Scar,3,W,6,5,30,20,9,21,5,3360,3,1,10.32,,,,OMB,,,,,,,,,,,,,,,
FeLo,OMB,P7N,SR033,,Scar,3,W,6,5,29,27,5,16,4,3101,1,1,10.32,,,,OMB,,,,,,,,,,,,,,,
Nate,OMB,P7N,SR033,,Scar,3,W,6,5,19,27,16,9,3,3146,1,3,10.32,,,,OMB,,,,,,,,,,,,,,,
Capsidal,TBG,HUN,SR034,,Den,3,L,2,3,24,26,10,9,3,2994,1,5,10.00,,,,TBG,TBG,HUN,SR034,,Den,3,L,2,3,1,1,,,,
Prolute,TBG,HUN,SR034,,Den,3,L,2,3,23,27,9,8,2,2875,1,0,10.00,,,,TBG,,,,,,,,,,,,,,,
Spart,TBG,HUN,SR034,,Den,3,L,2,3,25,23,14,14,3,3613,0,3,10.00,,,,TBG,,,,,,,,,,,,,,,
TJHaly,TBG,HUN,SR034,,Den,3,L,2,3,16,25,5,8,2,2321,0,1,10.00,,,,TBG,,,,,,,,,,,,,,,
Nium,HUN,TBG,SR034,,Den,3,W,3,2,31,21,8,24,6,3572,1,7,10.00,,,,HUN,HUN,TBG,SR034,,Den,3,W,3,2,3,0,,,,
RSPI,HUN,TBG,SR034,,Den,3,W,3,2,23,24,9,16,3,2715,2,1,10.00,,,,HUN,,,,,,,,,,,,,,,
Renegade,HUN,TBG,SR034,,Den,3,W,3,2,28,18,6,21,5,3274,0,4,10.00,,,,HUN,,,,,,,,,,,,,,,
Kips,HUN,TBG,SR034,,Den,3,W,3,2,19,25,15,14,4,2588,0,1,10.00,,,,HUN,,,,,,,,,,,,,,,
Arcitys,FAW,FAC,SR035,,Scar,3,W,5,4,20,22,11,12,3,2982,0,0,10.00,,,,FAW,FAW,FAC,SR035,,Scar,3,W,5,4,,,,,2,3
KingAbody,FAW,FAC,SR035,,Scar,3,W,5,4,23,28,10,13,5,3183,1,2,10.00,,,,FAW,,,,,,,,,,,,,,,
PaulEhx,FAW,FAC,SR035,,Scar,3,W,5,4,25,23,7,17,4,2829,3,2,10.00,,,,FAW,,,,,,,,,,,,,,,
Priestahh,FAW,FAC,SR035,,Scar,3,W,5,4,36,24,14,26,6,4093,1,3,10.00,,,,FAW,,,,,,,,,,,,,,,
Manny,FAC,FAW,SR035,,Scar,3,L,4,5,20,29,13,13,5,2760,1,0,10.00,,,,FAC,FAC,FAW,SR035,,Scar,3,L,4,5,,,,,4,0
QK4B,FAC,FAW,SR035,,Scar,3,L,4,5,22,23,8,17,4,3126,1,2,10.00,,,,FAC,,,,,,,,,,,,,,,
Asim,FAC,FAW,SR035,,Scar,3,L,4,5,26,29,3,17,4,3418,1,2,10.00,,,,FAC,,,,,,,,,,,,,,,
Roxas,FAC,FAW,SR035,,Scar,3,L,4,5,29,23,9,21,4,3620,1,1,10.00,,,,FAC,,,,,,,,,,,,,,,
IconZ,CBL,FUN,SR036,,Den,3,W,8,1,24,16,9,16,6,2839,0,2,8.37,,,,CBL,CBL,FUN,SR036,,Den,3,W,8,1,4,4,,,,
KB,CBL,FUN,SR036,,Den,3,W,8,1,21,19,11,14,3,2628,2,2,8.37,,,,CBL,,,,,,,,,,,,,,,
Milly,CBL,FUN,SR036,,Den,3,W,8,1,18,19,6,9,3,1934,2,0,8.37,,,,CBL,,,,,,,,,,,,,,,
Ruper,CBL,FUN,SR036,,Den,3,W,8,1,23,15,7,19,4,2282,4,3,8.37,,,,CBL,,,,,,,,,,,,,,,
Dak,FUN,CBL,SR036,,Den,3,L,1,8,15,22,8,7,3,2272,0,0,8.37,,,,FUN,FUN,CBL,SR036,,Den,3,L,1,8,1,0,,,,
Flames,FUN,CBL,SR036,,Den,3,L,1,8,21,17,5,17,5,2243,0,0,8.37,,,,FUN,,,,,,,,,,,,,,,
Gunsiii,FUN,CBL,SR036,,Den,3,L,1,8,16,26,9,6,2,2725,1,1,8.37,,,,FUN,,,,,,,,,,,,,,,
Whiz,FUN,CBL,SR036,,Den,3,L,1,8,17,21,4,14,4,2188,0,2,8.37,,,,FUN,,,,,,,,,,,,,,,
Manny,FAC,HUN,SR037,,Den,3,W,5,2,21,22,11,19,5,3110,1,0,10.13,,,,FAC,FAC,HUN,SR037,,Den,3,W,5,2,3,2,,,,
QK4B,FAC,HUN,SR037,,Den,3,W,5,2,27,20,7,20,5,3141,0,4,10.13,,,,FAC,,,,,,,,,,,,,,,
Asim,FAC,HUN,SR037,,Den,3,W,5,2,26,22,7,15,4,2862,2,4,10.13,,,,FAC,,,,,,,,,,,,,,,
Roxas,FAC,HUN,SR037,,Den,3,W,5,2,26,18,8,18,5,2969,2,4,10.13,,,,FAC,,,,,,,,,,,,,,,
Nium,HUN,FAC,SR037,,Den,3,L,2,5,25,24,7,18,3,3127,0,3,10.13,,,,HUN,HUN,FAC,SR037,,Den,3,L,2,5,2,0,,,,
RSPI,HUN,FAC,SR037,,Den,3,L,2,5,14,28,10,7,2,2177,1,0,10.13,,,,HUN,,,,,,,,,,,,,,,
Renegade,HUN,FAC,SR037,,Den,3,L,2,5,17,22,8,11,3,2203,0,4,10.13,,,,HUN,,,,,,,,,,,,,,,
Kips,HUN,FAC,SR037,,Den,3,L,2,5,26,26,8,17,4,3196,1,1,10.13,,,,HUN,,,,,,,,,,,,,,,
2Real,P7N,CBL,SR038,,Scar,3,L,2,4,26,26,8,20,5,3073,1,3,10.42,,,,P7N,P7N,CBL,SR038,,Scar,3,L,2,4,,,,,2,0
Gio,P7N,CBL,SR038,,Scar,3,L,2,4,29,30,10,16,2,3686,1,1,10.42,,,,P7N,,,,,,,,,,,,,,,
Owakening,P7N,CBL,SR038,,Scar,3,L,2,4,27,25,9,15,3,3686,0,1,10.42,,,,P7N,,,,,,,,,,,,,,,
Uli,P7N,CBL,SR038,,Scar,3,L,2,4,23,29,11,11,4,3016,0,2,10.42,,,,P7N,,,,,,,,,,,,,,,
IconZ,CBL,P7N,SR038,,Scar,3,W,4,2,28,29,18,16,4,3401,0,1,10.42,,,,CBL,CBL,P7N,SR038,,Scar,3,W,4,2,,,,,3,1
KB,CBL,P7N,SR038,,Scar,3,W,4,2,27,28,11,22,3,2949,1,5,10.42,,,,CBL,,,,,,,,,,,,,,,
Milly,CBL,P7N,SR038,,Scar,3,W,4,2,30,26,13,19,3,3764,2,2,10.42,,,,CBL,,,,,,,,,,,,,,,
Ruper,CBL,P7N,SR038,,Scar,3,W,4,2,25,22,14,15,5,3279,1,2,10.42,,,,CBL,,,,,,,,,,,,,,,
Arcitys,FAW,OMB,SR039,,Scar,3,L,2,4,13,24,8,6,3,2244,0,1,10.00,,,,FAW,FAW,OMB,SR039,,Scar,3,L,2,4,,,,,0,2
KingAbody,FAW,OMB,SR039,,Scar,3,L,2,4,29,24,8,22,7,3250,1,2,10.00,,,,FAW,,,,,,,,,,,,,,,
PaulEhx,FAW,OMB,SR039,,Scar,3,L,2,4,26,20,11,21,4,3488,1,2,10.00,,,,FAW,,,,,,,,,,,,,,,
Priestahh,FAW,OMB,SR039,,Scar,3,L,2,4,22,27,10,13,3,3164,0,3,10.00,,,,FAW,,,,,,,,,,,,,,,
Brack,OMB,FAW,SR039,,Scar,3,W,4,2,19,18,6,13,6,2597,1,3,10.00,,,,OMB,OMB,FAW,SR039,,Scar,3,W,4,2,,,,,1,3
Alluka,OMB,FAW,SR039,,Scar,3,W,4,2,27,25,6,19,3,2730,0,1,10.00,,,,OMB,,,,,,,,,,,,,,,
FeLo,OMB,FAW,SR039,,Scar,3,W,4,2,24,23,11,19,3,3361,2,4,10.00,,,,OMB,,,,,,,,,,,,,,,
Nate,OMB,FAW,SR039,,Scar,3,W,4,2,25,24,6,15,5,2968,1,0,10.00,,,,OMB,,,,,,,,,,,,,,,
2Real,P7N,FAC,SR040,,Den,3,W,6,3,23,19,2,19,6,2798,0,2,8.85,,,,P7N,P7N,FAC,SR040,,Den,3,W,6,3,2,4,,,,
Gio,P7N,FAC,SR040,,Den,3,W,6,3,17,19,10,13,4,2511,2,3,8.85,,,,P7N,,,,,,,,,,,,,,,
Owakening,P7N,FAC,SR040,,Den,3,W,6,3,34,17,9,25,8,3928,3,1,8.85,,,,P7N,,,,,,,,,,,,,,,
Uli,P7N,FAC,SR040,,Den,3,W,6,3,23,21,7,14,5,2998,1,0,8.85,,,,P7N,,,,,,,,,,,,,,,
Manny,FAC,P7N,SR040,,Den,3,L,3,6,16,27,10,9,3,2488,0,2,8.85,,,,FAC,FAC,P7N,SR040,,Den,3,L,3,6,0,3,,,,
QK4B,FAC,P7N,SR040,,Den,3,L,3,6,20,25,4,15,5,2596,0,2,8.85,,,,FAC,,,,,,,,,,,,,,,
Asim,FAC,P7N,SR040,,Den,3,L,3,6,18,23,7,11,3,1922,2,1,8.85,,,,FAC,,,,,,,,,,,,,,,
Roxas,FAC,P7N,SR040,,Den,3,L,3,6,22,22,8,12,3,2601,1,2,8.85,,,,FAC,,,,,,,,,,,,,,,
2Real,P7N,OMB,SR041,,Scar,3,L,1,4,23,29,11,17,5,3359,0,4,10.00,,,,P7N,P7N,OMB,SR041,,Scar,3,L,1,4,,,,,0,1
Gio,P7N,OMB,SR041,,Scar,3,L,1,4,23,27,5,12,3,3091,0,2,10.00,,,,P7N,,,,,,,,,,,,,,,
Owakening,P7N,OMB,SR041,,Scar,3,L,1,4,23,26,11,17,3,3461,0,1,10.00,,,,P7N,,,,,,,,,,,,,,,
Uli,P7N,OMB,SR041,,Scar,3,L,1,4,26,29,11,17,5,3359,0,4,10.00,,,,P7N,,,,,,,,,,,,,,,
Brack,OMB,P7N,SR041,,Scar,3,W,4,1,24,25,4,15,5,2577,1,2,10.00,,,,OMB,OMB,P7N,SR041,,Scar,3,W,4,1,,,,,2,2
Alluka,OMB,P7N,SR041,,Scar,3,W,4,1,41,21,9,33,6,5006,0,2,10.00,,,,OMB,,,,,,,,,,,,,,,
FeLo,OMB,P7N,SR041,,Scar,3,W,4,1,25,22,15,22,4,3946,1,3,10.00,,,,OMB,,,,,,,,,,,,,,,
Nate,OMB,P7N,SR041,,Scar,3,W,4,1,21,27,6,15,3,2361,2,4,10.00,,,,OMB,,,,,,,,,,,,,,,
Arcitys,FAW,OMB,SR042,,Scar,3,L,3,3,20,18,7,16,4,2425,1,2,11.65,,,,FAW,FAW,OMB,SR042,,Scar,3,L,3,3,,,,,0,3
KingAbody,FAW,OMB,SR042,,Scar,3,L,3,3,21,29,10,13,3,2693,1,1,11.65,,,,FAW,,,,,,,,,,,,,,,
PaulEhx,FAW,OMB,SR042,,Scar,3,L,3,3,22,20,9,14,5,3046,1,1,11.65,,,,FAW,,,,,,,,,,,,,,,
Priestahh,FAW,OMB,SR042,,Scar,3,L,3,3,35,21,7,26,6,4045,0,3,11.65,,,,FAW,,,,,,,,,,,,,,,
Brack,OMB,FAW,SR042,,Scar,3,W,3,3,26,24,11,16,4,3030,0,2,11.65,,,,OMB,OMB,FAW,SR042,,Scar,3,W,3,3,,,,,1,2
Alluka,OMB,FAW,SR042,,Scar,3,W,3,3,18,29,11,10,2,3182,1,0,11.65,,,,OMB,,,,,,,,,,,,,,,
FeLo,OMB,FAW,SR042,,Scar,3,W,3,3,21,24,11,16,3,2672,1,4,11.65,,,,OMB,,,,,,,,,,,,,,,
Nate,OMB,FAW,SR042,,Scar,3,W,3,3,23,21,5,18,4,2464,1,3,11.65,,,,OMB,,,,,,,,,,,,,,,
Arcitys,FAW,OMB,SR042,,Den,6,L,2,3,19,20,9,16,5,2534,0,3,10.50,,,,FAW,FAW,OMB,SR042,,Den,6,L,2,3,2,0,,,,
KingAbody,FAW,OMB,SR042,,Den,6,L,2,3,16,23,14,11,2,2474,0,2,10.50,,,,FAW,,,,,,,,,,,,,,,
PaulEhx,FAW,OMB,SR042,,Den,6,L,2,3,24,20,11,17,3,2877,1,4,10.50,,,,FAW,,,,,,,,,,,,,,,
Priestahh,FAW,OMB,SR042,,Den,6,L,2,3,28,22,7,20,4,3401,1,3,10.50,,,,FAW,,,,,,,,,,,,,,,
Brack,OMB,FAW,SR042,,Den,6,W,3,2,26,20,6,18,3,3157,2,0,10.50,,,,OMB,OMB,FAW,SR042,,Den,6,W,3,2,2,1,,,,
Alluka,OMB,FAW,SR042,,Den,6,W,3,2,27,22,7,18,4,2855,0,4,10.50,,,,OMB,,,,,,,,,,,,,,,
FeLo,OMB,FAW,SR042,,Den,6,W,3,2,20,20,9,13,3,3009,1,0,10.50,,,,OMB,,,,,,,,,,,,,,,
Nate,OMB,FAW,SR042,,Den,6,W,3,2,12,25,5,5,2,1860,0,1,10.50,,,,OMB,,,,,,,,,,,,,,,
,CLR,OAC,SR043,,,3,,,,,,,,,,,,0.00,,,,CLR,CLR,OAC,SR043,,,3,,0,0,,,,,,
,CLR,OAC,SR043,,,3,,,,,,,,,,,,0.00,,,,CLR,,,,,,,,,,,,,,,
,CLR,OAC,SR043,,,3,,,,,,,,,,,,0.00,,,,CLR,,,,,,,,,,,,,,,
,CLR,OAC,SR043,,,3,,,,,,,,,,,,0.00,,,,CLR,,,,,,,,,,,,,,,
,OAC,CLR,SR043,,,3,,,,,,,,,,,,0.00,,,,OAC,OAC,CLR,SR043,,,3,,0,0,,,,,,
,OAC,CLR,SR043,,,3,,,,,,,,,,,,0.00,,,,OAC,,,,,,,,,,,,,,,
,OAC,CLR,SR043,,,3,,,,,,,,,,,,0.00,,,,OAC,,,,,,,,,,,,,,,
,OAC,CLR,SR043,,,3,,,,,,,,,,,,0.00,,,,OAC,,,,,,,,,,,,,,,
Aspekt,DHE,T1G,SR044,,Scar,3,L,5,5,27,26,9,18,6,3368,1,2,10.97,,,,DHE,DHE,T1G,SR044,,Scar,3,L,5,5,,,,,3,2
Detain,DHE,T1G,SR044,,Scar,3,L,5,5,22,27,14,16,3,3194,0,0,10.97,,,,DHE,,,,,,,,,,,,,,,
Mighty,DHE,T1G,SR044,,Scar,3,L,5,5,30,26,8,19,5,3658,1,2,10.97,,,,DHE,,,,,,,,,,,,,,,
Syqz,DHE,T1G,SR044,,Scar,3,L,5,5,17,24,9,11,2,2207,3,1,10.97,,,,DHE,,,,,,,,,,,,,,,
BBConor,T1G,DHE,SR044,,Scar,3,W,5,5,30,22,10,21,6,3796,1,1,10.97,,,,T1G,T1G,DHE,SR044,,Scar,3,W,5,5,,,,,,
Chunk,T1G,DHE,SR044,,Scar,3,W,5,5,20,25,14,12,4,3230,2,1,10.97,,,,T1G,,,,,,,,,,,,,,4,1
Jvlian,T1G,DHE,SR044,,Scar,3,W,5,5,21,25,9,14,4,3031,1,1,10.97,,,,T1G,,,,,,,,,,,,,,,
Rush,T1G,DHE,SR044,,Scar,3,W,5,5,32,24,7,25,9,3188,1,2,10.97,,,,T1G,,,,,,,,,,,,,,,
,,,,,,3,L,,,,,,,,,,,0.00,,,,,,,,,,3,L,0,0,,,,,,
,,,,,,3,L,,,,,,,,,,,0.00,,,,,,,,,,,,,,,,,,,
,,,,,,3,L,,,,,,,,,,,0.00,,,,,,,,,,,,,,,,,,,
,,,,,,3,L,,,,,,,,,,,0.00,,,,,,,,,,,,,,,,,,,
,,,,,,3,L,,,,,,,,,,,0.00,,,,,,,,,,3,L,0,0,,,,,,
,,,,,,3,L,,,,,,,,,,,0.00,,,,,,,,,,,,,,,,,,,
,,,,,,3,L,,,,,,,,,,,0.00,,,,,,,,,,,,,,,,,,,
,,,,,,3,L,,,,,,,,,,,0.00,,,,,,,,,,,,,,,,,,,
Denza,P7E,LAM,SR045,,Scar,3,L,3,5,23,30,11,11,3,3248,1,1,10.33,,,,P7E,P7E,LAM,SR045,,Scar,3,L,5,3,,,,,2,3
FDot,P7E,LAM,SR045,,Scar,3,L,3,5,22,28,6,14,2,3328,2,4,10.33,,,,P7E,,,,,,,,,,,,,,,
Harry,P7E,LAM,SR045,,Scar,3,L,3,5,29,25,12,20,5,4000,0,2,10.33,,,,P7E,,,,,,,,,,,,,,,
Mythix,P7E,LAM,SR045,,Scar,3,L,3,5,34,24,11,29,5,3619,0,2,10.33,,,,P7E,,,,,,,,,,,,,,,
Henry,LAM,P7E,SR045,,Scar,3,W,5,3,27,27,15,20,4,3272,0,2,10.33,,,,LAM,LAM,P7E,SR045,,Scar,3,W,3,5,,,,,2,1
Kez,LAM,P7E,SR045,,Scar,3,W,5,3,33,25,9,23,3,3474,2,4,10.33,,,,LAM,,,,,,,,,,,,,,,
Lampy,LAM,P7E,SR045,,Scar,3,W,5,3,18,27,14,15,5,2711,0,0,10.33,,,,LAM,,,,,,,,,,,,,,,
Ovrlay,LAM,P7E,SR045,,Scar,3,W,5,3,29,29,16,19,3,3547,3,3,10.33,,,,LAM,,,,,,,,,,,,,,,
Breszy,CLR,DHE,SR046,,Den,3,W,6,4,24,25,8,11,4,2817,1,1,9.90,,,,CLR,CLR,DHE,SR046,,Den,3,W,6,4,4,2,,,,
Cobra,CLR,DHE,SR046,,Den,3,W,6,4,20,20,16,13,4,2757,3,2,9.90,,,,CLR,,,,,,,,,,,,,,,
Lynz,CLR,DHE,SR046,,Den,3,W,6,4,38,23,11,30,6,3813,0,3,9.90,,,,CLR,,,,,,,,,,,,,,,
Melko,CLR,DHE,SR046,,Den,3,W,6,4,18,17,15,13,3,2675,2,1,9.90,,,,CLR,,,,,,,,,,,,,,,
Aspekt,DHE,CLR,SR046,,Den,3,L,4,6,19,27,10,11,3,2502,2,3,9.90,,,,DHE,DHE,CLR,SR046,,Den,3,L,4,6,2,2,,,,
Detain,DHE,CLR,SR046,,Den,3,L,4,6,21,27,4,10,3,2100,0,0,9.90,,,,DHE,,,,,,,,,,,,,,,
Mighty,DHE,CLR,SR046,,Den,3,L,4,6,27,19,5,21,5,2774,1,3,9.90,,,,DHE,,,,,,,,,,,,,,,
Syqz,DHE,CLR,SR046,,Den,3,L,4,6,17,27,11,10,2,2417,1,2,9.90,,,,DHE,,,,,,,,,,,,,,,
D3,D3L,P7E,SR047,,Scar,3,W,4,3,27,27,13,15,4,3755,1,0,10.18,,,,D3L,D3L,P7E,SR047,,Scar,3,W,4,3,,,,,1,3
Dany,D3L,P7E,SR047,,Scar,3,W,4,3,31,30,11,19,4,3563,0,2,10.18,,,,D3L,,,,,,,,,,,,,,,
Depa,D3L,P7E,SR047,,Scar,3,W,4,3,24,32,14,13,3,3001,2,5,10.18,,,,D3L,,,,,,,,,,,,,,,
Nadox,D3L,P7E,SR047,,Scar,3,W,4,3,30,28,16,21,5,3926,1,5,10.18,,,,D3L,,,,,,,,,,,,,,,
Denza,P7E,D3L,SR047,,Scar,3,L,3,4,26,29,12,18,3,2970,1,2,10.18,,,,P7E,P7E,D3L,SR047,,Scar,3,L,3,4,,,,,2,1
FDot,P7E,D3L,SR047,,Scar,3,L,3,4,28,26,17,20,6,3645,1,2,10.18,,,,P7E,,,,,,,,,,,,,,,
Harry,P7E,D3L,SR047,,Scar,3,L,3,4,28,28,12,15,3,3797,0,4,10.18,,,,P7E,,,,,,,,,,,,,,,
Mythix,P7E,D3L,SR047,,Scar,3,L,3,4,35,29,10,25,3,4028,1,3,10.18,,,,P7E,,,,,,,,,,,,,,,
Blade,OAC,T1G,SR048,,Exposure,3,L,1,6,15,26,13,11,3,2218,0,0,10.23,,,,OAC,OAC,T1G,SR048,,Exposure,3,L,1,6,,,1,0,,
Ellys,OAC,T1G,SR048,,Exposure,3,L,1,6,20,27,13,11,3,2431,0,3,10.23,,,,OAC,,,,,,,,,,,,,,,
Krona,OAC,T1G,SR048,,Exposure,3,L,1,6,20,27,12,13,4,2669,0,2,10.23,,,,OAC,,,,,,,,,,,,,,,
Terra,OAC,T1G,SR048,,Exposure,3,L,1,6,26,29,10,18,5,2704,1,2,10.23,,,,OAC,,,,,,,,,,,,,,,
BBConor,T1G,OAC,SR048,,Exposure,3,L,6,1,31,20,14,21,4,2867,0,5,10.23,,,,T1G,T1G,OAC,SR048,,Exposure,3,L,6,1,,,5,1,,
Chunk,T1G,OAC,SR048,,Exposure,3,L,6,1,30,18,16,21,7,3907,2,2,10.23,,,,T1G,,,,,,,,,,,,,,,
Jvlian,T1G,OAC,SR048,,Exposure,3,L,6,1,29,22,10,24,4,3228,2,4,10.23,,,,T1G,,,,,,,,,,,,,,,
Rush,T1G,OAC,SR048,,Exposure,3,L,6,1,19,21,8,10,3,1963,2,2,10.23,,,,T1G,,,,,,,,,,,,,,,
D7oomx,ROC,LAM,SR049,,Scar,3,W,6,5,22,19,7,16,5,2250,3,0,8.48,,,,ROC,ROC,LAM,SR049,,Scar,3,W,6,5,,,,,4,2
D7om,ROC,LAM,SR049,,Scar,3,W,6,5,32,20,4,21,6,3654,1,2,8.48,,,,ROC,,,,,,,,,,,,,,,
Khhx,ROC,LAM,SR049,,Scar,3,W,6,5,15,19,14,12,4,2781,0,0,8.48,,,,ROC,,,,,,,,,,,,,,,
Rxld,ROC,LAM,SR049,,Scar,3,W,6,5,22,18,6,17,5,2361,2,1,8.48,,,,ROC,,,,,,,,,,,,,,,
Henry,LAM,ROC,SR049,,Scar,3,L,5,6,18,22,7,12,2,2214,2,0,8.48,,,,LAM,LAM,ROC,SR049,,Scar,3,L,5,6,,,,,4,1
Kez,LAM,ROC,SR049,,Scar,3,L,5,6,16,25,10,7,2,2360,0,0,8.48,,,,LAM,,,,,,,,,,,,,,,
Lampy,LAM,ROC,SR049,,Scar,3,L,5,6,17,21,8,14,5,2145,1,2,8.48,,,,LAM,,,,,,,,,,,,,,,
Ovrlay,LAM,ROC,SR049,,Scar,3,L,5,6,25,23,7,17,2,2360,0,0,8.48,,,,LAM,,,,,,,,,,,,,,,
,,,,,,3,L,,,,,,,,,,,0.00,,,,,,,,,,3,L,0,0,,,,,,
,,,,,,3,L,,,,,,,,,,,0.00,,,,,,,,,,,,,,,,,,,
,,,,,,3,L,,,,,,,,,,,0.00,,,,,,,,,,,,,,,,,,,
,,,,,,3,L,,,,,,,,,,,0.00,,,,,,,,,,,,,,,,,,,
,,,,,,3,L,,,,,,,,,,,0.00,,,,,,,,,,3,L,0,0,,,,,,
,,,,,,3,L,,,,,,,,,,,0.00,,,,,,,,,,,,,,,,,,,
,,,,,,3,L,,,,,,,,,,,0.00,,,,,,,,,,,,,,,,,,,
,,,,,,3,L,,,,,,,,,,,0.00,,,,,,,,,,,,,,,,,,,
Aspekt,DHE,ROC,SR050,,Scar,3,W,4,0,26,22,11,19,6,3038,1,2,10.00,,,,DHE,DHE,ROC,SR050,,Scar,3,W,4,0,,,,,3,1
Detain,DHE,ROC,SR050,,Scar,3,W,4,0,32,23,11,20,5,3588,1,1,10.00,,,,DHE,,,,,,,,,,,,,,,
Mighty,DHE,ROC,SR050,,Scar,3,W,4,0,30,22,5,23,4,3336,1,6,10.00,,,,DHE,,,,,,,,,,,,,,,
Syqz,DHE,ROC,SR050,,Scar,3,W,4,0,26,21,11,20,4,3271,1,1,10.00,,,,DHE,,,,,,,,,,,,,,,
D7oomx,ROC,DHE,SR050,,Scar,3,L,0,4,12,30,11,6,2,2212,0,0,10.00,,,,ROC,ROC,DHE,SR050,,Scar,3,L,0,4,,,,,0,0
D7om,ROC,DHE,SR050,,Scar,3,L,0,4,30,28,9,18,5,3241,0,5,10.00,,,,ROC,,,,,,,,,,,,,,,
Khhx,ROC,DHE,SR050,,Scar,3,L,0,4,26,24,9,18,5,3241,0,5,10.00,,,,ROC,,,,,,,,,,,,,,,
Rxld,ROC,DHE,SR050,,Scar,3,L,0,4,20,32,9,14,3,2681,0,3,10.00,,,,ROC,,,,,,,,,,,,,,,
Breszy,CLR,P7E,SR051,,Den,3,W,4,3,27,25,12,16,5,3608,2,7,10.08,,,,CLR,CLR,P7E,SR051,,Den,3,W,4,3,1,3,,,,
Cobra,CLR,P7E,SR051,,Den,3,W,4,3,26,24,15,17,6,3280,0,4,10.08,,,,CLR,,,,,,,,,,,,,,,
Lynz,CLR,P7E,SR051,,Den,3,W,4,3,21,28,15,15,3,2983,0,2,10.08,,,,CLR,,,,,,,,,,,,,,,
Melko,CLR,P7E,SR051,,Den,3,W,4,3,37,22,6,28,5,3468,2,2,10.08,,,,CLR,,,,,,,,,,,,,,,
Denza,P7E,CLR,SR051,,Den,3,L,3,4,21,31,10,9,3,2408,1,2,10.08,,,,P7E,P7E,CLR,SR051,,Den,3,L,3,4,1,2,,,,
FDot,P7E,CLR,SR051,,Den,3,L,3,4,25,31,14,13,3,3263,1,1,10.08,,,,P7E,,,,,,,,,,,,,,,
Harry,P7E,CLR,SR051,,Den,3,L,3,4,27,25,12,18,4,3199,1,3,10.08,,,,P7E,,,,,,,,,,,,,,,
Mythix,P7E,CLR,SR051,,Den,3,L,3,4,26,25,13,17,3,3291,0,2,10.08,,,,P7E,,,,,,,,,,,,,,,
Aspekt,DHE,D3L,SR052,,Scar,3,L,0,7,27,31,11,16,5,3428,0,2,10.00,,,,DHE,DHE,D3L,SR052,,Scar,3,L,0,7,,,,,0,0
Detain,DHE,D3L,SR052,,Scar,3,L,0,7,23,27,9,14,6,3012,0,2,10.00,,,,DHE,,,,,,,,,,,,,,,
Mighty,DHE,D3L,SR052,,Scar,3,L,0,7,23,26,7,17,3,2569,0,5,10.00,,,,DHE,,,,,,,,,,,,,,,
Syqz,DHE,D3L,SR052,,Scar,3,L,0,7,20,31,12,16,5,2521,0,1,10.00,,,,DHE,,,,,,,,,,,,,,,
D3,D3L,DHE,SR052,,Scar,3,W,7,0,27,22,7,20,5,3402,1,2,10.00,,,,D3L,D3L,DHE,SR052,,Scar,3,W,7,0,,,,,5,2
Dany,D3L,DHE,SR052,,Scar,3,W,7,0,24,22,11,19,5,2845,2,3,10.00,,,,D3L,,,,,,,,,,,,,,,
Depa,D3L,DHE,SR052,,Scar,3,W,7,0,31,26,9,22,5,3486,2,4,10.00,,,,D3L,,,,,,,,,,,,,,,
Nadox,D3L,DHE,SR052,,Scar,3,W,7,0,33,23,10,23,5,4212,2,3,10.00,,,,D3L,,,,,,,,,,,,,,,
Denza,P7E,D3L,SR053,,Scar,3,W,4,2,22,23,9,19,3,2805,1,1,10.00,,,,P7E,P7E,D3L,SR053,,Scar,3,W,4,2,,,,,1,3
FDot,P7E,D3L,SR053,,Scar,3,W,4,2,26,24,15,16,4,3273,2,5,10.00,,,,P7E,,,,,,,,,,,,,,,
Harry,P7E,D3L,SR053,,Scar,3,W,4,2,35,23,14,24,4,3761,1,4,10.00,,,,P7E,,,,,,,,,,,,,,,
Mythix,P7E,D3L,SR053,,Scar,3,W,4,2,30,25,9,23,4,3533,0,1,10.00,,,,P7E,,,,,,,,,,,,,,,
D3,D3L,P7E,SR053,,Scar,3,L,2,4,23,32,11,10,3,3345,0,2,10.00,,,,D3L,D3L,P7E,SR053,,Scar,3,L,2,4,,,,,1,1
Dany,D3L,P7E,SR053,,Scar,3,L,2,4,24,25,3,10,3,2400,0,0,10.00,,,,D3L,,,,,,,,,,,,,,,
Depa,D3L,P7E,SR053,,Scar,3,L,2,4,28,32,10,17,4,3539,0,3,10.00,,,,D3L,,,,,,,,,,,,,,,
Nadox,D3L,P7E,SR053,,Scar,3,L,2,4,20,24,10,12,3,3334,2,1,10.00,,,,D3L,,,,,,,,,,,,,,,
Breszy,CLR,P7E,SR054,,Den,3,W,3,1,26,25,13,14,3,3063,1,4,10.02,,,,CLR,CLR,P7E,SR054,,Den,3,W,3,1,2,1,,,,
Cobra,CLR,P7E,SR054,,Den,3,W,3,1,29,20,10,19,4,3681,0,3,10.02,,,,CLR,,,,,,,,,,,,,,,
Lynz,CLR,P7E,SR054,,Den,3,W,3,1,25,20,10,17,3,2938,0,2,10.02,,,,CLR,,,,,,,,,,,,,,,
Melko,CLR,P7E,SR054,,Den,3,W,3,1,28,19,9,19,4,3182,2,2,10.02,,,,CLR,,,,,,,,,,,,,,,
Denza,P7E,CLR,SR054,,Den,3,L,1,3,12,31,10,7,2,1828,0,0,10.02,,,,P7E,P7E,CLR,SR054,,Den,3,L,1,3,0,1,,,,
FDot,P7E,CLR,SR054,,Den,3,L,1,3,24,26,9,16,5,3444,1,5,10.02,,,,P7E,,,,,,,,,,,,,,,
Harry,P7E,CLR,SR054,,Den,3,L,1,3,22,25,5,16,2,2869,0,3,10.02,,,,P7E,,,,,,,,,,,,,,,
Mythix,P7E,CLR,SR054,,Den,3,L,1,3,26,26,4,17,4,3073,0,5,10.02,,,,P7E,,,,,,,,,,,,,,,
Breszy,CLR,P7E,SR054,,Exposure,6,L,2,4,20,26,5,9,3,2594,1,1,10.00,,,,CLR,CLR,P7E,SR054,,Exposure,6,L,2,4,,,2,0,,
Cobra,CLR,P7E,SR054,,Exposure,6,L,2,4,27,22,11,18,4,3830,0,3,10.00,,,,CLR,,,,,,,,,,,,,,,
Lynz,CLR,P7E,SR054,,Exposure,6,L,2,4,22,26,8,14,4,2858,1,3,10.00,,,,CLR,,,,,,,,,,,,,,,
Melko,CLR,P7E,SR054,,Exposure,6,L,2,4,14,22,4,8,2,1622,0,2,10.00,,,,CLR,,,,,,,,,,,,,,,
Denza,P7E,CLR,SR054,,Exposure,6,W,4,2,23,20,8,19,4,2476,1,3,10.00,,,,P7E,P7E,CLR,SR054,,Exposure,6,W,4,2,,,3,1,,
FDot,P7E,CLR,SR054,,Exposure,6,W,4,2,26,20,9,20,5,2775,0,2,10.00,,,,P7E,,,,,,,,,,,,,,,
Harry,P7E,CLR,SR054,,Exposure,6,W,4,2,21,19,14,14,3,3121,2,1,10.00,,,,P7E,,,,,,,,,,,,,,,
Mythix,P7E,CLR,SR054,,Exposure,6,W,4,2,26,24,8,18,4,3357,1,3,10.00,,,,P7E,,,,,,,,,,,,,,,
Arcitys,FAW,FAC,SR055,,Den,3,W,4,3,21,22,14,9,2,2905,1,1,10.17,,,,FAW,FAW,FAC,SR055,,Den,3,W,4,3,2,2,,,,
KingAbody,FAW,FAC,SR055,,Den,3,W,4,3,26,24,6,17,3,3048,1,3,10.17,,,,FAW,,,,,,,,,,,,,,,
PaulEhx,FAW,FAC,SR055,,Den,3,W,4,3,27,21,11,19,3,3683,1,2,10.17,,,,FAW,,,,,,,,,,,,,,,
Priestahh,FAW,FAC,SR055,,Den,3,W,4,3,23,21,7,13,5,2463,1,7,10.17,,,,FAW,,,,,,,,,,,,,,,
Asim,FAC,FAW,SR055,,Den,3,L,3,4,18,27,9,11,4,2087,2,0,10.17,,,,FAC,FAC,FAW,SR055,,Den,3,L,3,4,3,0,,,,
Manny,FAC,FAW,SR055,,Den,3,L,3,4,26,25,3,17,6,2738,0,2,10.17,,,,FAC,,,,,,,,,,,,,,,
QK4B,FAC,FAW,SR055,,Den,3,L,3,4,20,23,13,11,7,3062,1,1,10.17,,,,FAC,,,,,,,,,,,,,,,
Roxas,FAC,FAW,SR055,,Den,3,L,3,4,24,22,8,17,4,2968,0,2,10.17,,,,FAC,,,,,,,,,,,,,,,
2Real,P7N,FCS,SR056,,Den,3,W,4,2,23,23,7,14,3,2489,2,2,10.00,,,,P7N,P7N,FCS,SR056,,Den,3,W,4,2,1,3,,,,
Gio,P7N,FCS,SR056,,Den,3,W,4,2,30,17,10,25,4,3190,0,3,10.00,,,,P7N,,,,,,,,,,,,,,,
Owakening,P7N,FCS,SR056,,Den,3,W,4,2,20,21,15,15,4,3395,2,1,10.00,,,,P7N,,,,,,,,,,,,,,,
Uli,P7N,FCS,SR056,,Den,3,W,4,2,32,21,7,22,3,3661,0,0,10.00,,,,P7N,,,,,,,,,,,,,,,
Encourage,FCS,P7N,SR056,,Den,3,L,2,4,18,27,11,11,3,2987,2,0,10.00,,,,FCS,FCS,P7N,SR056,,Den,3,L,2,4,1,1,,,,
Havok,FCS,P7N,SR056,,Den,3,L,2,4,17,22,9,11,4,2186,0,1,10.00,,,,FCS,,,,,,,,,,,,,,,
Lqgend,FCS,P7N,SR056,,Den,3,L,2,4,22,27,5,12,2,2796,0,4,10.00,,,,FCS,,,,,,,,,,,,,,,
Swooty,FCS,P7N,SR056,,Den,3,L,2,4,25,29,7,18,3,3044,0,5,10.00,,,,FCS,,,,,,,,,,,,,,,
Alluka,OMB,HUN,SR057,,Den,3,W,8,1,17,10,6,16,6,2339,5,0,6.62,,,,OMB,OMB,HUN,SR057,,Den,3,W,8,1,4,4,,,,
Brack,OMB,HUN,SR057,,Den,3,W,8,1,15,13,0,9,3,1620,1,2,6.62,,,,OMB,,,,,,,,,,,,,,,
FeLo,OMB,HUN,SR057,,Den,3,W,8,1,27,12,3,20,8,2705,0,1,6.62,,,,OMB,,,,,,,,,,,,,,,
Nate,OMB,HUN,SR057,,Den,3,W,8,1,18,12,4,14,4,2324,2,0,6.62,,,,OMB,,,,,,,,,,,,,,,
Kips,HUN,OMB,SR057,,Den,3,L,1,8,10,18,8,7,2,1646,1,0,6.62,,,,HUN,HUN,OMB,SR057,,Den,3,L,1,8,0,1,,,,
Nium,HUN,OMB,SR057,,Den,3,L,1,8,12,20,10,8,2,1638,0,3,6.62,,,,HUN,,,,,,,,,,,,,,,
Renegade,HUN,OMB,SR057,,Den,3,L,1,8,15,18,7,9,3,1794,0,1,6.62,,,,HUN,,,,,,,,,,,,,,,
Rspi,HUN,OMB,SR057,,Den,3,L,1,8,10,21,4,3,2,1278,0,2,6.62,,,,HUN,,,,,,,,,,,,,,,
Capsidal,TBG,NXT,SR058,,Exposure,3,L,0,4,24,24,7,18,3,2929,0,3,10.02,,,,TBG,TBG,NXT,SR058,,Exposure,3,L,0,4,,,0,0,,
Fire,TBG,NXT,SR058,,Exposure,3,L,0,4,30,18,5,24,5,2922,0,2,10.02,,,,TBG,,,,,,,,,,,,,,,
Prolute,TBG,NXT,SR058,,Exposure,3,L,0,4,17,24,4,7,2,2200,0,0,10.02,,,,TBG,,,,,,,,,,,,,,,
Spart,TBG,NXT,SR058,,Exposure,3,L,0,4,13,28,12,7,2,2403,0,0,10.02,,,,TBG,,,,,,,,,,,,,,,
DC,NXT,TBG,SR058,,Exposure,3,W,4,0,22,23,8,14,3,3225,0,2,10.02,,,,NXT,NXT,TBG,SR058,,Exposure,3,W,4,0,,,2,2,,
Exceed,NXT,TBG,SR058,,Exposure,3,W,4,0,19,18,7,15,6,2577,1,0,10.02,,,,NXT,,,,,,,,,,,,,,,
Johnny,NXT,TBG,SR058,,Exposure,3,W,4,0,28,22,12,20,5,3407,1,4,10.02,,,,NXT,,,,,,,,,,,,,,,
Standy,NXT,TBG,SR058,,Exposure,3,W,4,0,25,21,4,15,3,2318,2,2,10.02,,,,NXT,,,,,,,,,,,,,,,
Arcitys,FAW,P7N,SR059,,Scar,3,L,4,6,31,26,7,23,3,3769,0,3,10.00,,,,FAW,FAW,P7N,SR059,,Scar,3,L,4,6,,,,,1,3
KingAbody,FAW,P7N,SR059,,Scar,3,L,4,6,18,30,12,10,2,2428,2,0,10.00,,,,FAW,,,,,,,,,,,,,,,
PaulEhx,FAW,P7N,SR059,,Scar,3,L,4,6,28,26,8,17,3,3280,0,3,10.00,,,,FAW,,,,,,,,,,,,,,,
Priestahh,FAW,P7N,SR059,,Scar,3,L,4,6,21,25,9,13,4,2527,2,4,10.00,,,,FAW,,,,,,,,,,,,,,,
2Real,P7N,FAW,SR059,,Scar,3,W,6,4,26,23,7,20,7,3195,3,1,10.00,,,,P7N,P7N,FAW,SR059,,Scar,3,W,6,4,,,,,2,4
Gio,P7N,FAW,SR059,,Scar,3,W,6,4,31,24,7,21,5,3391,1,0,10.00,,,,P7N,,,,,,,,,,,,,,,
Owakening,P7N,FAW,SR059,,Scar,3,W,6,4,32,23,9,21,6,3381,1,1,10.00,,,,P7N,,,,,,,,,,,,,,,
Uli,P7N,FAW,SR059,,Scar,3,W,6,4,18,28,11,7,2,2402,1,3,10.00,,,,P7N,,,,,,,,,,,,,,,
Asim,FAC,FCS,SR060,,Den,3,W,4,2,19,24,10,13,3,2609,0,2,10.03,,,,FAC,FAC,FCS,SR060,,Den,3,W,4,2,1,3,,,,
Manny,FAC,FCS,SR060,,Den,3,W,4,2,20,23,6,15,2,2393,1,4,10.03,,,,FAC,,,,,,,,,,,,,,,
QK4B,FAC,FCS,SR060,,Den,3,W,4,2,29,20,15,24,4,3680,1,2,10.03,,,,FAC,,,,,,,,,,,,,,,
Roxas,FAC,FCS,SR060,,Den,3,W,4,2,24,21,13,20,6,2818,2,3,10.03,,,,FAC,,,,,,,,,,,,,,,
Encourage,FCS,FAC,SR060,,Den,3,L,2,4,23,21,7,16,6,2748,2,0,10.03,,,,FCS,FCS,FAC,SR060,,Den,3,L,2,4,0,2,,,,
Havok,FCS,FAC,SR060,,Den,3,L,2,4,22,23,11,13,4,2949,0,2,10.03,,,,FCS,,,,,,,,,,,,,,,
Lqgend,FCS,FAC,SR060,,Den,3,L,2,4,16,24,6,12,3,1968,0,2,10.03,,,,FCS,,,,,,,,,,,,,,,
Swooty,FCS,FAC,SR060,,Den,3,L,2,4,26,24,8,19,3,3047,0,4,10.03,,,,FCS,,,,,,,,,,,,,,,
Kips,HUN,TBG,SR061,,Den,3,L,1,2,15,22,6,8,3,2079,1,3,10.07,,,,HUN,HUN,TBG,SR061,,Den,3,L,1,2,1,0,,,,
Nium,HUN,TBG,SR061,,Den,3,L,1,2,27,25,7,21,4,3283,0,2,10.07,,,,HUN,,,,,,,,,,,,,,,
Renegade,HUN,TBG,SR061,,Den,3,L,1,2,21,27,10,14,2,2659,0,1,10.07,,,,HUN,,,,,,,,,,,,,,,
Rspi,HUN,TBG,SR061,,Den,3,L,1,2,20,25,8,13,2,2591,0,4,10.07,,,,HUN,,,,,,,,,,,,,,,
Capsidal,TBG,HUN,SR061,,Den,3,W,2,1,24,21,5,15,3,2658,0,4,10.07,,,,TBG,TBG,HUN,SR061,,Den,3,W,2,1,1,1,,,,
Fire,TBG,HUN,SR061,,Den,3,W,2,1,25,17,14,18,4,3286,1,3,10.07,,,,TBG,,,,,,,,,,,,,,,
Prolute,TBG,HUN,SR061,,Den,3,W,2,1,26,24,8,20,5,2918,0,2,10.07,,,,TBG,,,,,,,,,,,,,,,
Spart,TBG,HUN,SR061,,Den,3,W,2,1,23,21,16,18,4,3094,1,2,10.07,,,,TBG,,,,,,,,,,,,,,,
Alluka,OMB,NXT,SR062,,Scar,3,L,0,6,23,24,6,10,3,2500,0,0,8.42,,,,OMB,OMB,NXT,SR062,,Scar,3,L,0,6,,,,,0,0
Brack,OMB,NXT,SR062,,Scar,3,L,0,6,17,27,10,9,2,2521,0,1,8.42,,,,OMB,,,,,,,,,,,,,,,
FeLo,OMB,NXT,SR062,,Scar,3,L,0,6,21,26,11,10,5,3059,0,2,8.42,,,,OMB,,,,,,,,,,,,,,,
Nate,OMB,NXT,SR062,,Scar,3,L,0,6,21,28,6,13,4,2075,0,4,8.42,,,,OMB,,,,,,,,,,,,,,,
DC,NXT,OMB,SR062,,Scar,3,W,6,0,23,22,8,14,4,3056,3,3,8.42,,,,NXT,NXT,OMB,SR062,,Scar,3,W,6,0,,,,,2,4
Exceed,NXT,OMB,SR062,,Scar,3,W,6,0,22,17,4,14,4,2841,1,2,8.42,,,,NXT,,,,,,,,,,,,,,,
Johnny,NXT,OMB,SR062,,Scar,3,W,6,0,30,25,9,17,4,3375,0,4,8.42,,,,NXT,,,,,,,,,,,,,,,
Standy,NXT,OMB,SR062,,Scar,3,W,6,0,30,18,11,21,6,3173,2,3,8.42,,,,NXT,,,,,,,,,,,,,,,
Kips,HUN,FAC,SR063,,Den,3,W,4,3,19,21,14,15,3,2755,3,1,10.27,,,,HUN,HUN,FAC,SR063,,Den,3,W,4,3,3,1,,,,
Nium,HUN,FAC,SR063,,Den,3,W,4,3,27,27,14,15,3,3492,0,1,10.27,,,,HUN,,,,,,,,,,,,,,,
Renegade,HUN,FAC,SR063,,Den,3,W,4,3,22,25,11,16,4,2985,1,0,10.27,,,,HUN,,,,,,,,,,,,,,,
Rspi,HUN,FAC,SR063,,Den,3,W,4,3,25,18,8,18,4,3145,0,2,10.27,,,,HUN,,,,,,,,,,,,,,,
Asim,FAC,HUN,SR063,,Den,3,L,3,4,21,23,12,15,3,2775,1,3,10.27,,,,FAC,FAC,HUN,SR063,,Den,3,L,3,4,2,1,,,,
Manny,FAC,HUN,SR063,,Den,3,L,3,4,25,23,7,21,3,2845,1,3,10.27,,,,FAC,,,,,,,,,,,,,,,
QK4B,FAC,HUN,SR063,,Den,3,L,3,4,25,25,11,18,6,3015,0,2,10.27,,,,FAC,,,,,,,,,,,,,,,
Roxas,FAC,HUN,SR063,,Den,3,L,3,4,19,22,9,13,5,2678,1,0,10.27,,,,FAC,,,,,,,,,,,,,,,
Arcitys,FAW,NXT,SR064,,Scar,3,L,1,6,15,20,6,8,2,2434,0,1,7.77,,,,FAW,FAW,NXT,SR064,,Scar,3,L,1,6,,,,,0,1
KingAbody,FAW,NXT,SR064,,Scar,3,L,1,6,17,25,6,11,3,2003,0,0,7.77,,,,FAW,,,,,,,,,,,,,,,
PaulEhx,FAW,NXT,SR064,,Scar,3,L,1,6,20,16,6,17,4,2811,0,5,7.77,,,,FAW,,,,,,,,,,,,,,,
Priestahh,FAW,NXT,SR064,,Scar,3,L,1,6,16,22,7,12,2,2386,1,1,7.77,,,,FAW,,,,,,,,,,,,,,,
DC,NXT,FAW,SR064,,Scar,3,W,6,1,16,17,6,10,3,2162,2,0,7.77,,,,NXT,NXT,FAW,SR064,,Scar,3,W,6,1,,,,,2,4
Exceed,NXT,FAW,SR064,,Scar,3,W,6,1,20,16,9,17,6,2739,2,0,7.77,,,,NXT,,,,,,,,,,,,,,,
Johnny,NXT,FAW,SR064,,Scar,3,W,6,1,22,19,9,17,3,2670,0,1,7.77,,,,NXT,,,,,,,,,,,,,,,
Standy,NXT,FAW,SR064,,Scar,3,W,6,1,25,16,6,21,4,2765,2,1,7.77,,,,NXT,,,,,,,,,,,,,,,
2Real,P7N,TBG,SR065,,Scar,3,L,3,6,20,33,7,7,3,2334,0,4,10.17,,,,P7N,P7N,TBG,SR065,,Scar,3,L,3,6,,,,,3,0
Gio,P7N,TBG,SR065,,Scar,3,L,3,6,24,30,15,16,4,3788,0,2,10.17,,,,P7N,,,,,,,,,,,,,,,
Owakening,P7N,TBG,SR065,,Scar,3,L,3,6,24,24,5,22,3,2817,0,4,10.17,,,,P7N,,,,,,,,,,,,,,,
Uli,P7N,TBG,SR065,,Scar,3,L,3,6,21,28,9,12,3,2799,3,2,10.17,,,,P7N,,,,,,,,,,,,,,,
Capsidal,TBG,P7N,SR065,,Scar,3,W,6,3,41,18,10,32,9,4136,2,4,10.17,,,,TBG,TBG,P7N,SR065,,Scar,3,W,6,3,,,,,4,2
Fire,TBG,P7N,SR065,,Scar,3,W,6,3,15,21,10,13,4,2126,1,1,10.17,,,,TBG,,,,,,,,,,,,,,,
Prolute,TBG,P7N,SR065,,Scar,3,W,6,3,31,23,11,25,5,3346,3,2,10.17,,,,TBG,,,,,,,,,,,,,,,
Spart,TBG,P7N,SR065,,Scar,3,W,6,3,28,27,13,19,7,3869,0,2,10.17,,,,TBG,,,,,,,,,,,,,,,
Asim,FAC,NXT,SR066,,Exposure,3,W,5,3,16,23,8,12,2,2597,1,0,10.05,,,,FAC,FAC,NXT,SR066,,Exposure,3,W,5,3,,,3,2,,
Manny,FAC,NXT,SR066,,Exposure,3,W,5,3,24,25,8,15,4,2652,2,1,10.05,,,,FAC,,,,,,,,,,,,,,,
QK4B,FAC,NXT,SR066,,Exposure,3,W,5,3,33,18,8,28,5,3366,1,4,10.05,,,,FAC,,,,,,,,,,,,,,,
Roxas,FAC,NXT,SR066,,Exposure,3,W,5,3,17,20,13,14,2,2365,1,2,10.05,,,,FAC,,,,,,,,,,,,,,,
DC,NXT,FAC,SR066,,Exposure,3,L,3,5,21,20,5,15,7,2563,1,1,10.05,,,,NXT,NXT,FAC,SR066,,Exposure,3,L,3,5,,,2,1,,
Exceed,NXT,FAC,SR066,,Exposure,3,L,3,5,21,21,5,15,4,2768,0,0,10.05,,,,NXT,,,,,,,,,,,,,,,
Johnny,NXT,FAC,SR066,,Exposure,3,L,3,5,23,24,7,14,3,2880,2,1,10.05,,,,NXT,,,,,,,,,,,,,,,
Standy,NXT,FAC,SR066,,Exposure,3,L,3,5,21,25,4,13,3,2824,0,3,10.05,,,,NXT,,,,,,,,,,,,,,,
2Real,P7N,NXT,SR067,,Scar,3,L,1,4,19,28,9,12,3,2573,0,5,10.00,,,,P7N,P7N,NXT,SR067,,Scar,3,L,1,4,,,,,1,
Gio,P7N,NXT,SR067,,Scar,3,L,1,4,24,26,8,16,3,3141,0,1,10.00,,,,P7N,,,,,,,,,,,,,,,
Owakening,P7N,NXT,SR067,,Scar,3,L,1,4,21,24,9,12,2,2839,1,3,10.00,,,,P7N,,,,,,,,,,,,,,,
Uli,P7N,NXT,SR067,,Scar,3,L,1,4,30,25,9,19,4,3100,0,4,10.00,,,,P7N,,,,,,,,,,,,,,,
DC,NXT,P7N,SR067,,Scar,3,W,4,1,25,22,5,21,4,2807,2,1,10.00,,,,NXT,NXT,P7N,SR067,,Scar,3,W,4,1,,,,,3,1
Exceed,NXT,P7N,SR067,,Scar,3,W,4,1,32,20,4,25,3,3102,1,0,10.00,,,,NXT,,,,,,,,,,,,,,,
Johnny,NXT,P7N,SR067,,Scar,3,W,4,1,24,27,10,17,5,3292,1,3,10.00,,,,NXT,,,,,,,,,,,,,,,
Standy,NXT,P7N,SR067,,Scar,3,W,4,1,22,25,17,15,2,3390,0,1,10.00,,,,NXT,,,,,,,,,,,,,,,
Capsidal,TBG,NXT,SR068,,Scar,3,L,2,2,22,25,4,17,4,2641,1,2,10.80,,,,TBG,TBG,NXT,SR068,,Scar,3,L,2,2,,,,,1,1
Fire,TBG,NXT,SR068,,Scar,3,L,2,2,26,20,10,22,4,3147,0,4,10.80,,,,TBG,,,,,,,,,,,,,,,
Prolute,TBG,NXT,SR068,,Scar,3,L,2,2,31,27,5,18,4,3773,0,5,10.80,,,,TBG,,,,,,,,,,,,,,,
Spart,TBG,NXT,SR068,,Scar,3,L,2,2,28,28,14,17,4,3849,1,2,10.80,,,,TBG,,,,,,,,,,,,,,,
DC,NXT,TBG,SR068,,Scar,3,W,2,2,29,30,13,18,4,3872,0,0,10.80,,,,NXT,NXT,TBG,SR068,,Scar,3,W,2,2,,,,,0,2
Exceed,NXT,TBG,SR068,,Scar,3,W,2,2,22,25,10,16,3,3032,1,5,10.80,,,,NXT,,,,,,,,,,,,,,,
Johnny,NXT,TBG,SR068,,Scar,3,W,2,2,28,28,8,16,4,2839,0,4,10.80,,,,NXT,,,,,,,,,,,,,,,
Standy,NXT,TBG,SR068,,Scar,3,W,2,2,21,24,14,13,4,2693,1,3,10.80,,,,NXT,,,,,,,,,,,,,,,
Capsidal,TBG,NXT,SR068,,Den,6,L,2,7,9,26,5,5,2,1761,1,2,8.78,,,,TBG,TBG,NXT,SR068,,Den,6,L,2,7,1,1,,,,
Fire,TBG,NXT,SR068,,Den,6,L,2,7,17,21,6,13,3,2100,0,2,8.78,,,,TBG,,,,,,,,,,,,,,,
Prolute,TBG,NXT,SR068,,Den,6,L,2,7,16,20,8,9,3,2305,1,2,8.78,,,,TBG,,,,,,,,,,,,,,,
Spart,TBG,NXT,SR068,,Den,6,L,2,7,22,26,13,12,3,2922,0,2,8.78,,,,TBG,,,,,,,,,,,,,,,
DC,NXT,TBG,SR068,,Den,6,W,7,2,19,16,9,17,3,2369,1,1,8.78,,,,NXT,NXT,TBG,SR068,,Den,6,W,7,2,4,3,,,,
Exceed,NXT,TBG,SR068,,Den,6,W,7,2,18,15,9,13,5,2180,2,1,8.78,,,,NXT,,,,,,,,,,,,,,,
Johnny,NXT,TBG,SR068,,Den,6,W,7,2,25,17,4,19,4,2665,3,2,8.78,,,,NXT,,,,,,,,,,,,,,,
Standy,NXT,TBG,SR068,,Den,6,W,7,2,31,16,5,26,6,3446,1,1,8.78,,,,NXT,,,,,,,,,,,,,,,
Gntl,NVI,T1G,SR069,,Exposure,3,L,0,8,7,18,2,4,2,1027,0,0,4.47,,,,NVI,NVI,T1G,SR069,,Exposure,3,L,0,8,,,,,,
RaZeSouL,NVI,T1G,SR069,,Exposure,3,L,0,8,2,15,2,2,1,760,0,0,4.47,,,,NVI,,,,,,,,,,,,,,,
RealCharm,NVI,T1G,SR069,,Exposure,3,L,0,8,6,11,1,4,2,867,0,0,4.47,,,,NVI,,,,,,,,,,,,,,,
Shay,NVI,T1G,SR069,,Exposure,3,L,0,8,7,14,3,3,2,1006,0,1,4.47,,,,NVI,,,,,,,,,,,,,,,
Henry,T1G,NVI,SR069,,Exposure,3,W,8,0,13,9,2,11,4,1451,0,0,4.47,,,,T1G,T1G,NVI,SR069,,Exposure,3,W,8,0,,,,,,
Kez,T1G,NVI,SR069,,Exposure,3,W,8,0,13,4,8,11,8,1643,2,0,4.47,,,,T1G,,,,,,,,,,,,,,,
Ovrlay,T1G,NVI,SR069,,Exposure,3,W,8,0,16,6,2,13,5,1485,3,1,4.47,,,,T1G,,,,,,,,,,,,,,,
Rush,T1G,NVI,SR069,,Exposure,3,W,8,0,16,3,3,14,7,1469,3,0,4.47,,,,T1G,,,,,,,,,,,,,,,
Breszy,CLR,DHE,SR070,,Den,3,W,3,2,22,24,8,14,2,2829,1,1,10.30,,,,CLR,CLR,DHE,SR070,,Den,3,W,3,2,,,,,,
Cobra,CLR,DHE,SR070,,Den,3,W,3,2,23,25,11,15,2,2793,0,3,10.30,,,,CLR,,,,,,,,,,,,,,,
Lynz,CLR,DHE,SR070,,Den,3,W,3,2,34,20,7,26,5,3440,2,5,10.30,,,,CLR,,,,,,,,,,,,,,,
Melko,CLR,DHE,SR070,,Den,3,W,3,2,19,24,16,16,6,2837,0,4,10.30,,,,CLR,,,,,,,,,,,,,,,
Aspekt,DHE,CLR,SR070,,Den,3,L,2,3,26,22,10,18,5,3599,0,4,10.30,,,,DHE,DHE,CLR,SR070,,Den,3,L,2,3,,,,,,
Detain,DHE,CLR,SR070,,Den,3,L,2,3,18,31,9,8,3,2660,0,1,10.30,,,,DHE,,,,,,,,,,,,,,,
Mighty,DHE,CLR,SR070,,Den,3,L,2,3,20,21,11,15,4,2883,1,3,10.30,,,,DHE,,,,,,,,,,,,,,,
Syqz,DHE,CLR,SR070,,Den,3,L,2,3,28,24,7,15,3,3197,1,5,10.30,,,,DHE,,,,,,,,,,,,,,,
Blade,RAU,LEW,SR071,,Scar,3,L,0,6,22,22,3,11,3,2750,0,0,8.67,,,,RAU,RAU,LEW,SR071,,Scar,3,L,0,6,,,,,,
Fibrone,RAU,LEW,SR071,,Scar,3,L,0,6,19,21,4,9,3,2375,0,0,8.67,,,,RAU,,,,,,,,,,,,,,,
Yazaah,RAU,LEW,SR071,,Scar,3,L,0,6,21,27,3,10,3,2625,0,0,8.67,,,,RAU,,,,,,,,,,,,,,,
Zirow,RAU,LEW,SR071,,Scar,3,L,0,6,17,27,4,8,3,2125,0,0,8.67,,,,RAU,,,,,,,,,,,,,,,
BBConor,LEW,RAU,SR071,,Scar,3,W,6,0,24,17,3,12,3,3000,2,0,8.67,,,,LEW,LEW,RAU,SR071,,Scar,3,W,6,0,,,,,,
Disarray,LEW,RAU,SR071,,Scar,3,W,6,0,28,19,3,14,3,2500,1,0,8.67,,,,LEW,,,,,,,,,,,,,,,
Faisal,LEW,RAU,SR071,,Scar,3,W,6,0,22,26,3,11,3,2750,1,0,8.67,,,,LEW,,,,,,,,,,,,,,,
Yafty,LEW,RAU,SR071,,Scar,3,W,6,0,23,17,3,11,3,2875,2,0,8.67,,,,LEW,,,,,,,,,,,,,,,
Alfa,SYN,HYB,SR072,,Scar,3,L,3,5,26,26,13,19,6,3281,0,5,10.02,,,,SYN,SYN,HYB,SR072,,Scar,3,L,3,5,,,,,2,1
D3,SYN,HYB,SR072,,Scar,3,L,3,5,23,27,8,12,4,2701,0,1,10.02,,,,SYN,,,,,,,,,,,,,,,
Depa,SYN,HYB,SR072,,Scar,3,L,3,5,25,27,8,17,4,3088,2,3,10.02,,,,SYN,,,,,,,,,,,,,,,
Nadox,SYN,HYB,SR072,,Scar,3,L,3,5,24,28,13,15,4,3579,1,1,10.02,,,,SYN,,,,,,,,,,,,,,,
Chunk,HYB,SYN,SR072,,Scar,3,W,5,3,30,22,9,25,4,3394,4,4,10.02,,,,HYB,HYB,SYN,SR072,,Scar,3,W,5,3,,,,,2,3
Scythe,HYB,SYN,SR072,,Scar,3,W,5,3,25,27,10,14,3,2776,1,2,10.02,,,,HYB,,,,,,,,,,,,,,,
Twisted,HYB,SYN,SR072,,Scar,3,W,5,3,23,22,7,17,4,2907,0,1,10.02,,,,HYB,,,,,,,,,,,,,,,
Wailers,HYB,SYN,SR072,,Scar,3,W,5,3,30,27,12,19,4,4082,0,4,10.02,,,,HYB,,,,,,,,,,,,,,,
D7oomx,ROC,L8U,SR073,,Scar,3,L,1,2,25,29,10,14,5,3463,0,3,10.05,,,,ROC,ROC,L8U,SR073,,Scar,3,L,1,2,,,,,1,0
D7om,ROC,L8U,SR073,,Scar,3,L,1,2,15,32,8,5,2,2191,0,0,10.05,,,,ROC,,,,,,,,,,,,,,,
Khhx,ROC,L8U,SR073,,Scar,3,L,1,2,30,23,6,23,3,3338,0,1,10.05,,,,ROC,,,,,,,,,,,,,,,
Rxld,ROC,L8U,SR073,,Scar,3,L,1,2,24,24,5,16,5,2845,1,2,10.05,,,,ROC,,,,,,,,,,,,,,,
Aiden,L8U,ROC,SR073,,Scar,3,W,2,1,21,25,13,14,4,2820,0,2,10.05,,,,L8U,L8U,ROC,SR073,,Scar,3,W,2,1,,,,,1,1
CleemZi,L8U,ROC,SR073,,Scar,3,W,2,1,35,19,11,25,6,3738,2,7,10.05,,,,L8U,,,,,,,,,,,,,,,
Dany,L8U,ROC,SR073,,Scar,3,W,2,1,25,27,16,15,4,3451,0,3,10.05,,,,L8U,,,,,,,,,,,,,,,
Ziddix,L8U,ROC,SR073,,Scar,3,W,2,1,27,23,5,19,5,3193,0,0,10.05,,,,L8U,,,,,,,,,,,,,,,
Denza,P7E,LOS,SR074,,Scar,3,W,8,2,32,19,9,20,5,3515,2,2,9.27,,,,P7E,P7E,LOS,SR074,,Scar,3,W,8,2,,,,,3,5
FDot,P7E,LOS,SR074,,Scar,3,W,8,2,31,22,10,25,6,2929,2,2,9.27,,,,P7E,,,,,,,,,,,,,,,
Harry,P7E,LOS,SR074,,Scar,3,W,8,2,28,21,13,22,5,3686,2,2,9.27,,,,P7E,,,,,,,,,,,,,,,
Mythix,P7E,LOS,SR074,,Scar,3,W,8,2,27,19,14,20,3,3121,2,2,9.27,,,,P7E,,,,,,,,,,,,,,,
envdiaN,LOS,P7E,SR074,,Scar,3,L,2,8,23,25,2,11,2,2750,1,6,9.27,,,,LOS,LOS,P7E,SR074,,Scar,3,L,2,8,,,,,1,1
Fatal,LOS,P7E,SR074,,Scar,3,L,2,8,19,32,5,10,2,2604,0,1,9.27,,,,LOS,,,,,,,,,,,,,,,
Reedy,LOS,P7E,SR074,,Scar,3,L,2,8,16,29,4,10,2,2004,0,1,9.27,,,,LOS,,,,,,,,,,,,,,,
surnas,LOS,P7E,SR074,,Scar,3,L,2,8,23,32,7,16,3,3324,1,4,9.27,,,,LOS,,,,,,,,,,,,,,,
Gntl,NVI,LEW,SR075,,Scar,3,W,3,6,23,29,6,10,3,2851,0,1,9.93,,,,NVI,NVI,LEW,SR075,,Scar,3,W,3,6,,,,,1,2
RaZeSouL,NVI,LEW,SR075,,Scar,3,W,3,6,17,27,9,9,3,2393,0,3,9.93,,,,NVI,,,,,,,,,,,,,,,
RealCharm,NVI,LEW,SR075,,Scar,3,W,3,6,24,24,14,18,5,3723,1,1,9.93,,,,NVI,,,,,,,,,,,,,,,
Shay,NVI,LEW,SR075,,Scar,3,W,3,6,27,28,4,18,4,3043,2,2,9.93,,,,NVI,,,,,,,,,,,,,,,
BBConor,LEW,NVI,SR075,,Scar,3,L,6,3,23,25,13,18,3,3526,1,2,9.93,,,,LEW,LEW,NVI,SR075,,Scar,3,L,6,3,,,,,4,2
Disarray,LEW,NVI,SR075,,Scar,3,L,6,3,30,25,15,21,6,3702,1,1,9.93,,,,LEW,,,,,,,,,,,,,,,
Faisal,LEW,NVI,SR075,,Scar,3,L,6,3,25,21,11,19,4,2953,4,5,9.93,,,,LEW,,,,,,,,,,,,,,,
Yafty,LEW,NVI,SR075,,Scar,3,L,6,3,30,20,9,24,6,3140,0,2,9.93,,,,LEW,,,,,,,,,,,,,,,
Henry,T1G,CLR,SR076,,Scar,3,L,1,6,9,23,8,5,4,1637,0,1,7.12,,,,T1G,T1G,CLR,SR076,,Scar,3,L,1,6,,,,,0,1
Kez,T1G,CLR,SR076,,Scar,3,L,1,6,17,18,8,13,4,2691,1,2,7.12,,,,T1G,,,,,,,,,,,,,,,
Ovrlay,T1G,CLR,SR076,,Scar,3,L,1,6,16,24,6,6,2,2011,0,3,7.12,,,,T1G,,,,,,,,,,,,,,,
Rush,T1G,CLR,SR076,,Scar,3,L,1,6,22,18,5,16,4,2282,0,0,7.12,,,,T1G,,,,,,,,,,,,,,,
Breszy,CLR,T1G,SR076,,Scar,3,W,6,1,18,14,6,14,5,2254,2,1,7.12,,,,CLR,CLR,T1G,SR076,,Scar,3,W,6,1,,,,,2,4
Cobra,CLR,T1G,SR076,,Scar,3,W,6,1,30,16,9,22,7,3420,1,1,7.12,,,,CLR,,,,,,,,,,,,,,,
Lynz,CLR,T1G,SR076,,Scar,3,W,6,1,23,16,4,19,6,2337,1,1,7.12,,,,CLR,,,,,,,,,,,,,,,
Melko,CLR,T1G,SR076,,Scar,3,W,6,1,12,18,6,6,3,1899,2,1,7.12,,,,CLR,,,,,,,,,,,,,,,
Aspekt,DHE,RAU,SR077,,Den,3,W,6,1,31,23,8,24,4,3200,1,2,10.00,,,,DHE,DHE,RAU,SR077,,Den,3,W,6,1,,,,,,
Detain,DHE,RAU,SR077,,Den,3,W,6,1,26,24,14,16,3,3436,1,1,10.00,,,,DHE,,,,,,,,,,,,,,,
Mighty,DHE,RAU,SR077,,Den,3,W,6,1,28,21,8,21,3,3171,4,2,10.00,,,,DHE,,,,,,,,,,,,,,,
Syqz,DHE,RAU,SR077,,Den,3,W,6,1,23,25,15,13,3,2927,0,0,10.00,,,,DHE,,,,,,,,,,,,,,,
Blade,RAU,DHE,SR077,,Den,3,L,1,6,29,25,6,19,3,3144,0,2,10.00,,,,RAU,RAU,DHE,SR077,,Den,3,L,1,6,,,,,,
Fibrone,RAU,DHE,SR077,,Den,3,L,1,6,25,25,11,14,4,3038,1,4,10.00,,,,RAU,,,,,,,,,,,,,,,
Yazaah,RAU,DHE,SR077,,Den,3,L,1,6,23,30,5,12,3,2944,0,0,10.00,,,,RAU,,,,,,,,,,,,,,,
Zirow,RAU,DHE,SR077,,Den,3,L,1,6,16,28,15,8,2,2781,0,3,10.00,,,,RAU,,,,,,,,,,,,,,,
Alfa,SYN,LOS,SR078,,Scar,3,W,4,1,34,24,16,22,5,4466,1,1,10.17,,,,SYN,SYN,LOS,SR078,,Scar,3,W,4,1,,,,,,
D3,SYN,LOS,SR078,,Scar,3,W,4,1,30,25,8,22,6,3381,1,2,10.17,,,,SYN,,,,,,,,,,,,,,,
Depa,SYN,LOS,SR078,,Scar,3,W,4,1,31,27,10,14,4,3109,0,4,10.17,,,,SYN,,,,,,,,,,,,,,,
Nadox,SYN,LOS,SR078,,Scar,3,W,4,1,22,26,14,13,4,2569,2,4,10.17,,,,SYN,,,,,,,,,,,,,,,
envdiaN,LOS,SYN,SR078,,Scar,3,L,1,4,22,29,6,10,3,2471,1,0,10.17,,,,LOS,LOS,SYN,SR078,,Scar,3,L,1,4,,,,,,
Fatal,LOS,SYN,SR078,,Scar,3,L,1,4,30,30,9,19,4,3628,0,3,10.17,,,,LOS,,,,,,,,,,,,,,,
Reedy,LOS,SYN,SR078,,Scar,3,L,1,4,16,32,13,11,2,2838,0,3,10.17,,,,LOS,,,,,,,,,,,,,,,
surnas,LOS,SYN,SR078,,Scar,3,L,1,4,34,26,10,24,4,3961,0,4,10.17,,,,LOS,,,,,,,,,,,,,,,
Chunk,HYB,L8U,SR079,,Scar,3,W,6,4,14,27,10,11,4,2509,2,2,10.00,,,,HYB,HYB,L8U,SR079,,Scar,3,W,6,4,,,,,3,3
Scythe,HYB,L8U,SR079,,Scar,3,W,6,4,31,22,9,22,8,3248,2,2,10.00,,,,HYB,,,,,,,,,,,,,,,
Twisted,HYB,L8U,SR079,,Scar,3,W,6,4,28,22,10,20,8,3403,1,2,10.00,,,,HYB,,,,,,,,,,,,,,,
Wailers,HYB,L8U,SR079,,Scar,3,W,6,4,24,21,9,18,5,2713,1,1,10.00,,,,HYB,,,,,,,,,,,,,,,
Aiden,L8U,HYB,SR079,,Scar,3,L,4,6,19,26,8,14,4,2844,0,0,10.00,,,,L8U,L8U,HYB,SR079,,Scar,3,L,4,6,,,,,2,2
CleemZi,L8U,HYB,SR079,,Scar,3,L,4,6,21,21,11,15,4,2938,1,0,10.00,,,,L8U,,,,,,,,,,,,,,,
Dany,L8U,HYB,SR079,,Scar,3,L,4,6,31,26,10,22,5,3203,1,2,10.00,,,,L8U,,,,,,,,,,,,,,,
Ziddix,L8U,HYB,SR079,,Scar,3,L,4,6,21,24,7,17,4,2989,2,1,10.00,,,,L8U,,,,,,,,,,,,,,,
D7oomx,ROC,P7E,SR080,,Scar,3,W,6,2,38,23,5,27,6,3742,4,5,10.38,,,,ROC,ROC,P7E,SR080,,Scar,3,W,6,2,,,,,,
D7om,ROC,P7E,SR080,,Scar,3,W,6,2,19,25,8,16,3,2678,1,2,10.38,,,,ROC,,,,,,,,,,,,,,,
Khhx,ROC,P7E,SR080,,Scar,3,W,6,2,34,23,15,24,6,4380,0,1,10.38,,,,ROC,,,,,,,,,,,,,,,
Rxld,ROC,P7E,SR080,,Scar,3,W,6,2,27,28,7,17,3,2925,1,3,10.38,,,,ROC,,,,,,,,,,,,,,,
Denza,P7E,ROC,SR080,,Scar,3,L,2,6,19,31,6,10,2,2500,0,0,10.38,,,,P7E,P7E,ROC,SR080,,Scar,3,L,2,6,,,,,,
FDot,P7E,ROC,SR080,,Scar,3,L,2,6,32,32,9,22,3,3824,1,6,10.38,,,,P7E,,,,,,,,,,,,,,,
Harry,P7E,ROC,SR080,,Scar,3,L,2,6,16,28,14,11,3,2949,1,2,10.38,,,,P7E,,,,,,,,,,,,,,,
Mythix,P7E,ROC,SR080,,Scar,3,L,2,6,32,27,12,21,3,3948,0,4,10.38,,,,P7E,,,,,,,,,,,,,,,
Darksived,FFS,FUN,SR081,,Den,3,W,4,3,20,18,10,15,4,2598,0,2,8.05,,,,FFS,FFS,FUN,SR081,,Den,3,W,4,3,,,,,,
ErikBoom,FFS,FUN,SR081,,Den,3,W,4,3,30,18,6,21,5,2848,2,5,8.05,,,,FFS,,,,,,,,,,,,,,,
KB,FFS,FUN,SR081,,Den,3,W,4,3,18,18,8,13,5,2233,1,3,8.05,,,,FFS,,,,,,,,,,,,,,,
Wrecks,FFS,FUN,SR081,,Den,3,W,4,3,17,20,12,9,3,2652,1,1,8.05,,,,FFS,,,,,,,,,,,,,,,
Peel,FUN,FFS,SR081,,Den,3,L,3,4,13,27,8,6,3,1745,0,0,8.05,,,,FUN,FUN,FFS,SR081,,Den,3,L,3,4,,,,,,
Phantomz,FUN,FFS,SR081,,Den,3,L,3,4,18,20,7,13,4,2499,2,0,8.05,,,,FUN,,,,,,,,,,,,,,,
Prodahh,FUN,FFS,SR081,,Den,3,L,3,4,23,18,7,15,5,2481,0,1,8.05,,,,FUN,,,,,,,,,,,,,,,
Vik,FUN,FFS,SR081,,Den,3,L,3,4,20,20,8,12,4,2324,1,3,8.05,,,,FUN,,,,,,,,,,,,,,,
Capsidal,TBG,OMB,SR082,,Scar,3,W,6,2,32,24,7,21,5,4032,3,1,10.00,,,,TBG,TBG,OMB,SR082,,Scar,3,W,6,2,,,,,,
Fire,TBG,OMB,SR082,,Scar,3,W,6,2,21,23,14,14,4,3248,0,0,10.00,,,,TBG,,,,,,,,,,,,,,,
Prolute,TBG,OMB,SR082,,Scar,3,W,6,2,22,27,13,16,4,2928,2,0,10.00,,,,TBG,,,,,,,,,,,,,,,
Spart,TBG,OMB,SR082,,Scar,3,W,6,2,31,20,9,24,7,3455,1,4,10.00,,,,TBG,,,,,,,,,,,,,,,
Alluka,OMB,TBG,SR082,,Scar,3,L,2,6,33,25,10,20,6,3772,1,1,10.00,,,,OMB,OMB,TBG,SR082,,Scar,3,L,2,6,,,,,,
Brack,OMB,TBG,SR082,,Scar,3,L,2,6,24,30,12,17,3,2691,0,2,10.00,,,,OMB,,,,,,,,,,,,,,,
FeLo,OMB,TBG,SR082,,Scar,3,L,2,6,19,27,11,12,3,3278,0,1,10.00,,,,OMB,,,,,,,,,,,,,,,
Nate,OMB,TBG,SR082,,Scar,3,L,2,6,18,24,10,10,3,2552,1,3,10.00,,,,OMB,,,,,,,,,,,,,,,
DC,NXT,HTR,SR083,,Den,3,L,5,5,20,25,9,14,2,3124,2,1,10.92,,,,NXT,NXT,HTR,SR083,,Den,3,L,5,5,,,,,,
Johnny,NXT,HTR,SR083,,Den,3,L,5,5,30,25,10,20,5,3112,1,3,10.92,,,,NXT,,,,,,,,,,,,,,,
Standy,NXT,HTR,SR083,,Den,3,L,5,5,29,24,9,16,4,3133,0,4,10.92,,,,NXT,,,,,,,,,,,,,,,
Yeez,NXT,HTR,SR083,,Den,3,L,5,5,14,29,11,10,2,1998,2,0,10.92,,,,NXT,,,,,,,,,,,,,,,
Aidanyx,HTR,NXT,SR083,,Den,3,W,5,5,17,23,12,11,2,1958,1,0,10.92,,,,HTR,HTR,NXT,SR083,,Den,3,W,5,5,,,,,,
IconZ,HTR,NXT,SR083,,Den,3,W,5,5,24,26,11,13,7,3151,1,5,10.92,,,,HTR,,,,,,,,,,,,,,,
Nemensions,HTR,NXT,SR083,,Den,3,W,5,5,36,21,4,27,5,3696,3,5,10.92,,,,HTR,,,,,,,,,,,,,,,
Veilleux,HTR,NXT,SR083,,Den,3,W,5,5,26,23,11,17,4,3218,0,1,10.92,,,,HTR,,,,,,,,,,,,,,,
Hamza,CBL,FCB,SR084,,Scar,3,W,3,2,28,21,7,23,4,2997,0,1,10.00,,,,CBL,CBL,FCB,SR084,,Scar,3,W,3,2,,,,,,
Katze,CBL,FCB,SR084,,Scar,3,W,3,2,15,24,15,10,2,2400,2,2,10.00,,,,CBL,,,,,,,,,,,,,,,
Manny,CBL,FCB,SR084,,Scar,3,W,3,2,41,23,4,27,4,4470,0,2,10.00,,,,CBL,,,,,,,,,,,,,,,
Nejra,CBL,FCB,SR084,,Scar,3,W,3,2,25,24,9,17,5,3615,1,1,10.00,,,,CBL,,,,,,,,,,,,,,,
Cimbels,FCB,CBL,SR084,,Scar,3,L,2,3,22,26,13,21,4,3299,0,1,10.00,,,,FCB,FCB,CBL,SR084,,Scar,3,L,2,3,,,,,,
Okis,FCB,CBL,SR084,,Scar,3,L,2,3,22,32,14,12,3,2274,1,1,10.00,,,,FCB,,,,,,,,,,,,,,,
Ryann,FCB,CBL,SR084,,Scar,3,L,2,3,24,25,11,17,6,3019,1,2,10.00,,,,FCB,,,,,,,,,,,,,,,
Swagchecked,FCB,CBL,SR084,,Scar,3,L,2,3,24,26,9,17,4,2717,0,3,10.00,,,,FCB,,,,,,,,,,,,,,,
Kips,HUN,FAW,SR085,,Den,3,L,6,7,24,23,3,15,3,3203,2,3,10.33,,,,HUN,HUN,FAW,SR085,,Den,3,L,6,7,2,4,,,,
Nium,HUN,FAW,SR085,,Den,3,L,6,7,29,26,9,23,7,3886,1,1,10.33,,,,HUN,,,,,,,,,,,,,,,
Renegade,HUN,FAW,SR085,,Den,3,L,6,7,15,25,8,11,3,1990,2,1,10.33,,,,HUN,,,,,,,,,,,,,,,
Rspi,HUN,FAW,SR085,,Den,3,L,6,7,23,26,4,17,5,2442,1,3,10.33,,,,HUN,,,,,,,,,,,,,,,
Arcitys,FAW,HUN,SR085,,Den,3,W,7,6,24,23,13,17,4,3069,1,1,10.33,,,,FAW,FAW,HUN,SR085,,Den,3,W,7,6,5,2,,,,
KingAbody,FAW,HUN,SR085,,Den,3,W,7,6,26,25,7,17,3,3335,1,1,10.33,,,,FAW,,,,,,,,,,,,,,,
PaulEhx,FAW,HUN,SR085,,Den,3,W,7,6,26,17,9,23,4,3060,5,2,10.33,,,,FAW,,,,,,,,,,,,,,,
Priestahh,FAW,HUN,SR085,,Den,3,W,7,6,24,26,11,14,6,2630,0,1,10.33,,,,FAW,,,,,,,,,,,,,,,
2Real,P7N,FAC,SR086,,Scar,3,W,5,2,26,25,11,18,6,3344,3,1,10.10,,,,P7N,P7N,FAC,SR086,,Scar,3,W,5,2,,,,,3,2
Gio,P7N,FAC,SR086,,Scar,3,W,5,2,27,23,8,21,5,2904,0,2,10.10,,,,P7N,,,,,,,,,,,,,,,
Owakening,P7N,FAC,SR086,,Scar,3,W,5,2,25,24,9,19,4,3156,1,6,10.10,,,,P7N,,,,,,,,,,,,,,,
Uli,P7N,FAC,SR086,,Scar,3,W,5,2,31,24,11,22,4,3757,1,1,10.10,,,,P7N,,,,,,,,,,,,,,,
Asim,FAC,P7N,SR086,,Scar,3,L,2,5,26,31,9,18,3,3640,1,2,10.10,,,,FAC,FAC,P7N,SR086,,Scar,3,L,2,5,,,,,1,1
QK4B,FAC,P7N,SR086,,Scar,3,L,2,5,26,28,6,14,2,3288,1,2,10.10,,,,FAC,,,,,,,,,,,,,,,
Roxas,FAC,P7N,SR086,,Scar,3,L,2,5,22,25,7,12,3,2779,0,2,10.10,,,,FAC,,,,,,,,,,,,,,,
Ruper,FAC,P7N,SR086,,Scar,3,L,2,5,22,25,7,17,4,3080,0,2,10.10,,,,FAC,,,,,,,,,,,,,,,
Darksived,FFS,HTR,SR087,,Den,3,L,2,2,28,23,7,16,5,3500,0,1,12.32,,,,FFS,FFS,HTR,SR087,,Den,3,L,2,2,1,1,,,,
ErikBoom,FFS,HTR,SR087,,Den,3,L,2,2,17,24,4,12,3,2382,0,1,12.32,,,,FFS,,,,,,,,,,,,,,,
KB,FFS,HTR,SR087,,Den,3,L,2,2,21,25,6,15,4,2924,1,1,12.32,,,,FFS,,,,,,,,,,,,,,,
Wrecks,FFS,HTR,SR087,,Den,3,L,2,2,21,22,7,15,3,3048,1,3,12.32,,,,FFS,,,,,,,,,,,,,,,
Aidanyx,HTR,FFS,SR087,,Den,3,W,2,2,22,24,7,15,3,2300,1,0,12.32,,,,HTR,HTR,FFS,SR087,,Den,3,W,2,2,1,2,,,,
IconZ,HTR,FFS,SR087,,Den,3,W,2,2,30,21,7,23,4,3507,0,4,12.32,,,,HTR,,,,,,,,,,,,,,,
Nemensions,HTR,FFS,SR087,,Den,3,W,2,2,21,21,9,14,3,2814,1,3,12.32,,,,HTR,,,,,,,,,,,,,,,
Veilleux,HTR,FFS,SR087,,Den,3,W,2,2,21,21,14,16,5,3149,0,3,12.32,,,,HTR,,,,,,,,,,,,,,,
Peel,FUN,TBG,SR088,,Exposure,3,W,6,1,24,20,6,15,4,2647,3,1,9.18,,,,FUN,FUN,TBG,SR088,,Exposure,3,W,6,1,,,4,2,,
Phantomz,FUN,TBG,SR088,,Exposure,3,W,6,1,26,18,5,16,5,3054,2,1,9.18,,,,FUN,,,,,,,,,,,,,,,
Prodahh,FUN,TBG,SR088,,Exposure,3,W,6,1,14,20,10,8,2,1960,1,2,9.18,,,,FUN,,,,,,,,,,,,,,,
Vik,FUN,TBG,SR088,,Exposure,3,W,6,1,30,20,6,23,4,3161,0,1,9.18,,,,FUN,,,,,,,,,,,,,,,
Capsidal,TBG,FUN,SR088,,Exposure,3,L,1,6,22,21,11,10,3,2893,0,3,9.18,,,,TBG,TBG,FUN,SR088,,Exposure,3,L,1,6,,,1,0,,
Fire,TBG,FUN,SR088,,Exposure,3,L,1,6,18,25,9,10,2,2571,0,1,9.18,,,,TBG,,,,,,,,,,,,,,,
Prolute,TBG,FUN,SR088,,Exposure,3,L,1,6,19,26,4,6,3,2251,0,2,9.18,,,,TBG,,,,,,,,,,,,,,,
Spart,TBG,FUN,SR088,,Exposure,3,L,1,6,19,22,9,16,3,2534,1,3,9.18,,,,TBG,,,,,,,,,,,,,,,
Alluka,OMB,NXT,SR089,,Den,3,W,3,0,21,19,16,17,4,3173,0,0,10.18,,,,OMB,OMB,NXT,SR089,,Den,3,W,3,0,,,,,,
Brack,OMB,NXT,SR089,,Den,3,W,3,0,26,24,7,16,5,2935,0,2,10.18,,,,OMB,,,,,,,,,,,,,,,
FeLo,OMB,NXT,SR089,,Den,3,W,3,0,24,21,9,18,3,3405,1,4,10.18,,,,OMB,,,,,,,,,,,,,,,
Nate,OMB,NXT,SR089,,Den,3,W,3,0,33,18,8,28,6,3533,2,4,10.18,,,,OMB,,,,,,,,,,,,,,,
DC,NXT,OMB,SR089,,Den,3,L,0,3,20,24,5,16,3,3057,0,1,10.18,,,,NXT,NXT,OMB,SR089,,Den,3,L,0,3,,,,,,
Johnny,NXT,OMB,SR089,,Den,3,L,0,3,25,26,12,16,4,3156,0,3,10.18,,,,NXT,,,,,,,,,,,,,,,
Standy,NXT,OMB,SR089,,Den,3,L,0,3,23,28,9,13,5,3074,0,3,10.18,,,,NXT,,,,,,,,,,,,,,,
Yeez,NXT,OMB,SR089,,Den,3,L,0,3,14,26,8,11,3,2082,0,0,10.18,,,,NXT,,,,,,,,,,,,,,,
Hamza,CBL,FAC,SR090,,Den,3,L,1,3,27,22,5,19,4,2993,0,3,10.00,,,,CBL,CBL,FAC,SR090,,Den,3,L,1,3,,,,,,
Katze,CBL,FAC,SR090,,Den,3,L,1,3,21,21,11,16,6,2730,1,2,10.00,,,,CBL,,,,,,,,,,,,,,,
Manny,CBL,FAC,SR090,,Den,3,L,1,3,25,22,8,13,4,2986,0,3,10.00,,,,CBL,,,,,,,,,,,,,,,
Nejra,CBL,FAC,SR090,,Den,3,L,1,3,14,23,10,9,3,2180,0,1,10.00,,,,CBL,,,,,,,,,,,,,,,
Asim,FAC,CBL,SR090,,Den,3,W,3,1,21,22,8,15,4,2560,0,4,10.00,,,,FAC,FAC,CBL,SR090,,Den,3,W,3,1,,,,,,
QK4B,FAC,CBL,SR090,,Den,3,W,3,1,29,23,8,22,7,3150,1,1,10.00,,,,FAC,,,,,,,,,,,,,,,
Roxas,FAC,CBL,SR090,,Den,3,W,3,1,19,17,12,12,4,2736,1,2,10.00,,,,FAC,,,,,,,,,,,,,,,
Ruper,FAC,CBL,SR090,,Den,3,W,3,1,19,25,9,11,3,2830,1,3,10.00,,,,FAC,,,,,,,,,,,,,,,
Cimbels,FCB,HUN,SR091,,Scar,3,L,3,5,16,23,16,9,2,2481,0,0,10.00,,,,FCB,FCB,HUN,SR091,,Scar,3,L,3,5,,,,,,
Okis,FCB,HUN,SR091,,Scar,3,L,3,5,28,24,9,24,7,3088,1,2,10.00,,,,FCB,,,,,,,,,,,,,,,
Ryann,FCB,HUN,SR091,,Scar,3,L,3,5,17,25,11,12,3,2379,1,5,10.00,,,,FCB,,,,,,,,,,,,,,,
Swagchecked,FCB,HUN,SR091,,Scar,3,L,3,5,28,26,12,21,4,3639,1,5,10.00,,,,FCB,,,,,,,,,,,,,,,
Kips,HUN,FCB,SR091,,Scar,3,W,5,3,18,21,9,14,3,2599,3,2,10.00,,,,HUN,HUN,FCB,SR091,,Scar,3,W,5,3,,,,,,
Nium,HUN,FCB,SR091,,Scar,3,W,5,3,28,23,9,21,4,3924,0,0,10.00,,,,HUN,,,,,,,,,,,,,,,
Renegade,HUN,FCB,SR091,,Scar,3,W,5,3,26,19,6,21,4,2881,1,1,10.00,,,,HUN,,,,,,,,,,,,,,,
Rspi,HUN,FCB,SR091,,Scar,3,W,5,3,26,26,5,16,5,2922,1,0,10.00,,,,HUN,,,,,,,,,,,,,,,
Arcitys,FAW,P7N,SR092,,Den,3,L,3,6,17,25,7,12,6,2534,1,2,8.57,,,,FAW,FAW,P7N,SR092,,Den,3,L,3,6,,,,,,
KingAbody,FAW,P7N,SR092,,Den,3,L,3,6,15,26,6,10,3,2345,1,2,8.57,,,,FAW,,,,,,,,,,,,,,,
PaulEhx,FAW,P7N,SR092,,Den,3,L,3,6,23,24,7,15,4,3052,1,2,8.57,,,,FAW,,,,,,,,,,,,,,,
Priestahh,FAW,P7N,SR092,,Den,3,L,3,6,18,25,5,13,3,2397,0,1,8.57,,,,FAW,,,,,,,,,,,,,,,
2Real,P7N,FAW,SR092,,Den,3,W,6,3,19,19,10,16,6,2656,3,0,8.57,,,,P7N,P7N,FAW,SR092,,Den,3,W,6,3,,,,,,
Gio,P7N,FAW,SR092,,Den,3,W,6,3,29,21,7,19,4,3128,0,1,8.57,,,,P7N,,,,,,,,,,,,,,,
Owakening,P7N,FAW,SR092,,Den,3,W,6,3,24,18,13,18,3,3014,1,1,8.57,,,,P7N,,,,,,,,,,,,,,,
Uli,P7N,FAW,SR092,,Den,3,W,6,3,28,15,11,22,8,2960,2,0,8.57,,,,P7N,,,,,,,,,,,,,,,
Henry,T1G,LEW,SR093,,Scar,3,W,4,0,31,26,8,20,4,3516,0,2,10.00,,,,T1G,T1G,LEW,SR093,,Scar,3,W,4,0,,,,,,
Kez,T1G,LEW,SR093,,Scar,3,W,4,0,22,24,16,15,3,2684,2,2,10.00,,,,T1G,,,,,,,,,,,,,,,
Ovrlay,T1G,LEW,SR093,,Scar,3,W,4,0,32,26,17,22,6,3773,2,5,10.00,,,,T1G,,,,,,,,,,,,,,,
Rush,T1G,LEW,SR093,,Scar,3,W,4,0,29,22,12,19,5,3249,0,2,10.00,,,,T1G,,,,,,,,,,,,,,,
BBConor,LEW,T1G,SR093,,Scar,3,L,0,4,22,28,15,14,3,3061,0,3,10.00,,,,LEW,LEW,T1G,SR093,,Scar,3,L,0,4,,,,,,
Disarray,LEW,T1G,SR093,,Scar,3,L,0,4,31,29,17,14,4,3232,0,5,10.00,,,,LEW,,,,,,,,,,,,,,,
Faisal,LEW,T1G,SR093,,Scar,3,L,0,4,23,30,13,9,3,3042,0,0,10.00,,,,LEW,,,,,,,,,,,,,,,
Yafty,LEW,T1G,SR093,,Scar,3,L,0,4,22,27,6,16,3,2593,0,4,10.00,,,,LEW,,,,,,,,,,,,,,,
Aspekt,DHE,NVI,SR094,,Scar,3,W,6,4,26,25,11,19,4,3863,1,1,10.18,,,,DHE,DHE,NVI,SR094,,Scar,3,W,6,4,,,,,,
Detain,DHE,NVI,SR094,,Scar,3,W,6,4,30,23,6,19,5,3245,1,5,10.18,,,,DHE,,,,,,,,,,,,,,,
Mighty,DHE,NVI,SR094,,Scar,3,W,6,4,22,30,15,13,3,3382,1,2,10.18,,,,DHE,,,,,,,,,,,,,,,
Syqz,DHE,NVI,SR094,,Scar,3,W,6,4,26,28,9,16,3,3230,3,2,10.18,,,,DHE,,,,,,,,,,,,,,,
Gntl,NVI,DHE,SR094,,Scar,3,L,4,6,27,25,8,16,5,3026,3,3,10.18,,,,NVI,NVI,DHE,SR094,,Scar,3,L,4,6,,,,,,
RaZeSouL,NVI,DHE,SR094,,Scar,3,L,4,6,21,28,14,12,3,2901,1,2,10.18,,,,NVI,,,,,,,,,,,,,,,
RealCharm,NVI,DHE,SR094,,Scar,3,L,4,6,30,18,13,27,8,3331,0,0,10.18,,,,NVI,,,,,,,,,,,,,,,
Shay,NVI,DHE,SR094,,Scar,3,L,4,6,28,33,7,14,3,3288,0,0,10.18,,,,NVI,,,,,,,,,,,,,,,
Blade,RAU,CLR,SR095,,Den,3,L,3,6,27,28,8,18,4,3192,1,3,9.58,,,,RAU,RAU,CLR,SR095,,Den,3,L,3,6,,,,,,
Fibrone,RAU,CLR,SR095,,Den,3,L,3,6,22,25,3,14,4,2434,2,2,9.58,,,,RAU,,,,,,,,,,,,,,,
Yazaah,RAU,CLR,SR095,,Den,3,L,3,6,20,32,11,15,4,2918,0,1,9.58,,,,RAU,,,,,,,,,,,,,,,
Zirow,RAU,CLR,SR095,,Den,3,L,3,6,13,28,8,9,3,2327,0,1,9.58,,,,RAU,,,,,,,,,,,,,,,
Breszy,CLR,RAU,SR095,,Den,3,W,6,3,31,19,7,22,4,3456,3,4,9.58,,,,CLR,CLR,RAU,SR095,,Den,3,W,6,3,,,,,,
Cobra,CLR,RAU,SR095,,Den,3,W,6,3,32,25,10,20,4,3876,1,4,9.58,,,,CLR,,,,,,,,,,,,,,,
Lynz,CLR,RAU,SR095,,Den,3,W,6,3,24,17,6,19,5,3196,1,0,9.58,,,,CLR,,,,,,,,,,,,,,,
Melko,CLR,RAU,SR095,,Den,3,W,6,3,26,21,5,18,6,2997,1,3,9.58,,,,CLR,,,,,,,,,,,,,,,
envdiaN,LOS,HYB,SR096,,Den,3,L,1,8,14,22,6,12,3,2021,0,1,8.18,,,,LOS,LOS,HYB,SR096,,Den,3,L,1,8,,,,,,
Fatal,LOS,HYB,SR096,,Den,3,L,1,8,19,24,10,12,3,2389,0,3,8.18,,,,LOS,,,,,,,,,,,,,,,
Reedy,LOS,HYB,SR096,,Den,3,L,1,8,14,24,2,8,2,2099,1,0,8.18,,,,LOS,,,,,,,,,,,,,,,
surnas,LOS,HYB,SR096,,Den,3,L,1,8,20,24,6,15,3,2416,0,2,8.18,,,,LOS,,,,,,,,,,,,,,,
Chunk,HYB,LOS,SR096,,Den,3,W,8,1,24,17,4,15,4,2758,4,2,8.18,,,,HYB,HYB,LOS,SR096,,Den,3,W,8,1,,,,,,
Scythe,HYB,LOS,SR096,,Den,3,W,8,1,30,17,8,23,4,3654,0,1,8.18,,,,HYB,,,,,,,,,,,,,,,
Twisted,HYB,LOS,SR096,,Den,3,W,8,1,21,16,6,17,4,2485,2,1,8.18,,,,HYB,,,,,,,,,,,,,,,
Wailers,HYB,LOS,SR096,,Den,3,W,8,1,19,17,6,11,3,2381,2,3,8.18,,,,HYB,,,,,,,,,,,,,,,
D7oomx,ROC,SYN,SR097,,Scar,3,L,3,6,25,22,6,20,3,3155,0,2,9.77,,,,ROC,ROC,SYN,SR097,,Scar,3,L,3,6,,,,,,
D7om,ROC,SYN,SR097,,Scar,3,L,3,6,28,27,11,18,6,3475,0,2,9.77,,,,ROC,,,,,,,,,,,,,,,
Khhx,ROC,SYN,SR097,,Scar,3,L,3,6,24,27,10,16,4,3497,1,2,9.77,,,,ROC,,,,,,,,,,,,,,,
Rxld,ROC,SYN,SR097,,Scar,3,L,3,6,22,28,7,16,3,2352,2,2,9.77,,,,ROC,,,,,,,,,,,,,,,
Alfa,SYN,ROC,SR097,,Scar,3,W,6,3,41,19,15,33,12,4575,1,2,9.77,,,,SYN,SYN,ROC,SR097,,Scar,3,W,6,3,,,,,,
D3,SYN,ROC,SR097,,Scar,3,W,6,3,15,24,13,9,3,2109,1,4,9.77,,,,SYN,,,,,,,,,,,,,,,
Depa,SYN,ROC,SR097,,Scar,3,W,6,3,24,28,6,16,3,2814,1,2,9.77,,,,SYN,,,,,,,,,,,,,,,
Nadox,SYN,ROC,SR097,,Scar,3,W,6,3,24,28,11,17,5,3282,3,1,9.77,,,,SYN,,,,,,,,,,,,,,,
Denza,P7E,L8U,SR098,,Scar,3,W,8,0,26,21,5,17,5,2871,3,0,9.25,,,,P7E,P7E,L8U,SR098,,Scar,3,W,8,0,,,,,,
FDot,P7E,L8U,SR098,,Scar,3,W,8,0,22,21,10,17,7,2900,3,1,9.25,,,,P7E,,,,,,,,,,,,,,,
Harry,P7E,L8U,SR098,,Scar,3,W,8,0,39,15,5,32,5,4109,1,2,9.25,,,,P7E,,,,,,,,,,,,,,,
Mythix,P7E,L8U,SR098,,Scar,3,W,8,0,24,19,13,18,3,3181,1,1,9.25,,,,P7E,,,,,,,,,,,,,,,
Aiden,L8U,P7E,SR098,,Scar,3,L,0,8,23,24,7,14,4,2873,0,1,9.25,,,,L8U,L8U,P7E,SR098,,Scar,3,L,0,8,,,,,,
CleemZi,L8U,P7E,SR098,,Scar,3,L,0,8,13,25,10,7,3,2151,0,0,9.25,,,,L8U,,,,,,,,,,,,,,,
Dany,L8U,P7E,SR098,,Scar,3,L,0,8,18,31,9,9,3,2444,0,2,9.25,,,,L8U,,,,,,,,,,,,,,,
Ziddix,L8U,P7E,SR098,,Scar,3,L,0,8,22,31,10,17,3,2839,0,1,9.25,,,,L8U,,,,,,,,,,,,,,,
BBConor,LEW,DHE,SR099,,Scar,3,W,6,2,32,22,9,22,4,3191,2,5,8.78,,,,LEW,LEW,DHE,SR099,,Scar,3,W,6,2,,,,,,
Disarray,LEW,DHE,SR099,,Scar,3,W,6,2,21,22,17,13,3,2583,2,1,8.78,,,,LEW,,,,,,,,,,,,,,,
Faisal,LEW,DHE,SR099,,Scar,3,W,6,2,21,24,11,11,3,2806,1,3,8.78,,,,LEW,,,,,,,,,,,,,,,
Yafty,LEW,DHE,SR099,,Scar,3,W,6,2,24,22,9,16,3,2963,1,2,8.78,,,,LEW,,,,,,,,,,,,,,,
Aspekt,DHE,LEW,SR099,,Scar,3,L,2,6,24,24,9,13,4,2869,0,0,8.78,,,,DHE,DHE,LEW,SR099,,Scar,3,L,2,6,,,,,,
Detain,DHE,LEW,SR099,,Scar,3,L,2,6,17,25,10,11,3,2049,2,0,8.78,,,,DHE,,,,,,,,,,,,,,,
Mighty,DHE,LEW,SR099,,Scar,3,L,2,6,28,22,6,19,3,3252,0,5,8.78,,,,DHE,,,,,,,,,,,,,,,
Syqz,DHE,LEW,SR099,,Scar,3,L,2,6,21,27,14,13,4,2620,0,2,8.78,,,,DHE,,,,,,,,,,,,,,,
Gntl,NVI,CLR,SR100,,Den,3,L,2,7,21,23,3,18,4,2402,2,3,9.53,,,,NVI,NVI,CLR,SR100,,Den,3,L,2,7,,,,,,
RaZeSouL,NVI,CLR,SR100,,Den,3,L,2,7,18,28,3,10,2,2300,0,2,9.53,,,,NVI,,,,,,,,,,,,,,,
RealCharm,NVI,CLR,SR100,,Den,3,L,2,7,16,27,12,10,2,2784,0,0,9.53,,,,NVI,,,,,,,,,,,,,,,
Shay,NVI,CLR,SR100,,Den,3,L,2,7,18,32,2,9,2,2250,0,0,9.53,,,,NVI,,,,,,,,,,,,,,,
Breszy,CLR,NVI,SR100,,Den,3,W,7,2,28,18,13,23,7,3527,0,0,9.53,,,,CLR,CLR,NVI,SR100,,Den,3,W,7,2,,,,,,
Cobra,CLR,NVI,SR100,,Den,3,W,7,2,33,15,4,25,6,3257,3,3,9.53,,,,CLR,,,,,,,,,,,,,,,
Lynz,CLR,NVI,SR100,,Den,3,W,7,2,22,17,10,21,4,2746,2,0,9.53,,,,CLR,,,,,,,,,,,,,,,
Melko,CLR,NVI,SR100,,Den,3,W,7,2,26,23,8,21,4,3220,2,3,9.53,,,,CLR,,,,,,,,,,,,,,,
Henry,T1G,RAU,SR101,,Exposure,3,L,1,5,22,23,6,17,3,2708,0,4,10.00,,,,T1G,T1G,RAU,SR101,,Exposure,3,L,1,5,,,,,,
Kez,T1G,RAU,SR101,,Exposure,3,L,1,5,22,26,8,13,3,2549,0,1,10.00,,,,T1G,,,,,,,,,,,,,,,
Ovrlay,T1G,RAU,SR101,,Exposure,3,L,1,5,31,25,11,22,5,3809,1,4,10.00,,,,T1G,,,,,,,,,,,,,,,
Rush,T1G,RAU,SR101,,Exposure,3,L,1,5,14,25,15,9,2,2550,0,2,10.00,,,,T1G,,,,,,,,,,,,,,,
Blade,RAU,T1G,SR101,,Exposure,3,W,5,1,26,23,10,13,3,3033,0,4,10.00,,,,RAU,RAU,T1G,SR101,,Exposure,3,W,5,1,,,,,,
Fibrone,RAU,T1G,SR101,,Exposure,3,W,5,1,24,21,11,16,3,3157,0,0,10.00,,,,RAU,,,,,,,,,,,,,,,
Yazaah,RAU,T1G,SR101,,Exposure,3,W,5,1,22,24,10,15,5,2662,2,2,10.00,,,,RAU,,,,,,,,,,,,,,,
Zirow,RAU,T1G,SR101,,Exposure,3,W,5,1,27,21,9,17,4,2863,3,3,10.00,,,,RAU,,,,,,,,,,,,,,,
envdiaN,LOS,ROC,SR102,,Scar,3,L,3,4,27,30,8,18,4,2872,0,3,10.00,,,,LOS,LOS,ROC,SR102,,Scar,3,L,3,4,,,,,,
Fatal,LOS,ROC,SR102,,Scar,3,L,3,4,25,31,11,19,4,3685,0,2,10.00,,,,LOS,,,,,,,,,,,,,,,
Reedy,LOS,ROC,SR102,,Scar,3,L,3,4,24,30,12,15,5,3074,0,0,10.00,,,,LOS,,,,,,,,,,,,,,,
surnas,LOS,ROC,SR102,,Scar,3,L,3,4,29,24,12,23,4,3193,3,4,10.00,,,,LOS,,,,,,,,,,,,,,,
D7oomx,ROC,LOS,SR102,,Scar,3,W,4,3,28,26,14,19,3,3823,1,0,10.00,,,,ROC,ROC,LOS,SR102,,Scar,3,W,4,3,,,,,,
D7om,ROC,LOS,SR102,,Scar,3,W,4,3,33,28,7,19,3,3476,2,0,10.00,,,,ROC,,,,,,,,,,,,,,,
Khhx,ROC,LOS,SR102,,Scar,3,W,4,3,24,22,13,19,3,3210,1,3,10.00,,,,ROC,,,,,,,,,,,,,,,
Rxld,ROC,LOS,SR102,,Scar,3,W,4,3,30,29,4,17,4,3496,0,3,10.00,,,,ROC,,,,,,,,,,,,,,,
Alfa,SYN,L8U,SR103,,Scar,3,L,8,0,36,16,8,27,7,3531,0,3,7.63,,,,SYN,SYN,L8U,SR103,,Scar,3,L,8,0,,,,,,
D3,SYN,L8U,SR103,,Scar,3,L,8,0,18,18,15,12,3,2221,0,1,7.63,,,,SYN,,,,,,,,,,,,,,,
Depa,SYN,L8U,SR103,,Scar,3,L,8,0,20,19,13,16,3,2752,4,4,7.63,,,,SYN,,,,,,,,,,,,,,,
Nadox,SYN,L8U,SR103,,Scar,3,L,8,0,23,14,11,18,4,2510,4,1,7.63,,,,SYN,,,,,,,,,,,,,,,
Aiden,L8U,SYN,SR103,,Scar,3,L,0,8,20,21,6,9,4,2370,0,3,7.63,,,,L8U,L8U,SYN,SR103,,Scar,3,L,0,8,,,,,,
CleemZi,L8U,SYN,SR103,,Scar,3,L,0,8,8,27,12,6,2,1979,0,0,7.63,,,,L8U,,,,,,,,,,,,,,,
Dany,L8U,SYN,SR103,,Scar,3,L,0,8,21,25,6,12,4,2335,0,1,7.63,,,,L8U,,,,,,,,,,,,,,,
Ziddix,L8U,SYN,SR103,,Scar,3,L,0,8,18,24,9,10,3,2297,0,3,7.63,,,,L8U,,,,,,,,,,,,,,,
Chunk,HYB,P7E,SR104,,Scar,3,L,1,7,19,31,10,12,3,2794,0,0,10.20,,,,HYB,HYB,P7E,SR104,,Scar,3,L,1,7,,,,,,
Scythe,HYB,P7E,SR104,,Scar,3,L,1,7,22,33,11,11,3,3448,0,3,10.20,,,,HYB,,,,,,,,,,,,,,,
Twisted,HYB,P7E,SR104,,Scar,3,L,1,7,25,29,6,16,4,2911,0,1,10.20,,,,HYB,,,,,,,,,,,,,,,
Wailers,HYB,P7E,SR104,,Scar,3,L,1,7,20,26,11,15,2,2743,1,3,10.20,,,,HYB,,,,,,,,,,,,,,,
Denza,P7E,HYB,SR104,,Scar,3,W,7,1,37,19,8,31,8,3980,2,0,10.20,,,,P7E,P7E,HYB,SR104,,Scar,3,W,7,1,,,,,,
FDot,P7E,HYB,SR104,,Scar,3,W,7,1,32,25,13,20,4,3714,1,1,10.20,,,,P7E,,,,,,,,,,,,,,,
Harry,P7E,HYB,SR104,,Scar,3,W,7,1,24,20,14,14,4,3027,3,0,10.20,,,,P7E,,,,,,,,,,,,,,,
Mythix,P7E,HYB,SR104,,Scar,3,W,7,1,26,22,9,18,4,3076,1,1,10.20,,,,P7E,,,,,,,,,,,,,,,
2Real,P7N,HUN,SR105,,Scar,3,W,3,1,24,23,4,15,4,2383,0,3,10.02,,,,P7N,P7N,HUN,SR105,,Scar,3,W,3,1,,,,,,
Gio,P7N,HUN,SR105,,Scar,3,W,3,1,30,25,7,18,4,3472,0,2,10.02,,,,P7N,,,,,,,,,,,,,,,
Owakening,P7N,HUN,SR105,,Scar,3,W,3,1,23,23,21,16,3,3706,2,2,10.02,,,,P7N,,,,,,,,,,,,,,,
Uli,P7N,HUN,SR105,,Scar,3,W,3,1,33,28,7,22,5,3398,1,3,10.02,,,,P7N,,,,,,,,,,,,,,,
Kips,HUN,P7N,SR105,,Scar,3,L,1,3,24,27,10,16,3,2914,1,2,10.02,,,,HUN,HUN,P7N,SR105,,Scar,3,L,1,3,,,,,,
Nium,HUN,P7N,SR105,,Scar,3,L,1,3,27,27,7,18,4,3346,0,3,10.02,,,,HUN,,,,,,,,,,,,,,,
Renegade,HUN,P7N,SR105,,Scar,3,L,1,3,28,24,10,18,3,3154,0,2,10.02,,,,HUN,,,,,,,,,,,,,,,
Rspi,HUN,P7N,SR105,,Scar,3,L,1,3,20,32,14,11,2,2603,0,3,10.02,,,,HUN,,,,,,,,,,,,,,,
Arcitys,FAW,CBL,SR106,,Den,3,L,2,4,29,23,7,18,4,3262,2,4,10.32,,,,FAW,FAW,CBL,SR106,,Den,3,L,2,4,,,,,,
KingAbody,FAW,CBL,SR106,,Den,3,L,2,4,12,23,7,10,2,2227,0,1,10.32,,,,FAW,,,,,,,,,,,,,,,
PaulEhx,FAW,CBL,SR106,,Den,3,L,2,4,21,22,11,20,3,3403,0,2,10.32,,,,FAW,,,,,,,,,,,,,,,
Priestahh,FAW,CBL,SR106,,Den,3,L,2,4,28,28,9,16,5,3025,0,2,10.32,,,,FAW,,,,,,,,,,,,,,,
Hamza,CBL,FAW,SR106,,Den,3,W,4,2,22,23,13,15,5,3124,2,1,10.32,,,,CBL,CBL,FAW,SR106,,Den,3,W,4,2,,,,,,
Katze,CBL,FAW,SR106,,Den,3,W,4,2,27,22,8,21,4,3692,1,5,10.32,,,,CBL,,,,,,,,,,,,,,,
Manny,CBL,FAW,SR106,,Den,3,W,4,2,20,22,11,16,5,2717,1,0,10.32,,,,CBL,,,,,,,,,,,,,,,
Nejra,CBL,FAW,SR106,,Den,3,W,4,2,27,23,8,18,4,2858,0,2,10.32,,,,CBL,,,,,,,,,,,,,,,
Asim,FAC,FCB,SR107,,Scar,3,W,6,1,22,14,8,15,4,2518,1,1,7.43,,,,FAC,FAC,FCB,SR107,,Scar,3,W,6,1,,,,,,
QK4B,FAC,FCB,SR107,,Scar,3,W,6,1,15,19,6,11,3,2339,0,1,7.43,,,,FAC,,,,,,,,,,,,,,,
Roxas,FAC,FCB,SR107,,Scar,3,W,6,1,30,15,2,22,5,2996,2,0,7.43,,,,FAC,,,,,,,,,,,,,,,
Ruper,FAC,FCB,SR107,,Scar,3,W,6,1,21,19,9,15,4,2333,3,0,7.43,,,,FAC,,,,,,,,,,,,,,,
Cimbels,FCB,FAC,SR107,,Scar,3,L,1,6,18,23,6,10,3,2006,0,0,7.43,,,,FCB,FCB,FAC,SR107,,Scar,3,L,1,6,,,,,,
Okis,FCB,FAC,SR107,,Scar,3,L,1,6,16,21,6,11,3,2175,1,3,7.43,,,,FCB,,,,,,,,,,,,,,,
Ryann,FCB,FAC,SR107,,Scar,3,L,1,6,13,22,11,6,2,1982,0,0,7.43,,,,FCB,,,,,,,,,,,,,,,
Swagchecked,FCB,FAC,SR107,,Scar,3,L,1,6,20,22,2,13,6,2208,0,3,7.43,,,,FCB,,,,,,,,,,,,,,,
DC,NXT,TBG,SR108,,Scar,3,L,1,4,30,25,9,17,3,3406,1,1,9.32,,,,NXT,NXT,TBG,SR108,,Scar,3,L,1,4,,,,,,
Johnny,NXT,TBG,SR108,,Scar,3,L,1,4,15,30,13,9,2,2766,0,1,9.32,,,,NXT,,,,,,,,,,,,,,,
Standy,NXT,TBG,SR108,,Scar,3,L,1,4,22,28,13,14,3,2960,0,2,9.32,,,,NXT,,,,,,,,,,,,,,,
Yeez,NXT,TBG,SR108,,Scar,3,L,1,4,24,28,7,15,2,2329,0,4,9.32,,,,NXT,,,,,,,,,,,,,,,
Capsidal,TBG,NXT,SR108,,Scar,3,W,4,1,27,24,6,13,3,3218,1,2,9.32,,,,TBG,TBG,NXT,SR108,,Scar,3,W,4,1,,,,,,
Fire,TBG,NXT,SR108,,Scar,3,W,4,1,24,21,15,18,5,3110,2,2,9.32,,,,TBG,,,,,,,,,,,,,,,
Prolute,TBG,NXT,SR108,,Scar,3,W,4,1,27,23,15,20,3,3165,1,1,9.32,,,,TBG,,,,,,,,,,,,,,,
Spart,TBG,NXT,SR108,,Scar,3,W,4,1,33,23,11,25,5,3398,0,2,9.32,,,,TBG,,,,,,,,,,,,,,,
Alluka,OMB,FFS,SR109,,Den,3,W,1,3,26,21,6,17,5,3769,1,3,10.20,,,,OMB,OMB,FFS,SR109,,Den,3,W,1,3,,,,,,
Brack,OMB,FFS,SR109,,Den,3,W,1,3,20,23,11,14,3,2825,0,2,10.20,,,,OMB,,,,,,,,,,,,,,,
FeLo,OMB,FFS,SR109,,Den,3,W,1,3,27,24,4,17,4,3380,0,3,10.20,,,,OMB,,,,,,,,,,,,,,,
Nate,OMB,FFS,SR109,,Den,3,W,1,3,18,24,4,14,4,2129,0,1,10.20,,,,OMB,,,,,,,,,,,,,,,
Darksived,FFS,OMB,SR109,,Den,3,W,3,1,23,24,8,18,4,2825,0,3,10.20,,,,FFS,FFS,OMB,SR109,,Den,3,W,3,1,,,,,,
ErikBoom,FFS,OMB,SR109,,Den,3,W,3,1,21,28,11,14,5,3079,0,4,10.20,,,,FFS,,,,,,,,,,,,,,,
KB,FFS,OMB,SR109,,Den,3,W,3,1,19,18,8,15,5,2145,0,2,10.20,,,,FFS,,,,,,,,,,,,,,,
Wrecks,FFS,OMB,SR109,,Den,3,W,3,1,29,21,9,22,6,3323,3,5,10.20,,,,FFS,,,,,,,,,,,,,,,
Aidanyx,HTR,FUN,SR110,,Exposure,3,W,2,3,21,22,9,16,3,2748,1,2,10.07,,,,HTR,HTR,FUN,SR110,,Exposure,3,W,2,3,,,,,,
IconZ,HTR,FUN,SR110,,Exposure,3,W,2,3,24,21,7,18,5,3058,0,2,10.07,,,,HTR,,,,,,,,,,,,,,,
Nemensions,HTR,FUN,SR110,,Exposure,3,W,2,3,12,23,5,9,2,2127,1,0,10.07,,,,HTR,,,,,,,,,,,,,,,
Veilleux,HTR,FUN,SR110,,Exposure,3,W,2,3,19,22,6,13,3,2392,0,3,10.07,,,,HTR,,,,,,,,,,,,,,,
Peel,FUN,HTR,SR110,,Exposure,3,W,3,2,22,23,10,17,5,2964,0,3,10.07,,,,FUN,FUN,HTR,SR110,,Exposure,3,W,3,2,,,,,,
Phantomz,FUN,HTR,SR110,,Exposure,3,W,3,2,20,17,8,14,4,2733,2,0,10.07,,,,FUN,,,,,,,,,,,,,,,
Prodahh,FUN,HTR,SR110,,Exposure,3,W,3,2,23,18,8,18,5,2605,0,2,10.07,,,,FUN,,,,,,,,,,,,,,,
Vik,FUN,HTR,SR110,,Exposure,3,W,3,2,23,18,4,20,4,2709,1,2,10.07,,,,FUN,,,,,,,,,,,,,,,
Aidanyx,HTR,OMB,SR111,,Exposure,3,L,1,6,22,24,12,13,3,2937,1,2,10.00,,,,HTR,HTR,OMB,SR111,,Exposure,3,L,1,6,,,,,,
IconZ,HTR,OMB,SR111,,Exposure,3,L,1,6,27,24,4,18,5,3043,0,2,10.00,,,,HTR,,,,,,,,,,,,,,,
Nemensions,HTR,OMB,SR111,,Exposure,3,L,1,6,17,27,6,11,3,2683,0,1,10.00,,,,HTR,,,,,,,,,,,,,,,
Veilleux,HTR,OMB,SR111,,Exposure,3,L,1,6,21,27,9,10,2,2752,0,0,10.00,,,,HTR,,,,,,,,,,,,,,,
Alluka,OMB,HTR,SR111,,Exposure,3,W,6,1,29,21,9,22,4,3165,2,1,10.00,,,,OMB,OMB,HTR,SR111,,Exposure,3,W,6,1,,,,,,
Brack,OMB,HTR,SR111,,Exposure,3,W,6,1,30,18,9,24,5,3317,2,3,10.00,,,,OMB,,,,,,,,,,,,,,,
FeLo,OMB,HTR,SR111,,Exposure,3,W,6,1,18,25,12,11,3,2844,0,1,10.00,,,,OMB,,,,,,,,,,,,,,,
Nate,OMB,HTR,SR111,,Exposure,3,W,6,1,25,23,8,16,4,2795,2,0,10.00,,,,OMB,,,,,,,,,,,,,,,
Darksived,FFS,TBG,SR112,,Den,3,W,4,1,26,22,12,19,5,3456,0,1,10.30,,,,FFS,FFS,TBG,SR112,,Den,3,W,4,1,,,,,,
ErikBoom,FFS,TBG,SR112,,Den,3,W,4,1,31,22,8,24,6,3355,3,0,10.30,,,,FFS,,,,,,,,,,,,,,,
KB,FFS,TBG,SR112,,Den,3,W,4,1,22,25,9,12,4,2718,0,3,10.30,,,,FFS,,,,,,,,,,,,,,,
Wrecks,FFS,TBG,SR112,,Den,3,W,4,1,31,19,11,23,5,3870,1,4,10.30,,,,FFS,,,,,,,,,,,,,,,
Capsidal,TBG,FFS,SR112,,Den,3,L,1,4,25,30,10,11,3,2872,0,2,10.30,,,,TBG,TBG,FFS,SR112,,Den,3,L,1,4,,,,,,
Fire,TBG,FFS,SR112,,Den,3,L,1,4,19,28,11,13,3,3069,0,3,10.30,,,,TBG,,,,,,,,,,,,,,,
Prolute,TBG,FFS,SR112,,Den,3,L,1,4,22,26,10,19,4,2966,0,2,10.30,,,,TBG,,,,,,,,,,,,,,,
Spart,TBG,FFS,SR112,,Den,3,L,1,4,21,26,9,13,3,3316,1,2,10.30,,,,TBG,,,,,,,,,,,,,,,
Peel,FUN,NXT,SR113,,Den,3,L,3,4,23,28,8,12,2,2945,2,5,10.13,,,,FUN,FUN,NXT,SR113,,Den,3,L,3,4,,,,,,
Phantomz,FUN,NXT,SR113,,Den,3,L,3,4,18,25,8,14,4,2869,0,2,10.13,,,,FUN,,,,,,,,,,,,,,,
Prodahh,FUN,NXT,SR113,,Den,3,L,3,4,30,22,7,21,4,3750,0,2,10.13,,,,FUN,,,,,,,,,,,,,,,
Vik,FUN,NXT,SR113,,Den,3,L,3,4,17,25,12,12,3,2506,1,2,10.13,,,,FUN,,,,,,,,,,,,,,,
DC,NXT,FUN,SR113,,Den,3,W,4,3,27,20,9,19,3,3317,1,2,10.13,,,,NXT,NXT,FUN,SR113,,Den,3,W,4,3,,,,,,
Johnny,NXT,FUN,SR113,,Den,3,W,4,3,26,19,8,19,5,3277,2,4,10.13,,,,NXT,,,,,,,,,,,,,,,
Standy,NXT,FUN,SR113,,Den,3,W,4,3,31,23,10,24,5,3892,1,0,10.13,,,,NXT,,,,,,,,,,,,,,,
Yeez,NXT,FUN,SR113,,Den,3,W,4,3,16,26,8,8,3,2255,0,1,10.13,,,,NXT,,,,,,,,,,,,,,,
Asim,FAC,FAW,SR114,,Den,3,L,2,2,27,26,8,19,5,3256,1,2,10.65,,,,FAC,FAC,FAW,SR114,,Den,3,L,2,2,,,,,,
QK4B,FAC,FAW,SR114,,Den,3,L,2,2,26,24,8,17,4,3376,0,3,10.65,,,,FAC,,,,,,,,,,,,,,,
Roxas,FAC,FAW,SR114,,Den,3,L,2,2,16,24,9,14,3,2590,1,2,10.65,,,,FAC,,,,,,,,,,,,,,,
Ruper,FAC,FAW,SR114,,Den,3,L,2,2,20,24,8,17,4,3001,0,3,10.65,,,,FAC,,,,,,,,,,,,,,,
Arcitys,FAW,FAC,SR114,,Den,3,W,2,2,23,21,4,18,4,2804,1,2,10.65,,,,FAW,FAW,FAC,SR114,,Den,3,W,2,2,,,,,,
KingAbody,FAW,FAC,SR114,,Den,3,W,2,2,19,25,11,13,2,2926,0,1,10.65,,,,FAW,,,,,,,,,,,,,,,
PaulEhx,FAW,FAC,SR114,,Den,3,W,2,2,25,22,5,21,4,3498,0,0,10.65,,,,FAW,,,,,,,,,,,,,,,
Priestahh,FAW,FAC,SR114,,Den,3,W,2,2,30,21,9,22,3,3228,1,7,10.65,,,,FAW,,,,,,,,,,,,,,,
Hamza,CBL,HUN,SR115,,Scar,3,L,0,3,31,26,8,24,7,3225,0,3,10.00,,,,CBL,CBL,HUN,SR115,,Scar,3,L,0,3,,,,,,
Katze,CBL,HUN,SR115,,Scar,3,L,0,3,19,28,10,9,3,2509,0,1,10.00,,,,CBL,,,,,,,,,,,,,,,
Manny,CBL,HUN,SR115,,Scar,3,L,0,3,18,31,14,14,3,3069,0,1,10.00,,,,CBL,,,,,,,,,,,,,,,
Nejra,CBL,HUN,SR115,,Scar,3,L,0,3,26,25,5,18,6,3279,0,3,10.00,,,,CBL,,,,,,,,,,,,,,,
Kips,HUN,CBL,SR115,,Scar,3,W,3,0,25,26,13,22,5,3217,1,2,10.00,,,,HUN,HUN,CBL,SR115,,Scar,3,W,3,0,,,,,,
Nium,HUN,CBL,SR115,,Scar,3,W,3,0,25,24,10,15,3,2957,1,7,10.00,,,,HUN,,,,,,,,,,,,,,,
Renegade,HUN,CBL,SR115,,Scar,3,W,3,0,30,20,8,20,7,3398,0,2,10.00,,,,HUN,,,,,,,,,,,,,,,
Rspi,HUN,CBL,SR115,,Scar,3,W,3,0,30,24,6,23,7,3450,1,2,10.00,,,,HUN,,,,,,,,,,,,,,,
Cimbels,FCB,P7N,SR116,,Scar,3,L,2,4,16,27,4,8,2,1875,1,1,10.37,,,,FCB,FCB,P7N,SR116,,Scar,3,L,2,4,,,,,,
Okis,FCB,P7N,SR116,,Scar,3,L,2,4,31,32,10,18,3,3797,0,2,10.37,,,,FCB,,,,,,,,,,,,,,,
Ryann,FCB,P7N,SR116,,Scar,3,L,2,4,32,23,7,26,6,3143,1,3,10.37,,,,FCB,,,,,,,,,,,,,,,
Swagchecked,FCB,P7N,SR116,,Scar,3,L,2,4,23,33,11,15,3,3128,0,2,10.37,,,,FCB,,,,,,,,,,,,,,,
2Real,P7N,FCB,SR116,,Scar,3,W,4,2,26,25,7,17,5,2986,3,1,10.37,,,,P7N,P7N,FCB,SR116,,Scar,3,W,4,2,,,,,,
Gio,P7N,FCB,SR116,,Scar,3,W,4,2,33,24,10,19,6,3959,0,4,10.37,,,,P7N,,,,,,,,,,,,,,,
Owakening,P7N,FCB,SR116,,Scar,3,W,4,2,25,25,14,16,6,3591,1,0,10.37,,,,P7N,,,,,,,,,,,,,,,
Uli,P7N,FCB,SR116,,Scar,3,W,4,2,31,28,8,18,4,3418,0,1,10.37,,,,P7N,,,,,,,,,,,,,,,
Aspekt,DHE,T1G,SR117,,Exposure,3,W,6,1,25,16,13,18,4,2633,2,1,9.03,,,,DHE,DHE,T1G,SR117,,Exposure,3,W,6,1,,,,,,
Detain,DHE,T1G,SR117,,Exposure,3,W,6,1,28,14,6,25,6,3041,0,0,9.03,,,,DHE,,,,,,,,,,,,,,,
Mighty,DHE,T1G,SR117,,Exposure,3,W,6,1,25,19,9,15,3,3420,0,5,9.03,,,,DHE,,,,,,,,,,,,,,,
Syqz,DHE,T1G,SR117,,Exposure,3,W,6,1,22,21,9,18,4,2595,4,1,9.03,,,,DHE,,,,,,,,,,,,,,,
Henry,T1G,DHE,SR117,,Exposure,3,L,1,6,11,28,7,7,2,2115,0,0,9.03,,,,T1G,T1G,DHE,SR117,,Exposure,3,L,1,6,,,,,,
Kez,T1G,DHE,SR117,,Exposure,3,L,1,6,17,22,6,11,3,2065,0,1,9.03,,,,T1G,,,,,,,,,,,,,,,
Ovrlay,T1G,DHE,SR117,,Exposure,3,L,1,6,21,23,7,15,4,2846,1,1,9.03,,,,T1G,,,,,,,,,,,,,,,
Rush,T1G,DHE,SR117,,Exposure,3,L,1,6,21,27,3,9,2,2100,0,0,9.03,,,,T1G,,,,,,,,,,,,,,,
Breszy,CLR,LEW,SR118,,Scar,3,W,2,1,23,24,13,19,3,3050,0,0,10.45,,,,CLR,CLR,LEW,SR118,,Scar,3,W,2,1,,,,,,
Cobra,CLR,LEW,SR118,,Scar,3,W,2,1,24,22,8,19,4,3165,1,2,10.45,,,,CLR,,,,,,,,,,,,,,,
Lynz,CLR,LEW,SR118,,Scar,3,W,2,1,36,22,10,30,7,4085,0,6,10.45,,,,CLR,,,,,,,,,,,,,,,
Melko,CLR,LEW,SR118,,Scar,3,W,2,1,17,23,11,13,4,2220,0,3,10.45,,,,CLR,,,,,,,,,,,,,,,
BBConor,LEW,CLR,SR118,,Scar,3,L,1,2,30,26,8,21,5,3868,0,4,10.45,,,,LEW,LEW,CLR,SR118,,Scar,3,L,1,2,,,,,,
Disarray,LEW,CLR,SR118,,Scar,3,L,1,2,27,23,12,21,5,3179,1,5,10.45,,,,LEW,,,,,,,,,,,,,,,
Faisal,LEW,CLR,SR118,,Scar,3,L,1,2,20,25,7,15,3,2572,0,0,10.45,,,,LEW,,,,,,,,,,,,,,,
Yafty,LEW,CLR,SR118,,Scar,3,L,1,2,14,26,9,10,3,2104,0,2,10.45,,,,LEW,,,,,,,,,,,,,,,
Blade,RAU,NVI,SR119,,Den,3,W,5,1,25,16,8,20,5,2543,2,3,8.67,,,,RAU,RAU,NVI,SR119,,Den,3,W,5,1,,,,,,
Fibrone,RAU,NVI,SR119,,Den,3,W,5,1,17,18,20,12,4,2977,0,1,8.67,,,,RAU,,,,,,,,,,,,,,,
Yazaah,RAU,NVI,SR119,,Den,3,W,5,1,25,23,6,15,4,2649,0,4,8.67,,,,RAU,,,,,,,,,,,,,,,
Zirow,RAU,NVI,SR119,,Den,3,W,5,1,28,20,5,22,5,2521,3,4,8.67,,,,RAU,,,,,,,,,,,,,,,
Gntl,NVI,RAU,SR119,,Den,3,L,1,5,24,22,11,17,3,3204,1,3,8.67,,,,NVI,NVI,RAU,SR119,,Den,3,L,1,5,,,,,,
RaZeSouL,NVI,RAU,SR119,,Den,3,L,1,5,18,25,9,11,3,2609,0,2,8.67,,,,NVI,,,,,,,,,,,,,,,
RealCharm,NVI,RAU,SR119,,Den,3,L,1,5,20,23,9,11,3,2748,0,2,8.67,,,,NVI,,,,,,,,,,,,,,,
Shay,NVI,RAU,SR119,,Den,3,L,1,5,15,25,6,7,2,1731,0,3,8.67,,,,NVI,,,,,,,,,,,,,,,
D7oomx,ROC,HYB,SR120,,Den,3,L,3,6,22,23,14,13,3,3172,0,1,9.20,,,,ROC,ROC,HYB,SR120,,Den,3,L,3,6,,,,,,
D7om,ROC,HYB,SR120,,Den,3,L,3,6,18,29,11,11,3,2522,1,0,9.20,,,,ROC,,,,,,,,,,,,,,,
Khhx,ROC,HYB,SR120,,Den,3,L,3,6,30,19,5,24,13,3259,1,0,9.20,,,,ROC,,,,,,,,,,,,,,,
Rxld,ROC,HYB,SR120,,Den,3,L,3,6,20,28,7,12,4,2242,1,1,9.20,,,,ROC,,,,,,,,,,,,,,,
Chunk,HYB,ROC,SR120,,Den,3,W,6,3,24,23,9,17,3,3095,2,1,9.20,,,,HYB,HYB,ROC,SR120,,Den,3,W,6,3,,,,,,
Scythe,HYB,ROC,SR120,,Den,3,W,6,3,26,25,9,18,5,2816,2,1,9.20,,,,HYB,,,,,,,,,,,,,,,
Twisted,HYB,ROC,SR120,,Den,3,W,6,3,28,23,6,18,4,3506,1,6,9.20,,,,HYB,,,,,,,,,,,,,,,
Wailers,HYB,ROC,SR120,,Den,3,W,6,3,21,19,9,13,6,2451,1,1,9.20,,,,HYB,,,,,,,,,,,,,,,
Aiden,L8U,LOS,SR121,,Scar,3,W,6,0,28,19,21,18,5,3806,3,3,9.62,,,,L8U,L8U,LOS,SR121,,Scar,3,W,6,0,,,,,,
CleemZi,L8U,LOS,SR121,,Scar,3,W,6,0,20,20,6,15,2,2239,2,0,9.62,,,,L8U,,,,,,,,,,,,,,,
Dany,L8U,LOS,SR121,,Scar,3,W,6,0,35,25,12,30,6,3739,0,2,9.62,,,,L8U,,,,,,,,,,,,,,,
Ziddix,L8U,LOS,SR121,,Scar,3,W,6,0,27,25,10,19,5,3195,1,3,9.62,,,,L8U,,,,,,,,,,,,,,,
envdiaN,LOS,L8U,SR121,,Scar,3,L,0,6,23,27,5,12,3,2741,0,0,9.62,,,,LOS,LOS,L8U,SR121,,Scar,3,L,0,6,,,,,,
Fatal,LOS,L8U,SR121,,Scar,3,L,0,6,19,33,6,10,3,3215,0,2,9.62,,,,LOS,,,,,,,,,,,,,,,
Reedy,LOS,L8U,SR121,,Scar,3,L,0,6,11,22,1,6,4,1139,0,1,9.62,,,,LOS,,,,,,,,,,,,,,,
surnas,LOS,L8U,SR121,,Scar,3,L,0,6,36,28,5,25,4,3969,0,6,9.62,,,,LOS,,,,,,,,,,,,,,,
Denza,P7E,SYN,SR122,,Scar,3,L,5,5,34,21,5,26,8,3257,0,1,10.92,,,,P7E,P7E,SYN,SR122,,Scar,3,L,5,5,,,,,,
FDot,P7E,SYN,SR122,,Scar,3,L,5,5,25,27,12,17,3,3319,1,1,10.92,,,,P7E,,,,,,,,,,,,,,,
Harry,P7E,SYN,SR122,,Scar,3,L,5,5,20,29,12,10,2,2915,3,1,10.92,,,,P7E,,,,,,,,,,,,,,,
Mythix,P7E,SYN,SR122,,Scar,3,L,5,5,26,23,10,21,4,3243,1,4,10.92,,,,P7E,,,,,,,,,,,,,,,
Alfa,SYN,P7E,SR122,,Scar,3,W,5,5,30,22,14,18,4,3718,2,4,10.92,,,,SYN,SYN,P7E,SR122,,Scar,3,W,5,5,,,,,,
D3,SYN,P7E,SR122,,Scar,3,W,5,5,25,25,12,18,7,2835,1,2,10.92,,,,SYN,,,,,,,,,,,,,,,
Depa,SYN,P7E,SR122,,Scar,3,W,5,5,29,29,9,20,3,3670,1,2,10.92,,,,SYN,,,,,,,,,,,,,,,
Nadox,SYN,P7E,SR122,,Scar,3,W,5,5,16,29,13,9,2,2282,1,2,10.92,,,,SYN,,,,,,,,,,,,,,,
Capsidal,TBG,HTR,SR123,,Den,3,L,1,4,20,30,10,12,2,2639,1,4,10.20,,,,TBG,TBG,HTR,SR123,,Den,3,L,1,4,,,,,,
Fire,TBG,HTR,SR123,,Den,3,L,1,4,20,26,19,11,3,3134,0,3,10.20,,,,TBG,,,,,,,,,,,,,,,
Prolute,TBG,HTR,SR123,,Den,3,L,1,4,27,29,7,16,4,3259,0,4,10.20,,,,TBG,,,,,,,,,,,,,,,
Spart,TBG,HTR,SR123,,Den,3,L,1,4,23,25,7,18,5,2683,0,3,10.20,,,,TBG,,,,,,,,,,,,,,,
Aidanyx,HTR,TBG,SR123,,Den,3,W,4,1,22,28,15,14,4,3277,0,1,10.20,,,,HTR,HTR,TBG,SR123,,Den,3,W,4,1,,,,,,
IconZ,HTR,TBG,SR123,,Den,3,W,4,1,19,22,5,9,2,2358,2,4,10.20,,,,HTR,,,,,,,,,,,,,,,
Nemensions,HTR,TBG,SR123,,Den,3,W,4,1,36,18,8,29,5,3584,2,3,10.20,,,,HTR,,,,,,,,,,,,,,,
Veilleux,HTR,TBG,SR123,,Den,3,W,4,1,33,22,8,25,5,3851,0,3,10.20,,,,HTR,,,,,,,,,,,,,,,
DC,NXT,FFS,SR124,,Den,3,L,2,6,23,29,9,14,4,3278,0,3,10.00,,,,NXT,NXT,FFS,SR124,,Den,3,L,2,6,,,,,,
Johnny,NXT,FFS,SR124,,Den,3,L,2,6,23,22,7,15,4,2431,1,2,10.00,,,,NXT,,,,,,,,,,,,,,,
Standy,NXT,FFS,SR124,,Den,3,L,2,6,24,23,10,18,3,3104,1,2,10.00,,,,NXT,,,,,,,,,,,,,,,
Yeez,NXT,FFS,SR124,,Den,3,L,2,6,21,28,6,12,3,2746,0,4,10.00,,,,NXT,,,,,,,,,,,,,,,
Darksived,FFS,NXT,SR124,,Den,3,W,6,2,22,28,13,14,3,3054,2,2,10.00,,,,FFS,FFS,NXT,SR124,,Den,3,W,6,2,,,,,,
ErikBoom,FFS,NXT,SR124,,Den,3,W,6,2,31,24,11,23,6,3866,0,2,10.00,,,,FFS,,,,,,,,,,,,,,,
KB,FFS,NXT,SR124,,Den,3,W,6,2,18,22,7,13,4,2420,2,1,10.00,,,,FFS,,,,,,,,,,,,,,,
Wrecks,FFS,NXT,SR124,,Den,3,W,6,2,31,18,9,22,5,3454,2,3,10.00,,,,FFS,,,,,,,,,,,,,,,
Alluka,OMB,FUN,SR125,,Den,3,W,3,1,25,19,7,19,6,3491,0,2,10.37,,,,OMB,OMB,FUN,SR125,,Den,3,W,3,1,,,,,,
Brack,OMB,FUN,SR125,,Den,3,W,3,1,20,19,10,12,3,2571,2,2,10.37,,,,OMB,,,,,,,,,,,,,,,
FeLo,OMB,FUN,SR125,,Den,3,W,3,1,31,21,8,23,4,3597,0,3,10.37,,,,OMB,,,,,,,,,,,,,,,
Nate,OMB,FUN,SR125,,Den,3,W,3,1,21,21,7,16,4,2366,1,1,10.37,,,,OMB,,,,,,,,,,,,,,,
Peel,FUN,OMB,SR125,,Den,3,W,1,3,20,23,11,14,3,2827,0,1,10.37,,,,FUN,FUN,OMB,SR125,,Den,3,W,1,3,,,,,,
Phantomz,FUN,OMB,SR125,,Den,3,W,1,3,16,25,11,9,2,2559,1,1,10.37,,,,FUN,,,,,,,,,,,,,,,
Prodahh,FUN,OMB,SR125,,Den,3,W,1,3,23,23,9,15,3,2519,0,4,10.37,,,,FUN,,,,,,,,,,,,,,,
Vik,FUN,OMB,SR125,,Den,3,W,1,3,21,26,9,16,3,2401,0,1,10.37,,,,FUN,,,,,,,,,,,,,,,
Arcitys,FAW,FCB,SR126,,Exposure,3,W,3,1,24,19,7,15,5,2974,2,1,10.00,,,,FAW,FAW,FCB,SR126,,Exposure,3,W,3,1,,,,,,
KingAbody,FAW,FCB,SR126,,Exposure,3,W,3,1,19,22,10,13,7,2497,1,2,10.00,,,,FAW,,,,,,,,,,,,,,,
PaulEhx,FAW,FCB,SR126,,Exposure,3,W,3,1,28,22,9,19,5,3697,0,1,10.00,,,,FAW,,,,,,,,,,,,,,,
Priestahh,FAW,FCB,SR126,,Exposure,3,W,3,1,20,20,5,18,6,2508,0,1,10.00,,,,FAW,,,,,,,,,,,,,,,
Cimbels,FCB,FAW,SR126,,Exposure,3,L,1,3,21,22,2,17,3,2510,0,4,10.00,,,,FCB,FCB,FAW,SR126,,Exposure,3,L,1,3,,,,,,
Okis,FCB,FAW,SR126,,Exposure,3,L,1,3,20,23,7,15,5,2908,0,0,10.00,,,,FCB,,,,,,,,,,,,,,,
Ryann,FCB,FAW,SR126,,Exposure,3,L,1,3,23,20,9,14,6,3036,0,2,10.00,,,,FCB,,,,,,,,,,,,,,,
Swagchecked,FCB,FAW,SR126,,Exposure,3,L,1,3,19,26,9,11,4,2660,1,1,10.00,,,,FCB,,,,,,,,,,,,,,,
2Real,P7N,CBL,SR127,,Den,3,W,5,3,25,23,10,14,4,3182,2,1,8.85,,,,P7N,P7N,CBL,SR127,,Den,3,W,5,3,,,,,,
Gio,P7N,CBL,SR127,,Den,3,W,5,3,25,21,8,19,5,3067,2,2,8.85,,,,P7N,,,,,,,,,,,,,,,
Owakening,P7N,CBL,SR127,,Den,3,W,5,3,28,19,8,20,6,3137,0,2,8.85,,,,P7N,,,,,,,,,,,,,,,
Uli,P7N,CBL,SR127,,Den,3,W,5,3,10,21,6,4,2,1600,1,0,8.85,,,,P7N,,,,,,,,,,,,,,,
Hamza,CBL,P7N,SR127,,Den,3,L,3,5,23,19,10,12,4,2916,1,1,8.85,,,,CBL,CBL,P7N,SR127,,Den,3,L,3,5,,,,,,
Katze,CBL,P7N,SR127,,Den,3,L,3,5,19,25,11,9,3,2807,0,2,8.85,,,,CBL,,,,,,,,,,,,,,,
Manny,CBL,P7N,SR127,,Den,3,L,3,5,16,23,11,13,3,2039,1,1,8.85,,,,CBL,,,,,,,,,,,,,,,
Nejra,CBL,P7N,SR127,,Den,3,L,3,5,26,21,4,19,4,2555,1,1,8.85,,,,CBL,,,,,,,,,,,,,,,
Kips,HUN,FAC,SR128,,Scar,3,W,5,4,21,28,12,15,3,2821,1,3,10.13,,,,HUN,HUN,FAC,SR128,,Scar,3,W,5,4,,,,,,
Nium,HUN,FAC,SR128,,Scar,3,W,5,4,34,22,6,24,5,3457,2,3,10.13,,,,HUN,,,,,,,,,,,,,,,
Renegade,HUN,FAC,SR128,,Scar,3,W,5,4,16,28,11,11,2,2262,0,0,10.13,,,,HUN,,,,,,,,,,,,,,,
Rspi,HUN,FAC,SR128,,Scar,3,W,5,4,24,29,11,16,5,3018,2,3,10.13,,,,HUN,,,,,,,,,,,,,,,
Asim,FAC,HUN,SR128,,Scar,3,L,4,5,25,24,16,18,3,3488,1,3,10.13,,,,FAC,FAC,HUN,SR128,,Scar,3,L,4,5,,,,,,
QK4B,FAC,HUN,SR128,,Scar,3,L,4,5,36,20,7,28,7,3846,1,1,10.13,,,,FAC,,,,,,,,,,,,,,,
Roxas,FAC,HUN,SR128,,Scar,3,L,4,5,25,23,6,15,4,2918,1,2,10.13,,,,FAC,,,,,,,,,,,,,,,
Ruper,FAC,HUN,SR128,,Scar,3,L,4,5,21,28,10,11,4,2609,1,2,10.13,,,,FAC,,,,,,,,,,,,,,,
Aspekt,DHE,P7E,SR129,,Exposure,3,L,2,4,27,28,9,17,5,3272,0,4,10.08,,,,DHE,DHE,P7E,SR129,,Exposure,3,L,2,4,,,,,,
Detain,DHE,P7E,SR129,,Exposure,3,L,2,4,21,23,8,13,4,2737,1,0,10.08,,,,DHE,,,,,,,,,,,,,,,
Mighty,DHE,P7E,SR129,,Exposure,3,L,2,4,22,27,9,15,3,2971,0,3,10.08,,,,DHE,,,,,,,,,,,,,,,
Syqz,DHE,P7E,SR129,,Exposure,3,L,2,4,17,25,9,11,2,2241,1,1,10.08,,,,DHE,,,,,,,,,,,,,,,
Denza,P7E,DHE,SR129,,Exposure,3,W,4,2,20,20,11,15,4,2469,1,4,10.08,,,,P7E,P7E,DHE,SR129,,Exposure,3,W,4,2,,,,,,
FDot,P7E,DHE,SR129,,Exposure,3,W,4,2,30,27,16,22,5,3811,0,4,10.08,,,,P7E,,,,,,,,,,,,,,,
Harry,P7E,DHE,SR129,,Exposure,3,W,4,2,30,20,5,21,5,3296,2,4,10.08,,,,P7E,,,,,,,,,,,,,,,
Mythix,P7E,DHE,SR129,,Exposure,3,W,4,2,22,20,7,17,5,2324,1,0,10.08,,,,P7E,,,,,,,,,,,,,,,
Henry,T1G,SYN,SR130,,Scar,3,W,3,4,27,27,8,19,3,3143,1,4,10.00,,,,T1G,T1G,SYN,SR130,,Scar,3,W,3,4,,,,,,
Kez,T1G,SYN,SR130,,Scar,3,W,3,4,24,29,11,15,4,2946,0,5,10.00,,,,T1G,,,,,,,,,,,,,,,
Ovrlay,T1G,SYN,SR130,,Scar,3,W,3,4,43,21,8,31,7,4478,2,1,10.00,,,,T1G,,,,,,,,,,,,,,,
Rush,T1G,SYN,SR130,,Scar,3,W,3,4,22,27,14,15,3,3021,0,2,10.00,,,,T1G,,,,,,,,,,,,,,,
Alfa,SYN,T1G,SR130,,Scar,3,L,4,3,27,24,11,18,5,3441,2,2,10.00,,,,SYN,SYN,T1G,SR130,,Scar,3,L,4,3,,,,,,
D3,SYN,T1G,SR130,,Scar,3,L,4,3,22,29,19,13,3,3324,0,1,10.00,,,,SYN,,,,,,,,,,,,,,,
Depa,SYN,T1G,SR130,,Scar,3,L,4,3,32,30,8,23,5,3410,1,4,10.00,,,,SYN,,,,,,,,,,,,,,,
Nadox,SYN,T1G,SR130,,Scar,3,L,4,3,23,33,12,12,3,3139,1,2,10.00,,,,SYN,,,,,,,,,,,,,,,
Breszy,CLR,HYB,SR131,,Den,3,W,8,3,31,22,9,23,6,3685,0,2,10.00,,,,CLR,CLR,HYB,SR131,,Den,3,W,8,3,,,,,,
Cobra,CLR,HYB,SR131,,Den,3,W,8,3,27,20,9,19,6,3409,4,0,10.00,,,,CLR,,,,,,,,,,,,,,,
Lynz,CLR,HYB,SR131,,Den,3,W,8,3,29,22,14,22,5,3334,1,1,10.00,,,,CLR,,,,,,,,,,,,,,,
Melko,CLR,HYB,SR131,,Den,3,W,8,3,19,21,10,15,6,2282,3,2,10.00,,,,CLR,,,,,,,,,,,,,,,
Chunk,HYB,CLR,SR131,,Den,3,L,3,8,24,26,9,15,3,3173,0,4,10.00,,,,HYB,HYB,CLR,SR131,,Den,3,L,3,8,,,,,,
Scythe,HYB,CLR,SR131,,Den,3,L,3,8,14,30,10,7,3,2222,0,1,10.00,,,,HYB,,,,,,,,,,,,,,,
Twisted,HYB,CLR,SR131,,Den,3,L,3,8,21,28,9,14,3,2498,1,1,10.00,,,,HYB,,,,,,,,,,,,,,,
Wailers,HYB,CLR,SR131,,Den,3,L,3,8,26,22,6,17,5,3060,2,4,10.00,,,,HYB,,,,,,,,,,,,,,,
Gntl,NVI,ROC,SR132,,Den,3,L,2,8,15,24,5,10,3,2272,0,1,8.07,,,,NVI,NVI,ROC,SR132,,Den,3,L,2,8,,,,,,
RaZeSouL,NVI,ROC,SR132,,Den,3,L,2,8,12,25,6,8,2,2032,0,1,8.07,,,,NVI,,,,,,,,,,,,,,,
RealCharm,NVI,ROC,SR132,,Den,3,L,2,8,18,23,3,14,3,2246,1,1,8.07,,,,NVI,,,,,,,,,,,,,,,
Shay,NVI,ROC,SR132,,Den,3,L,2,8,18,27,2,12,4,2185,1,2,8.07,,,,NVI,,,,,,,,,,,,,,,
D7oomx,ROC,NVI,SR132,,Den,3,W,8,2,32,13,12,27,6,3615,5,2,8.07,,,,ROC,ROC,NVI,SR132,,Den,3,W,8,2,,,,,,
D7om,ROC,NVI,SR132,,Den,3,W,8,2,33,16,4,25,5,3349,0,3,8.07,,,,ROC,,,,,,,,,,,,,,,
Khhx,ROC,NVI,SR132,,Den,3,W,8,2,13,17,8,10,3,2398,0,1,8.07,,,,ROC,,,,,,,,,,,,,,,
Rxld,ROC,NVI,SR132,,Den,3,W,8,2,21,17,7,15,4,2296,3,2,8.07,,,,ROC,,,,,,,,,,,,,,,
Chunk,HYB,T1G,SR133,,Scar,3,W,5,4,36,25,5,25,7,3769,1,1,10.03,,,,HYB,HYB,T1G,SR133,,Scar,3,W,5,4,,,,,,
Scythe,HYB,T1G,SR133,,Scar,3,W,5,4,24,27,7,19,5,2982,0,1,10.03,,,,HYB,,,,,,,,,,,,,,,
Twisted,HYB,T1G,SR133,,Scar,3,W,5,4,17,27,7,13,3,2706,1,4,10.03,,,,HYB,,,,,,,,,,,,,,,
Wailers,HYB,T1G,SR133,,Scar,3,W,5,4,24,28,11,13,3,3274,3,2,10.03,,,,HYB,,,,,,,,,,,,,,,
Henry,T1G,HYB,SR133,,Scar,3,L,4,5,30,23,12,19,4,3424,0,3,10.03,,,,T1G,T1G,HYB,SR133,,Scar,3,L,4,5,,,,,,
Kez,T1G,HYB,SR133,,Scar,3,L,4,5,27,28,11,18,4,3346,0,2,10.03,,,,T1G,,,,,,,,,,,,,,,
Ovrlay,T1G,HYB,SR133,,Scar,3,L,4,5,30,24,8,23,6,3303,1,1,10.03,,,,T1G,,,,,,,,,,,,,,,
Rush,T1G,HYB,SR133,,Scar,3,L,4,5,20,26,12,12,3,2432,3,0,10.03,,,,T1G,,,,,,,,,,,,,,,
Gntl,NVI,DHE,SR134,,Den,3,L,3,6,21,29,10,16,3,2655,1,2,10.42,,,,NVI,NVI,DHE,SR134,,Den,3,L,3,6,,,,,,
RaZeSouL,NVI,DHE,SR134,,Den,3,L,3,6,28,25,3,19,4,3244,1,4,10.42,,,,NVI,,,,,,,,,,,,,,,
RealCharm,NVI,DHE,SR134,,Den,3,L,3,6,18,29,8,10,3,2952,1,1,10.42,,,,NVI,,,,,,,,,,,,,,,
Shay,NVI,DHE,SR134,,Den,3,L,3,6,21,29,7,11,3,3253,0,1,10.42,,,,NVI,,,,,,,,,,,,,,,
Aspekt,DHE,NVI,SR134,,Den,3,W,6,3,32,21,8,26,5,3625,1,1,10.42,,,,DHE,DHE,NVI,SR134,,Den,3,W,6,3,,,,,,
Detain,DHE,NVI,SR134,,Den,3,W,6,3,20,25,11,13,3,2771,2,3,10.42,,,,DHE,,,,,,,,,,,,,,,
Mighty,DHE,NVI,SR134,,Den,3,W,6,3,29,21,12,19,5,3758,1,1,10.42,,,,DHE,,,,,,,,,,,,,,,
Syqz,DHE,NVI,SR134,,Den,3,W,6,3,31,21,6,21,5,3352,2,5,10.42,,,,DHE,,,,,,,,,,,,,,,
Breszy,CLR,SYN,SR135,,Scar,3,W,6,5,24,26,7,15,3,2680,0,0,10.17,,,,CLR,CLR,SYN,SR135,,Scar,3,W,6,5,,,,,,
Cobra,CLR,SYN,SR135,,Scar,3,W,6,5,23,28,16,13,3,3694,2,2,10.17,,,,CLR,,,,,,,,,,,,,,,
Lynz,CLR,SYN,SR135,,Scar,3,W,6,5,33,24,10,23,5,3401,2,2,10.17,,,,CLR,,,,,,,,,,,,,,,
Melko,CLR,SYN,SR135,,Scar,3,W,6,5,32,23,9,23,4,3584,2,4,10.17,,,,CLR,,,,,,,,,,,,,,,
Alfa,SYN,CLR,SR135,,Scar,3,L,5,6,22,25,11,13,4,2629,1,3,10.17,,,,SYN,SYN,CLR,SR135,,Scar,3,L,5,6,,,,,,
D3,SYN,CLR,SR135,,Scar,3,L,5,6,26,26,15,16,4,3255,0,1,10.17,,,,SYN,,,,,,,,,,,,,,,
Depa,SYN,CLR,SR135,,Scar,3,L,5,6,32,28,8,17,4,3487,1,3,10.17,,,,SYN,,,,,,,,,,,,,,,
Nadox,SYN,CLR,SR135,,Scar,3,L,5,6,21,33,11,14,3,2916,3,1,10.17,,,,SYN,,,,,,,,,,,,,,,
D7oomx,ROC,P7E,SR136,,Scar,3,W,5,0,23,17,10,17,3,3105,3,3,8.30,,,,ROC,ROC,P7E,SR136,,Scar,3,W,5,0,,,,,,
D7om,ROC,P7E,SR136,,Scar,3,W,5,0,27,19,7,20,5,3019,0,2,8.30,,,,ROC,,,,,,,,,,,,,,,
Khhx,ROC,P7E,SR136,,Scar,3,W,5,0,23,16,11,17,7,2852,0,1,8.30,,,,ROC,,,,,,,,,,,,,,,
Rxld,ROC,P7E,SR136,,Scar,3,W,5,0,24,19,8,13,5,2628,2,0,8.30,,,,ROC,,,,,,,,,,,,,,,
Denza,P7E,ROC,SR136,,Scar,3,L,0,5,8,25,13,6,1,1553,0,1,8.30,,,,P7E,P7E,ROC,SR136,,Scar,3,L,0,5,,,,,,
FDot,P7E,ROC,SR136,,Scar,3,L,0,5,23,27,2,12,4,2452,0,3,8.30,,,,P7E,,,,,,,,,,,,,,,
Harry,P7E,ROC,SR136,,Scar,3,L,0,5,24,23,6,15,4,2978,0,2,8.30,,,,P7E,,,,,,,,,,,,,,,
Mythix,P7E,ROC,SR136,,Scar,3,L,0,5,16,22,10,9,3,2407,0,0,8.30,,,,P7E,,,,,,,,,,,,,,,
Asim,FAC,TBG,SR137,,Den,3,W,5,1,20,25,11,13,4,2786,3,2,9.98,,,,FAC,FAC,TBG,SR137,,Den,3,W,5,1,,,,,,
QK4B,FAC,TBG,SR137,,Den,3,W,5,1,27,23,10,16,5,3258,0,2,9.98,,,,FAC,,,,,,,,,,,,,,,
Roxas,FAC,TBG,SR137,,Den,3,W,5,1,28,17,9,20,6,3618,1,4,9.98,,,,FAC,,,,,,,,,,,,,,,
Ruper,FAC,TBG,SR137,,Den,3,W,5,1,28,22,9,20,5,2982,1,3,9.98,,,,FAC,,,,,,,,,,,,,,,
Capsidal,TBG,FAC,SR137,,Den,3,L,1,5,13,29,13,9,2,2733,1,2,9.98,,,,TBG,TBG,FAC,SR137,,Den,3,L,1,5,,,,,,
Fire,TBG,FAC,SR137,,Den,3,L,1,5,19,26,8,11,3,2293,0,1,9.98,,,,TBG,,,,,,,,,,,,,,,
Prolute,TBG,FAC,SR137,,Den,3,L,1,5,29,25,7,23,3,2899,0,3,9.98,,,,TBG,,,,,,,,,,,,,,,
Spart,TBG,FAC,SR137,,Den,3,L,1,5,26,23,9,18,3,3105,0,3,9.98,,,,TBG,,,,,,,,,,,,,,,
Kips,HUN,FUN,SR138,,Scar,3,L,2,4,21,25,9,15,6,2441,0,1,10.18,,,,HUN,HUN,FUN,SR138,,Scar,3,L,2,4,,,,,,
Nium,HUN,FUN,SR138,,Scar,3,L,2,4,29,22,12,21,4,3976,0,3,10.18,,,,HUN,,,,,,,,,,,,,,,
Renegade,HUN,FUN,SR138,,Scar,3,L,2,4,25,23,9,18,5,2860,1,2,10.18,,,,HUN,,,,,,,,,,,,,,,
Rspi,HUN,FUN,SR138,,Scar,3,L,2,4,21,28,11,13,3,2873,1,2,10.18,,,,HUN,,,,,,,,,,,,,,,
Peel,FUN,HUN,SR138,,Scar,3,W,4,2,24,28,12,13,4,3297,0,2,10.18,,,,FUN,FUN,HUN,SR138,,Scar,3,W,4,2,,,,,,
Phantomz,FUN,HUN,SR138,,Scar,3,W,4,2,25,22,11,21,3,3628,1,4,10.18,,,,FUN,,,,,,,,,,,,,,,
Prodahh,FUN,HUN,SR138,,Scar,3,W,4,2,20,21,5,10,3,2275,1,4,10.18,,,,FUN,,,,,,,,,,,,,,,
Vik,FUN,HUN,SR138,,Scar,3,W,4,2,29,25,12,18,5,3985,2,0,10.18,,,,FUN,,,,,,,,,,,,,,,
2Real,P7N,OMB,SR139,,Den,3,W,1,0,25,26,10,15,5,3287,1,2,10.00,,,,P7N,P7N,OMB,SR139,,Den,3,W,1,0,,,,,,
Gio,P7N,OMB,SR139,,Den,3,W,1,0,26,24,5,19,4,3220,0,0,10.00,,,,P7N,,,,,,,,,,,,,,,
Owakening,P7N,OMB,SR139,,Den,3,W,1,0,24,20,8,18,4,3325,0,1,10.00,,,,P7N,,,,,,,,,,,,,,,
Uli,P7N,OMB,SR139,,Den,3,W,1,0,20,25,10,13,4,2293,0,4,10.00,,,,P7N,,,,,,,,,,,,,,,
Alluka,OMB,P7N,SR139,,Den,3,L,0,1,27,21,14,18,3,3442,0,5,10.00,,,,OMB,OMB,P7N,SR139,,Den,3,L,0,1,,,,,,
Brack,OMB,P7N,SR139,,Den,3,L,0,1,29,24,9,14,3,3520,0,4,10.00,,,,OMB,,,,,,,,,,,,,,,
FeLo,OMB,P7N,SR139,,Den,3,L,0,1,16,26,7,11,4,2547,0,0,10.00,,,,OMB,,,,,,,,,,,,,,,
Nate,OMB,P7N,SR139,,Den,3,L,0,1,23,24,9,18,4,2814,0,2,10.00,,,,OMB,,,,,,,,,,,,,,,
Arcitys,FAW,FFS,SR140,,Den,3,L,2,4,21,23,11,14,3,2941,0,1,10.00,,,,FAW,FAW,FFS,SR140,,Den,3,L,2,4,,,,,,
KingAbody,FAW,FFS,SR140,,Den,3,L,2,4,29,23,4,21,6,2913,0,4,10.00,,,,FAW,,,,,,,,,,,,,,,
PaulEhx,FAW,FFS,SR140,,Den,3,L,2,4,28,20,8,22,4,3423,1,0,10.00,,,,FAW,,,,,,,,,,,,,,,
Priestahh,FAW,FFS,SR140,,Den,3,L,2,4,18,23,7,9,3,2114,1,2,10.00,,,,FAW,,,,,,,,,,,,,,,
Darksived,FFS,FAW,SR140,,Den,3,L,4,2,31,19,7,23,5,3387,0,2,10.00,,,,FFS,FFS,FAW,SR140,,Den,3,L,4,2,,,,,,
ErikBoom,FFS,FAW,SR140,,Den,3,L,4,2,22,28,8,13,3,2667,2,3,10.00,,,,FFS,,,,,,,,,,,,,,,
KB,FFS,FAW,SR140,,Den,3,L,4,2,14,23,9,10,2,1842,2,3,10.00,,,,FFS,,,,,,,,,,,,,,,
Wrecks,FFS,FAW,SR140,,Den,3,L,4,2,22,26,10,15,3,3100,0,3,10.00,,,,FFS,,,,,,,,,,,,,,,
Alluka,OMB,TBG,SR141,,Den,3,W,5,0,22,22,7,17,2,3002,0,4,10.03,,,,OMB,OMB,TBG,SR141,,Den,3,W,5,0,,,,,,
Brack,OMB,TBG,SR141,,Den,3,W,5,0,25,19,9,16,3,3148,2,3,10.03,,,,OMB,,,,,,,,,,,,,,,
FeLo,OMB,TBG,SR141,,Den,3,W,5,0,25,16,9,20,5,2879,3,2,10.03,,,,OMB,,,,,,,,,,,,,,,
Nate,OMB,TBG,SR141,,Den,3,W,5,0,26,24,4,18,4,3189,0,3,10.03,,,,OMB,,,,,,,,,,,,,,,
Capsidal,TBG,OMB,SR141,,Den,3,L,0,5,12,26,11,10,2,1930,0,1,10.03,,,,TBG,TBG,OMB,SR141,,Den,3,L,0,5,,,,,,
Fire,TBG,OMB,SR141,,Den,3,L,0,5,22,24,13,17,5,2949,0,1,10.03,,,,TBG,,,,,,,,,,,,,,,
Prolute,TBG,OMB,SR141,,Den,3,L,0,5,22,27,8,15,5,2863,0,0,10.03,,,,TBG,,,,,,,,,,,,,,,
Spart,TBG,OMB,SR141,,Den,3,L,0,5,25,21,8,16,3,3109,0,3,10.03,,,,TBG,,,,,,,,,,,,,,,
Arcitys,FAW,HUN,SR142,,Den,3,W,2,2,24,25,5,14,3,2781,0,3,10.52,,,,FAW,FAW,HUN,SR142,,Den,3,W,2,2,,,,,,
KingAbody,FAW,HUN,SR142,,Den,3,W,2,2,21,23,9,13,3,2784,1,4,10.52,,,,FAW,,,,,,,,,,,,,,,
PaulEhx,FAW,HUN,SR142,,Den,3,W,2,2,27,22,12,21,4,3936,1,5,10.52,,,,FAW,,,,,,,,,,,,,,,
Priestahh,FAW,HUN,SR142,,Den,3,W,2,2,26,24,6,18,4,3481,0,3,10.52,,,,FAW,,,,,,,,,,,,,,,
Kips,HUN,FAW,SR142,,Den,3,L,2,2,16,22,16,13,4,3024,0,3,10.52,,,,HUN,HUN,FAW,SR142,,Den,3,L,2,2,,,,,,
Nium,HUN,FAW,SR142,,Den,3,L,2,2,26,25,9,20,4,3308,0,1,10.52,,,,HUN,,,,,,,,,,,,,,,
Renegade,HUN,FAW,SR142,,Den,3,L,2,2,30,27,4,16,3,3024,1,1,10.52,,,,HUN,,,,,,,,,,,,,,,
Rspi,HUN,FAW,SR142,,Den,3,L,2,2,22,24,7,20,4,2775,1,4,10.52,,,,HUN,,,,,,,,,,,,,,,
Darksived,FFS,FUN,SR143,,Exposure,3,W,5,2,23,23,11,12,2,2844,0,1,10.05,,,,FFS,FFS,FUN,SR143,,Exposure,3,W,5,2,,,,,,
ErikBoom,FFS,FUN,SR143,,Exposure,3,W,5,2,26,22,9,17,4,3012,2,3,10.05,,,,FFS,,,,,,,,,,,,,,,
KB,FFS,FUN,SR143,,Exposure,3,W,5,2,25,15,13,21,5,2641,3,5,10.05,,,,FFS,,,,,,,,,,,,,,,
Wrecks,FFS,FUN,SR143,,Exposure,3,W,5,2,28,20,10,18,4,3262,0,4,10.05,,,,FFS,,,,,,,,,,,,,,,
Peel,FUN,FFS,SR143,,Exposure,3,L,2,5,23,27,9,16,3,2539,1,2,10.05,,,,FUN,FUN,FFS,SR143,,Exposure,3,L,2,5,,,,,,
Phantomz,FUN,FFS,SR143,,Exposure,3,L,2,5,17,26,6,7,2,2365,0,2,10.05,,,,FUN,,,,,,,,,,,,,,,
Prodahh,FUN,FFS,SR143,,Exposure,3,L,2,5,13,23,11,7,3,2218,0,0,10.05,,,,FUN,,,,,,,,,,,,,,,
Vik,FUN,FFS,SR143,,Exposure,3,L,2,5,27,26,7,16,4,3160,1,4,10.05,,,,FUN,,,,,,,,,,,,,,,
2Real,P7N,FAC,SR144,,Den,3,W,6,2,24,19,8,17,3,2758,4,4,10.00,,,,P7N,P7N,FAC,SR144,,Den,3,W,6,2,,,,,,
Gio,P7N,FAC,SR144,,Den,3,W,6,2,29,20,10,21,7,3291,1,3,10.00,,,,P7N,,,,,,,,,,,,,,,
Owakening,P7N,FAC,SR144,,Den,3,W,6,2,25,25,15,20,8,3800,0,0,10.00,,,,P7N,,,,,,,,,,,,,,,
Uli,P7N,FAC,SR144,,Den,3,W,6,2,21,20,3,9,2,2300,1,0,10.00,,,,P7N,,,,,,,,,,,,,,,
Asim,FAC,P7N,SR144,,Den,3,L,2,6,19,28,5,8,2,2529,0,0,10.00,,,,FAC,FAC,P7N,SR144,,Den,3,L,2,6,,,,,,
QK4B,FAC,P7N,SR144,,Den,3,L,2,6,20,24,5,13,4,2559,0,1,10.00,,,,FAC,,,,,,,,,,,,,,,
Roxas,FAC,P7N,SR144,,Den,3,L,2,6,33,17,6,28,6,3879,1,2,10.00,,,,FAC,,,,,,,,,,,,,,,
Ruper,FAC,P7N,SR144,,Den,3,L,2,6,12,30,3,3,1,1694,1,1,10.00,,,,FAC,,,,,,,,,,,,,,,
Denza,P7E,HYB,SR145,,Exposure,3,W,4,2,18,25,8,9,5,2263,1,1,10.03,,,,P7E,P7E,HYB,SR145,,Exposure,3,W,4,2,,,,,,
FDot,P7E,HYB,SR145,,Exposure,3,W,4,2,18,27,16,12,2,2999,2,2,10.03,,,,P7E,,,,,,,,,,,,,,,
Harry,P7E,HYB,SR145,,Exposure,3,W,4,2,27,22,7,14,3,2797,1,1,10.03,,,,P7E,,,,,,,,,,,,,,,
Mythix,P7E,HYB,SR145,,Exposure,3,W,4,2,33,24,3,22,4,3927,0,4,10.03,,,,P7E,,,,,,,,,,,,,,,
Chunk,HYB,P7E,SR145,,Exposure,3,W,2,4,24,26,10,13,3,3275,1,1,10.03,,,,HYB,HYB,P7E,SR145,,Exposure,3,W,2,4,,,,,,
Scythe,HYB,P7E,SR145,,Exposure,3,W,2,4,30,22,5,22,9,3004,1,3,10.03,,,,HYB,,,,,,,,,,,,,,,
Twisted,HYB,P7E,SR145,,Exposure,3,W,2,4,20,24,9,16,3,2364,0,4,10.03,,,,HYB,,,,,,,,,,,,,,,
Wailers,HYB,P7E,SR145,,Exposure,3,W,2,4,24,24,12,18,4,3379,0,1,10.03,,,,HYB,,,,,,,,,,,,,,,
Aspekt,DHE,SYN,SR146,,Exposure,3,L,2,4,28,26,12,18,4,3199,0,4,10.00,,,,DHE,DHE,SYN,SR146,,Exposure,3,L,2,4,,,,,,
Detain,DHE,SYN,SR146,,Exposure,3,L,2,4,23,22,10,15,4,2550,1,2,10.00,,,,DHE,,,,,,,,,,,,,,,
Mighty,DHE,SYN,SR146,,Exposure,3,L,2,4,21,24,9,13,3,2673,0,4,10.00,,,,DHE,,,,,,,,,,,,,,,
Syqz,DHE,SYN,SR146,,Exposure,3,L,2,4,17,25,14,13,2,2555,1,2,10.00,,,,DHE,,,,,,,,,,,,,,,
Alfa,SYN,DHE,SR146,,Exposure,3,W,4,2,35,21,7,22,5,3446,1,2,10.00,,,,SYN,SYN,DHE,SR146,,Exposure,3,W,4,2,,,,,,
D3,SYN,DHE,SR146,,Exposure,3,W,4,2,20,21,7,14,2,2602,1,1,10.00,,,,SYN,,,,,,,,,,,,,,,
Depa,SYN,DHE,SR146,,Exposure,3,W,4,2,21,22,7,13,3,2960,1,3,10.00,,,,SYN,,,,,,,,,,,,,,,
Nadox,SYN,DHE,SR146,,Exposure,3,W,4,2,21,25,10,14,2,3110,1,3,10.00,,,,SYN,,,,,,,,,,,,,,,
Breszy,CLR,ROC,SR147,,Scar,3,L,1,5,21,25,11,13,6,3037,0,2,10.02,,,,CLR,CLR,ROC,SR147,,Scar,3,L,1,5,,,,,,
Cobra,CLR,ROC,SR147,,Scar,3,L,1,5,21,28,10,13,3,2877,0,2,10.02,,,,CLR,,,,,,,,,,,,,,,
Lynz,CLR,ROC,SR147,,Scar,3,L,1,5,32,28,10,20,5,3774,1,4,10.02,,,,CLR,,,,,,,,,,,,,,,
Melko,CLR,ROC,SR147,,Scar,3,L,1,5,29,31,10,17,4,3259,0,3,10.02,,,,CLR,,,,,,,,,,,,,,,
D7oomx,ROC,CLR,SR147,,Scar,3,W,5,1,24,24,9,18,4,3086,2,4,10.02,,,,ROC,ROC,CLR,SR147,,Scar,3,W,5,1,,,,,,
D7om,ROC,CLR,SR147,,Scar,3,W,5,1,34,25,8,22,6,3622,1,0,10.02,,,,ROC,,,,,,,,,,,,,,,
Khhx,ROC,CLR,SR147,,Scar,3,W,5,1,28,26,5,20,4,2995,2,2,10.02,,,,ROC,,,,,,,,,,,,,,,
Rxld,ROC,CLR,SR147,,Scar,3,W,5,1,26,28,8,15,3,3345,0,3,10.02,,,,ROC,,,,,,,,,,,,,,,
Denza,P7E,SYN,SR148,,Exposure,3,W,4,3,25,21,10,18,4,2560,3,6,10.40,,,,P7E,P7E,SYN,SR148,,Exposure,3,W,4,3,,,,,,
FDot,P7E,SYN,SR148,,Exposure,3,W,4,3,22,22,15,17,4,3601,0,2,10.40,,,,P7E,,,,,,,,,,,,,,,
Harry,P7E,SYN,SR148,,Exposure,3,W,4,3,32,20,4,26,5,3200,1,4,10.40,,,,P7E,,,,,,,,,,,,,,,
Mythix,P7E,SYN,SR148,,Exposure,3,W,4,3,26,21,11,18,5,3266,0,1,10.40,,,,P7E,,,,,,,,,,,,,,,
Alfa,SYN,P7E,SR148,,Exposure,3,L,3,4,24,23,5,17,4,3060,2,3,10.40,,,,SYN,SYN,P7E,SR148,,Exposure,3,L,3,4,,,,,,
D3,SYN,P7E,SR148,,Exposure,3,L,3,4,20,26,2,8,2,2200,0,0,10.40,,,,SYN,,,,,,,,,,,,,,,
Depa,SYN,P7E,SR148,,Exposure,3,L,3,4,21,29,8,8,2,2874,0,5,10.40,,,,SYN,,,,,,,,,,,,,,,
Nadox,SYN,P7E,SR148,,Exposure,3,L,3,4,19,27,9,9,2,2607,1,0,10.40,,,,SYN,,,,,,,,,,,,,,,
Capsidal,TBG,FFS,SR149,,Exposure,3,L,3,4,32,22,7,20,3,3123,1,2,10.72,,,,TBG,TBG,FFS,SR149,,Exposure,3,L,3,4,,,,,,
Fire,TBG,FFS,SR149,,Exposure,3,L,3,4,18,23,14,14,3,2861,0,2,10.72,,,,TBG,,,,,,,,,,,,,,,
Prolute,TBG,FFS,SR149,,Exposure,3,L,3,4,19,29,12,12,3,2754,0,2,10.72,,,,TBG,,,,,,,,,,,,,,,
Spart,TBG,FFS,SR149,,Exposure,3,L,3,4,27,27,9,18,4,3330,2,2,10.72,,,,TBG,,,,,,,,,,,,,,,
Darksived,FFS,TBG,SR149,,Exposure,3,W,4,3,23,24,8,16,2,2592,0,3,10.72,,,,FFS,FFS,TBG,SR149,,Exposure,3,W,4,3,,,,,,
ErikBoom,FFS,TBG,SR149,,Exposure,3,W,4,3,26,23,14,21,5,3196,2,2,10.72,,,,FFS,,,,,,,,,,,,,,,
KB,FFS,TBG,SR149,,Exposure,3,W,4,3,25,24,12,12,2,3308,2,0,10.72,,,,FFS,,,,,,,,,,,,,,,
Wrecks,FFS,TBG,SR149,,Exposure,3,W,4,3,27,25,9,18,6,3495,0,1,10.72,,,,FFS,,,,,,,,,,,,,,,
Arcitys,FAW,FAC,SR150,,Exposure,3,W,3,1,16,18,5,14,4,2537,0,0,10.00,,,,FAW,FAW,FAC,SR150,,Exposure,3,W,3,1,,,,,,
KingAbody,FAW,FAC,SR150,,Exposure,3,W,3,1,20,19,11,12,4,2587,2,1,10.00,,,,FAW,,,,,,,,,,,,,,,
PaulEhx,FAW,FAC,SR150,,Exposure,3,W,3,1,35,13,9,30,7,3695,0,1,10.00,,,,FAW,,,,,,,,,,,,,,,
Priestahh,FAW,FAC,SR150,,Exposure,3,W,3,1,25,20,9,12,4,2880,1,1,10.00,,,,FAW,,,,,,,,,,,,,,,
Asim,FAC,FAW,SR150,,Exposure,3,L,1,3,17,23,7,9,4,2137,0,3,10.00,,,,FAC,FAC,FAW,SR150,,Exposure,3,L,1,3,,,,,,
QK4B,FAC,FAW,SR150,,Exposure,3,L,1,3,20,27,6,13,3,2792,0,1,10.00,,,,FAC,,,,,,,,,,,,,,,
Roxas,FAC,FAW,SR150,,Exposure,3,L,1,3,15,23,5,9,3,1667,0,2,10.00,,,,FAC,,,,,,,,,,,,,,,
Ruper,FAC,FAW,SR150,,Exposure,3,L,1,3,18,23,8,11,3,2705,1,0,10.00,,,,FAC,,,,,,,,,,,,,,,
Peel,FUN,P7N,SR151,,Scar,3,L,4,5,20,30,7,14,2,2502,1,1,8.12,,,,FUN,FUN,P7N,SR151,,Scar,3,L,4,5,,,,,,
Phantomz,FUN,P7N,SR151,,Scar,3,L,4,5,30,18,11,23,4,3812,1,1,8.12,,,,FUN,,,,,,,,,,,,,,,
Prodahh,FUN,P7N,SR151,,Scar,3,L,4,5,29,24,10,21,6,3622,1,0,8.12,,,,FUN,,,,,,,,,,,,,,,
Vik,FUN,P7N,SR151,,Scar,3,L,4,5,24,29,9,13,3,2931,2,0,8.12,,,,FUN,,,,,,,,,,,,,,,
2Real,P7N,FUN,SR151,,Scar,3,W,5,4,25,26,8,19,5,2793,3,2,8.12,,,,P7N,P7N,FUN,SR151,,Scar,3,W,5,4,,,,,,
Gio,P7N,FUN,SR151,,Scar,3,W,5,4,29,25,12,17,4,3559,1,1,8.12,,,,P7N,,,,,,,,,,,,,,,
Owakening,P7N,FUN,SR151,,Scar,3,W,5,4,23,23,9,16,4,3100,1,2,8.12,,,,P7N,,,,,,,,,,,,,,,
Uli,P7N,FUN,SR151,,Scar,3,W,5,4,24,29,9,11,3,2853,1,2,8.12,,,,P7N,,,,,,,,,,,,,,,
Capsidal,TBG,FAW,SR152,,Exposure,3,L,0,2,22,19,5,17,6,2658,0,4,10.00,,,,TBG,TBG,FAW,SR152,,Exposure,3,L,0,2,,,,,,
Fire,TBG,FAW,SR152,,Exposure,3,L,0,2,18,21,6,12,3,2546,0,4,10.00,,,,TBG,,,,,,,,,,,,,,,
Prolute,TBG,FAW,SR152,,Exposure,3,L,0,2,12,21,7,8,3,2092,0,0,10.00,,,,TBG,,,,,,,,,,,,,,,
Spart,TBG,FAW,SR152,,Exposure,3,L,0,2,11,23,8,8,2,1865,0,1,10.00,,,,TBG,,,,,,,,,,,,,,,
Arcitys,FAW,TBG,SR152,,Exposure,3,W,2,0,23,16,7,20,3,2449,1,2,10.00,,,,FAW,FAW,TBG,SR152,,Exposure,3,W,2,0,,,,,,
KingAbody,FAW,TBG,SR152,,Exposure,3,W,2,0,27,14,7,22,6,2777,0,0,10.00,,,,FAW,,,,,,,,,,,,,,,
PaulEhx,FAW,TBG,SR152,,Exposure,3,W,2,0,18,20,12,11,3,2964,0,3,10.00,,,,FAW,,,,,,,,,,,,,,,
Priestahh,FAW,TBG,SR152,,Exposure,3,W,2,0,16,14,6,9,4,2711,1,1,10.00,,,,FAW,,,,,,,,,,,,,,,
D7oomx,ROC,P7E,SR153,,Scar,3,L,1,6,28,31,17,16,3,3484,1,3,10.00,,,,ROC,ROC,P7E,SR153,,Scar,3,L,1,6,,,,,,
D7om,ROC,P7E,SR153,,Scar,3,L,1,6,25,31,6,11,3,2612,0,0,10.00,,,,ROC,,,,,,,,,,,,,,,
Khhx,ROC,P7E,SR153,,Scar,3,L,1,6,25,27,11,14,2,2913,0,3,10.00,,,,ROC,,,,,,,,,,,,,,,
Rxld,ROC,P7E,SR153,,Scar,3,L,1,6,24,30,9,17,4,2905,0,3,10.00,,,,ROC,,,,,,,,,,,,,,,
Denza,P7E,ROC,SR153,,Scar,3,W,6,1,27,26,8,18,4,2748,2,2,10.00,,,,P7E,P7E,ROC,SR153,,Scar,3,W,6,1,,,,,,
FDot,P7E,ROC,SR153,,Scar,3,W,6,1,32,26,12,21,5,3865,4,3,10.00,,,,P7E,,,,,,,,,,,,,,,
Harry,P7E,ROC,SR153,,Scar,3,W,6,1,33,26,11,25,5,3979,0,1,10.00,,,,P7E,,,,,,,,,,,,,,,
Mythix,P7E,ROC,SR153,,Scar,3,W,6,1,27,24,17,16,6,3740,0,3,10.00,,,,P7E,,,,,,,,,,,,,,,
Peel,FUN,FAW,SR154,,Exposure,3,L,0,8,20,24,4,12,3,2308,0,3,8.60,,,,FUN,FUN,FAW,SR154,,Exposure,3,L,0,8,,,,,,
Phantomz,FUN,FAW,SR154,,Exposure,3,L,0,8,18,23,9,13,3,2624,0,0,8.60,,,,FUN,,,,,,,,,,,,,,,
Prodahh,FUN,FAW,SR154,,Exposure,3,L,0,8,16,24,5,9,2,2347,0,3,8.60,,,,FUN,,,,,,,,,,,,,,,
Vik,FUN,FAW,SR154,,Exposure,3,L,0,8,12,15,3,8,2,1500,0,0,8.60,,,,FUN,,,,,,,,,,,,,,,
Arcitys,FAW,FUN,SR154,,Exposure,3,W,8,0,17,16,8,13,4,1984,0,1,8.60,,,,FAW,FAW,FUN,SR154,,Exposure,3,W,8,0,,,,,,
KingAbody,FAW,FUN,SR154,,Exposure,3,W,8,0,23,20,10,13,3,2793,3,1,8.60,,,,FAW,,,,,,,,,,,,,,,
PaulEhx,FAW,FUN,SR154,,Exposure,3,W,8,0,30,13,6,20,4,3418,4,5,8.60,,,,FAW,,,,,,,,,,,,,,,
Priestahh,FAW,FUN,SR154,,Exposure,3,W,8,0,16,17,3,10,2,1946,1,1,8.60,,,,FAW,,,,,,,,,,,,,,,
Breszy,CLR,P7E,SR155,,Scar,3,L,0,1,25,25,6,16,3,2822,0,1,10.00,,,,CLR,CLR,P7E,SR155,,Scar,3,L,0,1,,,,,,
Cobra,CLR,P7E,SR155,,Scar,3,L,0,1,21,27,13,12,3,3163,0,1,10.00,,,,CLR,,,,,,,,,,,,,,,
Lynz,CLR,P7E,SR155,,Scar,3,L,0,1,28,28,14,15,4,3115,0,6,10.00,,,,CLR,,,,,,,,,,,,,,,
Melko,CLR,P7E,SR155,,Scar,3,L,0,1,24,30,10,13,4,3101,0,3,10.00,,,,CLR,,,,,,,,,,,,,,,
Denza,P7E,CLR,SR155,,Scar,3,W,1,0,20,25,10,13,4,2857,0,3,10.00,,,,P7E,P7E,CLR,SR155,,Scar,3,W,1,0,,,,,,
FDot,P7E,CLR,SR155,,Scar,3,W,1,0,31,29,12,18,4,3707,1,5,10.00,,,,P7E,,,,,,,,,,,,,,,
Harry,P7E,CLR,SR155,,Scar,3,W,1,0,34,21,13,24,5,3629,0,2,10.00,,,,P7E,,,,,,,,,,,,,,,
Mythix,P7E,CLR,SR155,,Scar,3,W,1,0,25,23,13,15,4,3008,0,3,10.00,,,,P7E,,,,,,,,,,,,,,,
Breszy,CLR,P7E,SR155,,Den,6,W,3,0,34,18,10,25,6,3706,1,2,10.02,,,,CLR,CLR,P7E,SR155,,Den,6,W,3,0,,,,,,
Cobra,CLR,P7E,SR155,,Den,6,W,3,0,23,18,14,18,4,3101,2,2,10.02,,,,CLR,,,,,,,,,,,,,,,
Lynz,CLR,P7E,SR155,,Den,6,W,3,0,26,23,6,17,4,3090,0,1,10.02,,,,CLR,,,,,,,,,,,,,,,
Melko,CLR,P7E,SR155,,Den,6,W,3,0,19,22,9,11,3,2320,0,3,10.02,,,,CLR,,,,,,,,,,,,,,,
Denza,P7E,CLR,SR155,,Den,6,L,0,3,19,22,7,15,4,2128,0,3,10.02,,,,P7E,P7E,CLR,SR155,,Den,6,L,0,3,,,,,,
FDot,P7E,CLR,SR155,,Den,6,L,0,3,16,32,6,10,2,2548,0,2,10.02,,,,P7E,,,,,,,,,,,,,,,
Harry,P7E,CLR,SR155,,Den,6,L,0,3,22,25,5,9,2,2555,0,5,10.02,,,,P7E,,,,,,,,,,,,,,,
Mythix,P7E,CLR,SR155,,Den,6,L,0,3,24,24,9,16,5,2950,0,1,10.02,,,,P7E,,,,,,,,,,,,,,,
2Real,P7N,FAW,SR156,,Den,3,W,6,5,21,21,9,17,4,2874,4,1,10.27,,,,P7N,P7N,FAW,SR156,,Den,3,W,6,5,,,,,,
Gio,P7N,FAW,SR156,,Den,3,W,6,5,22,23,11,13,3,2875,1,2,10.27,,,,P7N,,,,,,,,,,,,,,,
Owakening,P7N,FAW,SR156,,Den,3,W,6,5,32,23,9,27,6,3802,0,3,10.27,,,,P7N,,,,,,,,,,,,,,,
Uli,P7N,FAW,SR156,,Den,3,W,6,5,22,23,4,14,5,2415,1,0,10.27,,,,P7N,,,,,,,,,,,,,,,
Arcitys,FAW,P7N,SR156,,Den,3,W,5,6,22,24,3,15,3,2780,2,1,10.27,,,,FAW,FAW,P7N,SR156,,Den,3,W,5,6,,,,,,
KingAbody,FAW,P7N,SR156,,Den,3,W,5,6,24,26,9,19,4,3346,0,3,10.27,,,,FAW,,,,,,,,,,,,,,,
PaulEhx,FAW,P7N,SR156,,Den,3,W,5,6,17,22,8,13,2,2371,3,2,10.27,,,,FAW,,,,,,,,,,,,,,,
Priestahh,FAW,P7N,SR156,,Den,3,W,5,6,27,25,6,19,5,3382,0,1,10.27,,,,FAW,,,,,,,,,,,,,,,
,P7N,FAW,SR156,,,6,,,,,,,,,,,,0.00,,,,P7N,P7N,FAW,SR156,,,6,,,,,,,,,
,P7N,FAW,SR156,,,6,,,,,,,,,,,,0.00,,,,P7N,,,,,,,,,,,,,,,
,P7N,FAW,SR156,,,6,,,,,,,,,,,,0.00,,,,P7N,,,,,,,,,,,,,,,
,P7N,FAW,SR156,,,6,,,,,,,,,,,,0.00,,,,P7N,,,,,,,,,,,,,,,
,FAW,P7N,SR156,,,6,,,,,,,,,,,,0.00,,,,FAW,FAW,P7N,SR156,,,6,,,,,,,,,
,FAW,P7N,SR156,,,6,,,,,,,,,,,,0.00,,,,FAW,,,,,,,,,,,,,,,
,FAW,P7N,SR156,,,6,,,,,,,,,,,,0.00,,,,FAW,,,,,,,,,,,,,,,
,FAW,P7N,SR156,,,6,,,,,,,,,,,,0.00,,,,FAW,,,,,,,,,,,,,,,
Breszy,CLR,LEW,SR157,,Scar,3,L,3,5,19,26,14,12,3,2978,2,2,10.00,,,,CLR,CLR,LEW,SR157,,Scar,3,L,3,5,,,,,,
Cobra,CLR,LEW,SR157,,Scar,3,L,3,5,29,29,11,15,3,4051,0,1,10.00,,,,CLR,,,,,,,,,,,,,,,
Lynz,CLR,LEW,SR157,,Scar,3,L,3,5,31,25,5,18,4,2772,1,2,10.00,,,,CLR,,,,,,,,,,,,,,,
Melko,CLR,LEW,SR157,,Scar,3,L,3,5,19,30,11,9,3,2576,0,2,10.00,,,,CLR,,,,,,,,,,,,,,,
BBConor,LEW,CLR,SR157,,Scar,3,W,5,3,28,24,12,18,4,3146,2,2,10.00,,,,LEW,LEW,CLR,SR157,,Scar,3,W,5,3,,,,,,
Disarray,LEW,CLR,SR157,,Scar,3,W,5,3,25,26,15,19,5,3316,1,2,10.00,,,,LEW,,,,,,,,,,,,,,,
Faisal,LEW,CLR,SR157,,Scar,3,W,5,3,19,29,14,10,3,2823,2,1,10.00,,,,LEW,,,,,,,,,,,,,,,
Yafty,LEW,CLR,SR157,,Scar,3,W,5,3,38,19,7,31,6,3293,0,3,10.00,,,,LEW,,,,,,,,,,,,,,,
F9ly,ALU,R8E,SR158,,Den,3,W,3,2,25,21,6,15,4,2734,1,5,10.13,,,,ALU,ALU,R8E,SR158,,Den,3,W,3,2,,,,,,
Knox,ALU,R8E,SR158,,Den,3,W,3,2,28,26,8,18,6,3172,0,6,10.13,,,,ALU,,,,,,,,,,,,,,,
Littleboy,ALU,R8E,SR158,,Den,3,W,3,2,24,19,8,19,5,2996,0,2,10.13,,,,ALU,,,,,,,,,,,,,,,
Op,ALU,R8E,SR158,,Den,3,W,3,2,19,26,14,13,3,2598,2,3,10.13,,,,ALU,,,,,,,,,,,,,,,
A9eelx,R8E,ALU,SR158,,Den,3,L,2,3,20,19,6,15,6,2094,1,2,10.13,,,,R8E,R8E,ALU,SR158,,Den,3,L,2,3,,,,,,
Abdullatif,R8E,ALU,SR158,,Den,3,L,2,3,27,27,12,17,3,3422,0,3,10.13,,,,R8E,,,,,,,,,,,,,,,
Clox,R8E,ALU,SR158,,Den,3,L,2,3,26,24,11,19,4,3060,0,2,10.13,,,,R8E,,,,,,,,,,,,,,,
GntL,R8E,ALU,SR158,,Den,3,L,2,3,19,26,14,9,3,2565,1,6,10.13,,,,R8E,,,,,,,,,,,,,,,
Denza,P7E,L8U,SR159,,Scar,3,W,6,1,26,20,10,22,5,3145,0,2,9.02,,,,P7E,P7E,L8U,SR159,,Scar,3,W,6,1,,,,,,
FDot,P7E,L8U,SR159,,Scar,3,W,6,1,25,19,7,18,5,2874,3,2,9.02,,,,P7E,,,,,,,,,,,,,,,
Harry,P7E,L8U,SR159,,Scar,3,W,6,1,26,22,15,19,3,2973,2,1,9.02,,,,P7E,,,,,,,,,,,,,,,
Mythix,P7E,L8U,SR159,,Scar,3,W,6,1,27,21,15,20,4,3461,1,2,9.02,,,,P7E,,,,,,,,,,,,,,,
Aiden,L8U,P7E,SR159,,Scar,3,L,1,6,19,25,8,11,4,2506,0,0,9.02,,,,L8U,L8U,P7E,SR159,,Scar,3,L,1,6,,,,,,
CleemZi,L8U,P7E,SR159,,Scar,3,L,1,6,15,24,14,10,2,2439,0,2,9.02,,,,L8U,,,,,,,,,,,,,,,
Dany,L8U,P7E,SR159,,Scar,3,L,1,6,24,29,9,12,4,2771,0,2,9.02,,,,L8U,,,,,,,,,,,,,,,
Ziddix,L8U,P7E,SR159,,Scar,3,L,1,6,24,26,10,15,5,2822,1,1,9.02,,,,L8U,,,,,,,,,,,,,,,
D7oomx,ROC,T1G,SR160,,Scar,3,W,7,1,26,21,12,19,3,3237,1,1,10.22,,,,ROC,ROC,T1G,SR160,,Scar,3,W,7,1,,,,,,
D7om,ROC,T1G,SR160,,Scar,3,W,7,1,35,25,12,22,5,3959,2,3,10.22,,,,ROC,,,,,,,,,,,,,,,
Khhx,ROC,T1G,SR160,,Scar,3,W,7,1,33,15,12,28,7,3777,1,1,10.22,,,,ROC,,,,,,,,,,,,,,,
Rxld,ROC,T1G,SR160,,Scar,3,W,7,1,25,21,8,20,4,2989,3,1,10.22,,,,ROC,,,,,,,,,,,,,,,
Henry,T1G,ROC,SR160,,Scar,3,L,1,7,13,32,10,5,2,2423,1,0,10.22,,,,T1G,T1G,ROC,SR160,,Scar,3,L,1,7,,,,,,
Kez,T1G,ROC,SR160,,Scar,3,L,1,7,30,28,3,18,3,3424,0,4,10.22,,,,T1G,,,,,,,,,,,,,,,
Ovrlay,T1G,ROC,SR160,,Scar,3,L,1,7,17,31,9,10,2,2735,0,2,10.22,,,,T1G,,,,,,,,,,,,,,,
Rush,T1G,ROC,SR160,,Scar,3,L,1,7,22,28,8,16,3,2939,0,1,10.22,,,,T1G,,,,,,,,,,,,,,,
Breszy,CLR,R8E,SR161,,Exposure,3,W,7,2,28,12,2,26,8,2892,1,1,7.72,,,,CLR,CLR,R8E,SR161,,Exposure,3,W,7,2,,,,,,
Cobra,CLR,R8E,SR161,,Exposure,3,W,7,2,18,15,11,12,4,2350,0,0,7.72,,,,CLR,,,,,,,,,,,,,,,
Lynz,CLR,R8E,SR161,,Exposure,3,W,7,2,19,17,9,12,3,2314,2,1,7.72,,,,CLR,,,,,,,,,,,,,,,
Melko,CLR,R8E,SR161,,Exposure,3,W,7,2,24,17,8,17,6,2469,4,2,7.72,,,,CLR,,,,,,,,,,,,,,,
A9eelx,R8E,CLR,SR161,,Exposure,3,L,2,7,7,23,11,6,3,1618,0,1,7.72,,,,R8E,R8E,CLR,SR161,,Exposure,3,L,2,7,,,,,,
Abdullatif,R8E,CLR,SR161,,Exposure,3,L,2,7,12,25,8,5,2,1474,0,1,7.72,,,,R8E,,,,,,,,,,,,,,,
Clox,R8E,CLR,SR161,,Exposure,3,L,2,7,19,22,5,10,4,2584,1,2,7.72,,,,R8E,,,,,,,,,,,,,,,
GntL,R8E,CLR,SR161,,Exposure,3,L,2,7,23,19,4,16,3,2302,1,3,7.72,,,,R8E,,,,,,,,,,,,,,,
Aiden,L8U,T1G,SR162,,Den,3,W,3,3,26,23,8,14,4,2972,1,1,10.92,,,,L8U,L8U,T1G,SR162,,Den,3,W,3,3,,,,,,
CleemZi,L8U,T1G,SR162,,Den,3,W,3,3,21,23,12,14,3,2957,0,3,10.92,,,,L8U,,,,,,,,,,,,,,,
Dany,L8U,T1G,SR162,,Den,3,W,3,3,27,23,9,19,5,3476,0,2,10.92,,,,L8U,,,,,,,,,,,,,,,
Ziddix,L8U,T1G,SR162,,Den,3,W,3,3,22,23,6,16,4,2644,2,3,10.92,,,,L8U,,,,,,,,,,,,,,,
Henry,T1G,L8U,SR162,,Den,3,L,3,3,25,22,10,16,5,2875,1,1,10.92,,,,T1G,T1G,L8U,SR162,,Den,3,L,3,3,,,,,,
Kez,T1G,L8U,SR162,,Den,3,L,3,3,17,27,13,11,2,2406,0,0,10.92,,,,T1G,,,,,,,,,,,,,,,
Ovrlay,T1G,L8U,SR162,,Den,3,L,3,3,25,26,14,14,6,3150,0,6,10.92,,,,T1G,,,,,,,,,,,,,,,
Rush,T1G,L8U,SR162,,Den,3,L,3,3,25,21,4,10,3,2700,2,0,10.92,,,,T1G,,,,,,,,,,,,,,,
BBConor,LEW,ALU,SR163,,Exposure,3,W,3,2,29,19,9,23,4,3432,3,2,10.15,,,,LEW,LEW,ALU,SR163,,Exposure,3,W,3,2,,,,,,
Disarray,LEW,ALU,SR163,,Exposure,3,W,3,2,23,21,7,16,3,2947,0,2,10.15,,,,LEW,,,,,,,,,,,,,,,
Faisal,LEW,ALU,SR163,,Exposure,3,W,3,2,23,24,11,12,2,3044,0,1,10.15,,,,LEW,,,,,,,,,,,,,,,
Yafty,LEW,ALU,SR163,,Exposure,3,W,3,2,24,18,7,20,4,2774,0,3,10.15,,,,LEW,,,,,,,,,,,,,,,
F9ly,ALU,LEW,SR163,,Exposure,3,L,2,3,23,23,5,17,3,2435,1,1,10.15,,,,ALU,ALU,LEW,SR163,,Exposure,3,L,2,3,,,,,,
Knox,ALU,LEW,SR163,,Exposure,3,L,2,3,27,26,9,19,7,3028,0,7,10.15,,,,ALU,,,,,,,,,,,,,,,
Littleboy,ALU,LEW,SR163,,Exposure,3,L,2,3,18,25,11,11,4,2696,1,2,10.15,,,,ALU,,,,,,,,,,,,,,,
Op,ALU,LEW,SR163,,Exposure,3,L,2,3,14,25,5,9,2,2010,0,0,10.15,,,,ALU,,,,,,,,,,,,,,,
Denza,P7E,ROC,SR164,,Scar,3,L,2,5,17,32,9,11,4,2586,0,1,10.00,,,,P7E,P7E,ROC,SR164,,Scar,3,L,2,5,,,,,,
FDot,P7E,ROC,SR164,,Scar,3,L,2,5,17,35,9,11,2,2981,1,3,10.00,,,,P7E,,,,,,,,,,,,,,,
Harry,P7E,ROC,SR164,,Scar,3,L,2,5,20,29,11,10,3,3117,1,3,10.00,,,,P7E,,,,,,,,,,,,,,,
Mythix,P7E,ROC,SR164,,Scar,3,L,2,5,30,27,3,19,5,3069,0,2,10.00,,,,P7E,,,,,,,,,,,,,,,
D7oomx,ROC,P7E,SR164,,Scar,3,W,5,2,40,17,10,33,7,3974,2,9,10.00,,,,ROC,ROC,P7E,SR164,,Scar,3,W,5,2,,,,,,
D7om,ROC,P7E,SR164,,Scar,3,W,5,2,32,26,8,16,6,3405,1,1,10.00,,,,ROC,,,,,,,,,,,,,,,
Khhx,ROC,P7E,SR164,,Scar,3,W,5,2,23,21,12,17,4,2903,1,2,10.00,,,,ROC,,,,,,,,,,,,,,,
Rxld,ROC,P7E,SR164,,Scar,3,W,5,2,28,20,10,21,6,3716,1,2,10.00,,,,ROC,,,,,,,,,,,,,,,
Denza,P7E,CLR,SR165,,Exposure,3,L,4,5,30,25,5,20,8,2949,2,7,10.37,,,,P7E,P7E,CLR,SR165,,Exposure,3,L,4,5,,,,,,
FDot,P7E,CLR,SR165,,Exposure,3,L,4,5,24,25,9,15,4,2769,1,4,10.37,,,,P7E,,,,,,,,,,,,,,,
Harry,P7E,CLR,SR165,,Exposure,3,L,4,5,21,21,9,16,3,3364,0,3,10.37,,,,P7E,,,,,,,,,,,,,,,
Mythix,P7E,CLR,SR165,,Exposure,3,L,4,5,21,24,9,13,4,2700,1,2,10.37,,,,P7E,,,,,,,,,,,,,,,
Breszy,CLR,P7E,SR165,,Exposure,3,W,5,4,23,23,11,15,2,2613,1,5,10.37,,,,CLR,CLR,P7E,SR165,,Exposure,3,W,5,4,,,,,,
Cobra,CLR,P7E,SR165,,Exposure,3,W,5,4,24,22,9,15,3,3168,3,5,10.37,,,,CLR,,,,,,,,,,,,,,,
Lynz,CLR,P7E,SR165,,Exposure,3,W,5,4,21,28,8,14,3,2612,0,3,10.37,,,,CLR,,,,,,,,,,,,,,,
Melko,CLR,P7E,SR165,,Exposure,3,W,5,4,27,23,9,19,4,3355,1,0,10.37,,,,CLR,,,,,,,,,,,,,,,
F9ly,ALU,L8U,SR166,,Den,3,W,6,5,24,28,7,15,3,3071,0,1,10.17,,,,ALU,ALU,L8U,SR166,,Den,3,W,6,5,,,,,,
Knox,ALU,L8U,SR166,,Den,3,W,6,5,24,26,9,18,4,2991,1,2,10.17,,,,ALU,,,,,,,,,,,,,,,
Littleboy,ALU,L8U,SR166,,Den,3,W,6,5,17,21,10,11,4,2567,2,2,10.17,,,,ALU,,,,,,,,,,,,,,,
Op,ALU,L8U,SR166,,Den,3,W,6,5,31,26,10,23,4,3546,3,5,10.17,,,,ALU,,,,,,,,,,,,,,,
Aiden,L8U,ALU,SR166,,Den,3,L,5,6,26,22,10,19,5,2694,2,3,10.17,,,,L8U,L8U,ALU,SR166,,Den,3,L,5,6,,,,,,
CleemZi,L8U,ALU,SR166,,Den,3,L,5,6,17,22,13,13,3,2535,2,4,10.17,,,,L8U,,,,,,,,,,,,,,,
Dany,L8U,ALU,SR166,,Den,3,L,5,6,33,26,5,10,3,3500,0,0,10.17,,,,L8U,,,,,,,,,,,,,,,
Ziddix,L8U,ALU,SR166,,Den,3,L,5,6,25,26,18,16,4,3124,1,4,10.17,,,,L8U,,,,,,,,,,,,,,,
BBConor,LEW,ROC,SR167,,Scar,3,L,2,3,20,28,9,16,5,2553,0,1,10.00,,,,LEW,LEW,ROC,SR167,,Scar,3,L,2,3,,,,,,
Disarray,LEW,ROC,SR167,,Scar,3,L,2,3,18,32,9,11,2,2267,1,3,10.00,,,,LEW,,,,,,,,,,,,,,,
Faisal,LEW,ROC,SR167,,Scar,3,L,2,3,30,25,6,21,6,3681,0,4,10.00,,,,LEW,,,,,,,,,,,,,,,
Yafty,LEW,ROC,SR167,,Scar,3,L,2,3,28,31,11,14,4,3523,1,3,10.00,,,,LEW,,,,,,,,,,,,,,,
D7oomx,ROC,LEW,SR167,,Scar,3,W,3,2,38,21,6,27,8,3919,1,1,10.00,,,,ROC,ROC,LEW,SR167,,Scar,3,W,3,2,,,,,,
D7om,ROC,LEW,SR167,,Scar,3,W,3,2,32,26,10,23,6,3685,0,0,10.00,,,,ROC,,,,,,,,,,,,,,,
Khhx,ROC,LEW,SR167,,Scar,3,W,3,2,28,23,15,18,3,3476,0,2,10.00,,,,ROC,,,,,,,,,,,,,,,
Rxld,ROC,LEW,SR167,,Scar,3,W,3,2,18,26,13,11,3,2654,2,3,10.00,,,,ROC,,,,,,,,,,,,,,,
Breszy,CLR,ALU,SR168,,Den,3,W,5,2,21,21,8,11,4,2517,0,1,10.03,,,,CLR,CLR,ALU,SR168,,Den,3,W,5,2,,,,,,
Cobra,CLR,ALU,SR168,,Den,3,W,5,2,26,20,6,19,7,2961,3,0,10.03,,,,CLR,,,,,,,,,,,,,,,
Lynz,CLR,ALU,SR168,,Den,3,W,5,2,33,22,6,25,5,3395,1,5,10.03,,,,CLR,,,,,,,,,,,,,,,
Melko,CLR,ALU,SR168,,Den,3,W,5,2,21,19,17,13,3,3220,1,1,10.03,,,,CLR,,,,,,,,,,,,,,,
F9ly,ALU,CLR,SR168,,Den,3,L,2,5,12,30,4,4,2,1400,0,0,10.03,,,,ALU,ALU,CLR,SR168,,Den,3,L,2,5,,,,,,
Knox,ALU,CLR,SR168,,Den,3,L,2,5,34,25,7,25,4,3741,0,2,10.03,,,,ALU,,,,,,,,,,,,,,,
Littleboy,ALU,CLR,SR168,,Den,3,L,2,5,13,22,13,13,3,2314,2,2,10.03,,,,ALU,,,,,,,,,,,,,,,
Op,ALU,CLR,SR168,,Den,3,L,2,5,23,25,4,9,2,2500,0,0,10.03,,,,ALU,,,,,,,,,,,,,,,
BBConor,LEW,CLR,SR169,,Exposure,3,W,4,3,24,20,11,18,4,3063,1,2,10.00,,,,LEW,LEW,CLR,SR169,,Exposure,3,W,4,3,,,,,,
Disarray,LEW,CLR,SR169,,Exposure,3,W,4,3,20,25,9,14,2,2331,2,1,10.00,,,,LEW,,,,,,,,,,,,,,,
Faisal,LEW,CLR,SR169,,Exposure,3,W,4,3,17,23,8,11,3,2177,1,0,10.00,,,,LEW,,,,,,,,,,,,,,,
Yafty,LEW,CLR,SR169,,Exposure,3,W,4,3,30,27,9,18,7,3591,0,1,10.00,,,,LEW,,,,,,,,,,,,,,,
Breszy,CLR,LEW,SR169,,Exposure,3,L,3,4,30,23,6,20,6,3079,1,0,10.00,,,,CLR,CLR,LEW,SR169,,Exposure,3,L,3,4,,,,,,
Cobra,CLR,LEW,SR169,,Exposure,3,L,3,4,20,22,10,13,3,2588,1,0,10.00,,,,CLR,,,,,,,,,,,,,,,
Lynz,CLR,LEW,SR169,,Exposure,3,L,3,4,21,24,12,14,6,3074,1,3,10.00,,,,CLR,,,,,,,,,,,,,,,
Melko,CLR,LEW,SR169,,Exposure,3,L,3,4,24,22,6,15,4,2823,0,0,10.00,,,,CLR,,,,,,,,,,,,,,,
D7oomx,ROC,LEW,SR170,,Scar,3,W,2,2,27,18,6,18,3,3303,0,1,11.93,,,,ROC,ROC,LEW,SR170,,Scar,3,W,2,2,,,,,,
D7om,ROC,LEW,SR170,,Scar,3,W,2,2,30,28,10,19,3,3250,1,4,11.93,,,,ROC,,,,,,,,,,,,,,,
Khhx,ROC,LEW,SR170,,Scar,3,W,2,2,26,25,6,17,5,3318,0,0,11.93,,,,ROC,,,,,,,,,,,,,,,
Rxld,ROC,LEW,SR170,,Scar,3,W,2,2,19,24,9,13,5,2765,1,2,11.93,,,,ROC,,,,,,,,,,,,,,,
BBConor,LEW,ROC,SR170,,Scar,3,L,2,2,24,29,9,15,4,3358,1,3,11.93,,,,LEW,LEW,ROC,SR170,,Scar,3,L,2,2,,,,,,
Disarray,LEW,ROC,SR170,,Scar,3,L,2,2,24,23,10,17,5,2634,1,2,11.93,,,,LEW,,,,,,,,,,,,,,,
Faisal,LEW,ROC,SR170,,Scar,3,L,2,2,27,23,6,19,2,3068,0,4,11.93,,,,LEW,,,,,,,,,,,,,,,
Yafty,LEW,ROC,SR170,,Scar,3,L,2,2,20,27,13,14,2,2692,0,2,11.93,,,,LEW,,,,,,,,,,,,,,,
,ROC,LEW,SR170,,,6,,,,,,,,,,,,0.00,,,,ROC,ROC,LEW,SR170,,,6,,,,,,,,,
,ROC,LEW,SR170,,,6,,,,,,,,,,,,0.00,,,,ROC,,,,,,,,,,,,,,,
,ROC,LEW,SR170,,,6,,,,,,,,,,,,0.00,,,,ROC,,,,,,,,,,,,,,,
,ROC,LEW,SR170,,,6,,,,,,,,,,,,0.00,,,,ROC,,,,,,,,,,,,,,,
,LEW,ROC,SR170,,,6,,,,,,,,,,,,0.00,,,,LEW,LEW,ROC,SR170,,,6,,,,,,,,,
,LEW,ROC,SR170,,,6,,,,,,,,,,,,0.00,,,,LEW,,,,,,,,,,,,,,,
,LEW,ROC,SR170,,,6,,,,,,,,,,,,0.00,,,,LEW,,,,,,,,,,,,,,,
,LEW,ROC,SR170,,,6,,,,,,,,,,,,0.00,,,,LEW,,,,,,,,,,,,,,,
2Real,P7N,HUN,SR171,,Den,3,L,3,4,28,27,10,19,6,2823,1,5,10.22,,,,P7N,P7N,HUN,SR171,,Den,3,L,3,4,,,,,,
Gio,P7N,HUN,SR171,,Den,3,L,3,4,25,25,15,17,4,3507,1,1,10.22,,,,P7N,,,,,,,,,,,,,,,
Owakening,P7N,HUN,SR171,,Den,3,L,3,4,21,28,10,15,2,3188,0,2,10.22,,,,P7N,,,,,,,,,,,,,,,
Uli,P7N,HUN,SR171,,Den,3,L,3,4,20,26,11,14,3,2782,1,0,10.22,,,,P7N,,,,,,,,,,,,,,,
Kips,HUN,P7N,SR171,,Den,3,W,4,3,23,23,10,17,4,3062,0,2,10.22,,,,HUN,HUN,P7N,SR171,,Den,3,W,4,3,,,,,,
Nium,HUN,P7N,SR171,,Den,3,W,4,3,32,22,8,19,4,3435,0,4,10.22,,,,HUN,,,,,,,,,,,,,,,
Renegade,HUN,P7N,SR171,,Den,3,W,4,3,19,25,10,11,3,2949,0,5,10.22,,,,HUN,,,,,,,,,,,,,,,
Rspi,HUN,P7N,SR171,,Den,3,W,4,3,32,27,8,20,6,3503,4,2,10.22,,,,HUN,,,,,,,,,,,,,,,
Peel,FFB,FAC,SR172,,Scar,3,L,4,7,21,35,12,9,3,2730,0,3,10.02,,,,FFB,FFB,FAC,SR172,,Scar,3,L,4,7,,,,,,
Phantomz,FFB,FAC,SR172,,Scar,3,L,4,7,17,31,20,11,2,3033,0,0,10.02,,,,FFB,,,,,,,,,,,,,,,
Prodahh,FFB,FAC,SR172,,Scar,3,L,4,7,37,26,11,27,4,3794,2,1,10.02,,,,FFB,,,,,,,,,,,,,,,
Vik,FFB,FAC,SR172,,Scar,3,L,4,7,26,30,10,15,3,3033,2,3,10.02,,,,FFB,,,,,,,,,,,,,,,
Asim,FAC,FFB,SR172,,Scar,3,W,7,4,32,27,6,20,3,3727,2,1,10.02,,,,FAC,FAC,FFB,SR172,,Scar,3,W,7,4,,,,,,
QK4B,FAC,FFB,SR172,,Scar,3,W,7,4,35,22,15,25,7,4041,1,2,10.02,,,,FAC,,,,,,,,,,,,,,,
Roxas,FAC,FFB,SR172,,Scar,3,W,7,4,30,23,15,22,4,3443,3,2,10.02,,,,FAC,,,,,,,,,,,,,,,
Ruper,FAC,FFB,SR172,,Scar,3,W,7,4,25,29,10,11,2,2969,1,2,10.02,,,,FAC,,,,,,,,,,,,,,,
Arcitys,FAW,OMB,SR173,,Exposure,3,W,6,5,22,19,10,13,0,3014,3,1,11.53,,,,FAW,FAW,OMB,SR173,,Exposure,3,W,6,5,,,,,,
KingAbody,FAW,OMB,SR173,,Exposure,3,W,6,5,21,21,9,13,0,2877,1,1,11.53,,,,FAW,,,,,,,,,,,,,,,
PaulEhx,FAW,OMB,SR173,,Exposure,3,W,6,5,14,22,6,8,0,1918,2,2,11.53,,,,FAW,,,,,,,,,,,,,,,
Priestahh,FAW,OMB,SR173,,Exposure,3,W,6,5,20,21,8,12,0,2740,0,6,11.53,,,,FAW,,,,,,,,,,,,,,,
Alluka,OMB,FAW,SR173,,Exposure,3,L,5,6,20,21,8,12,0,2640,2,1,11.53,,,,OMB,OMB,FAW,SR173,,Exposure,3,L,5,6,,,,,,
Brack,OMB,FAW,SR173,,Exposure,3,L,5,6,25,18,9,15,0,3425,2,1,11.53,,,,OMB,,,,,,,,,,,,,,,
FeLo,OMB,FAW,SR173,,Exposure,3,L,5,6,16,18,7,10,0,2192,0,0,11.53,,,,OMB,,,,,,,,,,,,,,,
Manny,OMB,FAW,SR173,,Exposure,3,L,5,6,22,20,9,13,0,3014,1,1,11.53,,,,OMB,,,,,,,,,,,,,,,
Capsidal,TBG,FFS,SR174,,Den,3,W,3,2,28,22,11,21,8,3240,1,4,10.42,,,,TBG,TBG,FFS,SR174,,Den,3,W,3,2,,,,,,
Fire,TBG,FFS,SR174,,Den,3,W,3,2,24,20,11,19,4,3232,1,2,10.42,,,,TBG,,,,,,,,,,,,,,,
Prolute,TBG,FFS,SR174,,Den,3,W,3,2,32,22,6,22,5,3598,0,4,10.42,,,,TBG,,,,,,,,,,,,,,,
Spart,TBG,FFS,SR174,,Den,3,W,3,2,26,26,10,13,2,3262,1,2,10.42,,,,TBG,,,,,,,,,,,,,,,
Darksived,FFS,TBG,SR174,,Den,3,L,2,3,24,29,10,17,3,3184,1,3,10.42,,,,FFS,FFS,TBG,SR174,,Den,3,L,2,3,,,,,,
ErikBoom,FFS,TBG,SR174,,Den,3,L,2,3,21,31,5,12,4,3103,0,0,10.42,,,,FFS,,,,,,,,,,,,,,,
KB,FFS,TBG,SR174,,Den,3,L,2,3,26,26,12,17,3,3685,0,2,10.42,,,,FFS,,,,,,,,,,,,,,,
Wrecks,FFS,TBG,SR174,,Den,3,L,2,3,19,24,7,13,4,2291,1,5,10.42,,,,FFS,,,,,,,,,,,,,,,
Kips,HUN,FFB,SR175,,Exposure,3,L,1,5,21,21,8,14,4,2386,1,0,10.47,,,,HUN,HUN,FFB,SR175,,Exposure,3,L,1,5,,,,,,
Nium,HUN,FFB,SR175,,Exposure,3,L,1,5,20,21,5,13,4,2610,0,5,10.47,,,,HUN,,,,,,,,,,,,,,,
Renegade,HUN,FFB,SR175,,Exposure,3,L,1,5,21,22,7,14,4,2746,0,2,10.47,,,,HUN,,,,,,,,,,,,,,,
Rspi,HUN,FFB,SR175,,Exposure,3,L,1,5,25,26,8,14,4,2716,0,3,10.47,,,,HUN,,,,,,,,,,,,,,,
Peel,FFB,HUN,SR175,,Exposure,3,W,5,1,20,25,10,16,3,2640,2,1,10.47,,,,FFB,FFB,HUN,SR175,,Exposure,3,W,5,1,,,,,,
Phantomz,FFB,HUN,SR175,,Exposure,3,W,5,1,26,20,5,16,4,3000,1,3,10.47,,,,FFB,,,,,,,,,,,,,,,
Prodahh,FFB,HUN,SR175,,Exposure,3,W,5,1,19,21,8,14,5,2496,1,1,10.47,,,,FFB,,,,,,,,,,,,,,,
Vik,FFB,HUN,SR175,,Exposure,3,W,5,1,25,21,13,18,5,3013,1,3,10.47,,,,FFB,,,,,,,,,,,,,,,
Alluka,OMB,FFS,SR176,,Exposure,3,W,5,2,26,24,8,18,0,3536,2,1,10.62,,,,OMB,OMB,FFS,SR176,,Exposure,3,W,5,2,,,,,,
Brack,OMB,FFS,SR176,,Exposure,3,W,5,2,25,21,8,17,0,3400,2,1,10.62,,,,OMB,,,,,,,,,,,,,,,
FeLo,OMB,FFS,SR176,,Exposure,3,W,5,2,25,21,8,17,0,3410,0,0,10.62,,,,OMB,,,,,,,,,,,,,,,
Manny,OMB,FFS,SR176,,Exposure,3,W,5,2,23,20,3,16,0,3128,1,0,10.62,,,,OMB,,,,,,,,,,,,,,,
Darksived,FFS,OMB,SR176,,Exposure,3,L,2,5,25,23,8,17,0,3420,0,0,10.62,,,,FFS,FFS,OMB,SR176,,Exposure,3,L,2,5,,,,,,
ErikBoom,FFS,OMB,SR176,,Exposure,3,L,2,5,25,26,8,17,0,3400,1,0,10.62,,,,FFS,,,,,,,,,,,,,,,
KB,FFS,OMB,SR176,,Exposure,3,L,2,5,20,22,6,14,0,2720,0,0,10.62,,,,FFS,,,,,,,,,,,,,,,
Wrecks,FFS,OMB,SR176,,Exposure,3,L,2,5,16,28,4,11,0,2176,1,0,10.62,,,,FFS,,,,,,,,,,,,,,,
2Real,P7N,FAC,SR177,,Scar,3,L,4,5,27,16,5,23,8,2712,2,2,8.08,,,,P7N,P7N,FAC,SR177,,Scar,3,L,4,5,,,,,,
Gio,P7N,FAC,SR177,,Scar,3,L,4,5,21,18,5,17,9,2576,1,1,8.08,,,,P7N,,,,,,,,,,,,,,,
Owakening,P7N,FAC,SR177,,Scar,3,L,4,5,19,20,8,13,3,2884,0,0,8.08,,,,P7N,,,,,,,,,,,,,,,
Uli,P7N,FAC,SR177,,Scar,3,L,4,5,17,21,6,11,4,2043,1,2,8.08,,,,P7N,,,,,,,,,,,,,,,
Asim,FAC,P7N,SR177,,Scar,3,W,5,4,23,21,6,18,8,2521,2,3,8.08,,,,FAC,FAC,P7N,SR177,,Scar,3,W,5,4,,,,,,
QK4B,FAC,P7N,SR177,,Scar,3,W,5,4,18,19,5,13,3,2076,0,3,8.08,,,,FAC,,,,,,,,,,,,,,,
Roxas,FAC,P7N,SR177,,Scar,3,W,5,4,17,21,7,14,5,2250,2,0,8.08,,,,FAC,,,,,,,,,,,,,,,
Ruper,FAC,P7N,SR177,,Scar,3,W,5,4,17,23,7,13,3,2686,1,0,8.08,,,,FAC,,,,,,,,,,,,,,,
Arcitys,FAW,TBG,SR178,,Den,3,W,5,2,20,19,10,14,3,2713,1,2,8.37,,,,FAW,FAW,TBG,SR178,,Den,3,W,5,2,,,,,,
KingAbody,FAW,TBG,SR178,,Den,3,W,5,2,21,18,8,13,4,2721,1,3,8.37,,,,FAW,,,,,,,,,,,,,,,
PaulEhx,FAW,TBG,SR178,,Den,3,W,5,2,21,19,6,13,5,2420,3,1,8.37,,,,FAW,,,,,,,,,,,,,,,
Priestahh,FAW,TBG,SR178,,Den,3,W,5,2,26,17,9,20,6,3462,0,0,8.37,,,,FAW,,,,,,,,,,,,,,,
Capsidal,TBG,FAW,SR178,,Den,3,L,2,5,14,23,9,11,2,2184,1,0,8.37,,,,TBG,TBG,FAW,SR178,,Den,3,L,2,5,,,,,,
Fire,TBG,FAW,SR178,,Den,3,L,2,5,21,18,12,15,6,2660,0,0,8.37,,,,TBG,,,,,,,,,,,,,,,
Prolute,TBG,FAW,SR178,,Den,3,L,2,5,25,25,14,12,4,3327,2,1,8.37,,,,TBG,,,,,,,,,,,,,,,
Spart,TBG,FAW,SR178,,Den,3,L,2,5,13,22,5,9,2,1867,1,0,8.37,,,,TBG,,,,,,,,,,,,,,,
Capsidal,TBG,HUN,SR179,,Scar,3,L,4,5,19,27,12,8,3,2903,0,0,10.00,,,,TBG,TBG,HUN,SR179,,Scar,3,L,4,5,,,,,,
Fire,TBG,HUN,SR179,,Scar,3,L,4,5,27,25,6,18,3,2889,2,1,10.00,,,,TBG,,,,,,,,,,,,,,,
Prolute,TBG,HUN,SR179,,Scar,3,L,4,5,29,24,11,23,4,3969,0,3,10.00,,,,TBG,,,,,,,,,,,,,,,
Spart,TBG,HUN,SR179,,Scar,3,L,4,5,23,27,10,15,3,3161,2,1,10.00,,,,TBG,,,,,,,,,,,,,,,
Kips,HUN,TBG,SR179,,Scar,3,W,5,4,27,24,13,19,3,3134,2,4,10.00,,,,HUN,HUN,TBG,SR179,,Scar,3,W,5,4,,,,,,
Nium,HUN,TBG,SR179,,Scar,3,W,5,4,27,25,11,14,4,3230,1,1,10.00,,,,HUN,,,,,,,,,,,,,,,
Renegade,HUN,TBG,SR179,,Scar,3,W,5,4,20,24,10,15,5,2419,2,2,10.00,,,,HUN,,,,,,,,,,,,,,,
Rspi,HUN,TBG,SR179,,Scar,3,W,5,4,29,25,9,21,5,3454,0,0,10.00,,,,HUN,,,,,,,,,,,,,,,
2Real,P7N,OMB,SR180,,Den,3,W,3,0,29,22,10,20,0,3973,1,0,10.20,,,,P7N,P7N,OMB,SR180,,Den,3,W,3,0,,,,,,
Gio,P7N,OMB,SR180,,Den,3,W,3,0,31,19,10,22,0,4247,0,0,10.20,,,,P7N,,,,,,,,,,,,,,,
Owakening,P7N,OMB,SR180,,Den,3,W,3,0,22,22,9,15,0,3014,1,0,10.20,,,,P7N,,,,,,,,,,,,,,,
Uli,P7N,OMB,SR180,,Den,3,W,3,0,23,22,9,16,0,3151,1,0,10.20,,,,P7N,,,,,,,,,,,,,,,
Alluka,OMB,P7N,SR180,,Den,3,L,0,3,26,24,37,18,0,3548,0,0,10.20,,,,OMB,OMB,P7N,SR180,,Den,3,L,0,3,,,,,,
Brack,OMB,P7N,SR180,,Den,3,L,0,3,20,25,28,14,0,2685,0,0,10.20,,,,OMB,,,,,,,,,,,,,,,
FeLo,OMB,P7N,SR180,,Den,3,L,0,3,22,30,31,15,0,2973,0,0,10.20,,,,OMB,,,,,,,,,,,,,,,
Manny,OMB,P7N,SR180,,Den,3,L,0,3,18,26,25,12,0,2398,0,0,10.20,,,,OMB,,,,,,,,,,,,,,,
Arcitys,FAW,FAC,SR181,,Den,3,L,3,4,18,24,10,15,3,2900,0,0,10.65,,,,FAW,FAW,FAC,SR181,,Den,3,L,3,4,,,,,,
KingAbody,FAW,FAC,SR181,,Den,3,L,3,4,20,24,7,13,3,2529,0,2,10.65,,,,FAW,,,,,,,,,,,,,,,
PaulEhx,FAW,FAC,SR181,,Den,3,L,3,4,29,23,10,19,4,3649,2,4,10.65,,,,FAW,,,,,,,,,,,,,,,
Priestahh,FAW,FAC,SR181,,Den,3,L,3,4,30,22,9,22,4,3033,1,2,10.65,,,,FAW,,,,,,,,,,,,,,,
Asim,FAC,FAW,SR181,,Den,3,W,4,3,17,30,12,10,2,3171,1,3,10.65,,,,FAC,FAC,FAW,SR181,,Den,3,W,4,3,,,,,,
QK4B,FAC,FAW,SR181,,Den,3,W,4,3,28,22,9,19,4,3083,0,1,10.65,,,,FAC,,,,,,,,,,,,,,,
Roxas,FAC,FAW,SR181,,Den,3,W,4,3,23,21,14,18,4,3178,2,2,10.65,,,,FAC,,,,,,,,,,,,,,,
Ruper,FAC,FAW,SR181,,Den,3,W,4,3,25,24,6,16,4,2844,0,2,10.65,,,,FAC,,,,,,,,,,,,,,,
Kips,HUN,OMB,SR182,,Den,3,L,0,4,17,24,8,11,4,2334,0,2,10.40,,,,HUN,HUN,OMB,SR182,,Den,3,L,0,4,,,,,,
Nium,HUN,OMB,SR182,,Den,3,L,0,4,19,24,9,14,4,2982,0,3,10.40,,,,HUN,,,,,,,,,,,,,,,
Renegade,HUN,OMB,SR182,,Den,3,L,0,4,15,31,6,11,2,2116,0,1,10.40,,,,HUN,,,,,,,,,,,,,,,
Rspi,HUN,OMB,SR182,,Den,3,L,0,4,24,21,4,20,6,2762,0,3,10.40,,,,HUN,,,,,,,,,,,,,,,
Alluka,OMB,HUN,SR182,,Den,3,W,4,0,24,22,7,19,4,2836,1,6,10.40,,,,OMB,OMB,HUN,SR182,,Den,3,W,4,0,,,,,,
Brack,OMB,HUN,SR182,,Den,3,W,4,0,27,18,7,21,6,3722,0,1,10.40,,,,OMB,,,,,,,,,,,,,,,
FeLo,OMB,HUN,SR182,,Den,3,W,4,0,19,17,8,12,4,2646,2,3,10.40,,,,OMB,,,,,,,,,,,,,,,
Manny,OMB,HUN,SR182,,Den,3,W,4,0,30,18,6,25,6,3388,1,1,10.40,,,,OMB,,,,,,,,,,,,,,,
Arcitys,FAW,OMB,SR183,,Scar,3,L,0,6,22,25,4,7,2,2400,0,0,10.02,,,,FAW,FAW,OMB,SR183,,Scar,3,L,0,6,,,,,,
Kingabody,FAW,OMB,SR183,,Scar,3,L,0,6,20,32,8,7,4,2536,0,3,10.02,,,,FAW,,,,,,,,,,,,,,,
PaulEhx,FAW,OMB,SR183,,Scar,3,L,0,6,20,31,19,5,3,3587,0,4,10.02,,,,FAW,,,,,,,,,,,,,,,
Priestahh,FAW,OMB,SR183,,Scar,3,L,0,6,29,30,10,21,3,3268,0,0,10.02,,,,FAW,,,,,,,,,,,,,,,
Alluka,OMB,FAW,SR183,,Scar,3,W,6,0,37,20,8,27,4,4169,1,3,10.02,,,,OMB,OMB,FAW,SR183,,Scar,3,W,6,0,,,,,,
Brack,OMB,FAW,SR183,,Scar,3,W,6,0,24,23,15,18,4,2858,3,1,10.02,,,,OMB,,,,,,,,,,,,,,,
FeLo,OMB,FAW,SR183,,Scar,3,W,6,0,27,24,10,18,5,3012,1,2,10.02,,,,OMB,,,,,,,,,,,,,,,
Manny,OMB,FAW,SR183,,Scar,3,W,6,0,30,24,14,22,4,3507,1,0,10.02,,,,OMB,,,,,,,,,,,,,,,
Asim,FAC,OMB,SR184,,Scar,3,L,3,6,19,27,13,11,5,2776,0,0,9.93,,,,FAC,FAC,OMB,SR184,,Scar,3,L,3,6,,,,,,
QK4B,FAC,OMB,SR184,,Scar,3,L,3,6,31,21,8,23,7,3349,0,2,9.93,,,,FAC,,,,,,,,,,,,,,,
Roxas,FAC,OMB,SR184,,Scar,3,L,3,6,24,23,8,17,4,3058,2,1,9.93,,,,FAC,,,,,,,,,,,,,,,
Ruper,FAC,OMB,SR184,,Scar,3,L,3,6,27,27,6,19,4,3236,1,1,9.93,,,,FAC,,,,,,,,,,,,,,,
Alluka,OMB,FAC,SR184,,Scar,3,W,6,3,23,26,7,10,3,3640,3,2,9.93,,,,OMB,OMB,FAC,SR184,,Scar,3,W,6,3,,,,,,
Brack,OMB,FAC,SR184,,Scar,3,W,6,3,27,27,8,19,5,3120,1,2,9.93,,,,OMB,,,,,,,,,,,,,,,
FeLo,OMB,FAC,SR184,,Scar,3,W,6,3,23,25,13,14,4,2991,2,1,9.93,,,,OMB,,,,,,,,,,,,,,,
Manny,OMB,FAC,SR184,,Scar,3,W,6,3,25,23,6,19,4,2995,0,2,9.93,,,,OMB,,,,,,,,,,,,,,,
,FAC,OMB,SR184,,,6,,,,,,,,,,,,0.00,,,,FAC,FAC,OMB,SR184,,,6,,,,,,,,,
,FAC,OMB,SR184,,,6,,,,,,,,,,,,0.00,,,,FAC,,,,,,,,,,,,,,,
,FAC,OMB,SR184,,,6,,,,,,,,,,,,0.00,,,,FAC,,,,,,,,,,,,,,,
,FAC,OMB,SR184,,,6,,,,,,,,,,,,0.00,,,,FAC,,,,,,,,,,,,,,,
,OMB,FAC,SR184,,,6,,,,,,,,,,,,0.00,,,,OMB,OMB,FAC,SR184,,,6,,,,,,,,,
,OMB,FAC,SR184,,,6,,,,,,,,,,,,0.00,,,,OMB,,,,,,,,,,,,,,,
,OMB,FAC,SR184,,,6,,,,,,,,,,,,0.00,,,,OMB,,,,,,,,,,,,,,,
,OMB,FAC,SR184,,,6,,,,,,,,,,,,0.00,,,,OMB,,,,,,,,,,,,,,,
,DMA,ATL,SR185,,,3,,,,,,,,,,,,0.00,,,,DMA,DMA,ATL,SR185,,,3,,,,,,,,,
,DMA,ATL,SR185,,,3,,,,,,,,,,,,0.00,,,,DMA,,,,,,,,,,,,,,,
,DMA,ATL,SR185,,,3,,,,,,,,,,,,0.00,,,,DMA,,,,,,,,,,,,,,,
,DMA,ATL,SR185,,,3,,,,,,,,,,,,0.00,,,,DMA,,,,,,,,,,,,,,,
,ATL,DMA,SR185,,,3,,,,,,,,,,,,0.00,,,,ATL,ATL,DMA,SR185,,,3,,,,,,,,,
,ATL,DMA,SR185,,,3,,,,,,,,,,,,0.00,,,,ATL,,,,,,,,,,,,,,,
,ATL,DMA,SR185,,,3,,,,,,,,,,,,0.00,,,,ATL,,,,,,,,,,,,,,,
,ATL,DMA,SR185,,,3,,,,,,,,,,,,0.00,,,,ATL,,,,,,,,,,,,,,,
Aura,ABS,LIB,SR186,,Exposure,3,W,8,0,23,14,13,19,6,2319,0,1,8.20,,,,ABS,ABS,LIB,SR186,,Exposure,3,W,8,0,,,,,,
Dustn,ABS,LIB,SR186,,Exposure,3,W,8,0,27,19,7,17,5,3002,2,2,8.20,,,,ABS,,,,,,,,,,,,,,,
TJSwayz,ABS,LIB,SR186,,Exposure,3,W,8,0,15,13,4,13,4,1776,3,1,8.20,,,,ABS,,,,,,,,,,,,,,,
Zay,ABS,LIB,SR186,,Exposure,3,W,8,0,25,15,12,22,6,3217,3,1,8.20,,,,ABS,,,,,,,,,,,,,,,
Ebug,LIB,ABS,SR186,,Exposure,3,L,0,8,17,22,6,10,2,2255,0,2,8.20,,,,LIB,LIB,ABS,SR186,,Exposure,3,L,0,8,,,,,,
EdzonsLuv,LIB,ABS,SR186,,Exposure,3,L,0,8,18,21,3,8,4,2152,0,0,8.20,,,,LIB,,,,,,,,,,,,,,,
EZay,LIB,ABS,SR186,,Exposure,3,L,0,8,10,23,6,5,2,1888,0,2,8.20,,,,LIB,,,,,,,,,,,,,,,
Void,LIB,ABS,SR186,,Exposure,3,L,0,8,16,24,5,12,3,2229,0,2,8.20,,,,LIB,,,,,,,,,,,,,,,
,STX,DTX,SR187,,,3,,,,,,,,,,,,0.00,,,,STX,STX,DTX,SR187,,,3,,,,,,,,,
,STX,DTX,SR187,,,3,,,,,,,,,,,,0.00,,,,STX,,,,,,,,,,,,,,,
,STX,DTX,SR187,,,3,,,,,,,,,,,,0.00,,,,STX,,,,,,,,,,,,,,,
,STX,DTX,SR187,,,3,,,,,,,,,,,,0.00,,,,STX,,,,,,,,,,,,,,,
,DTX,STX,SR187,,,3,,,,,,,,,,,,0.00,,,,DTX,DTX,STX,SR187,,,3,,,,,,,,,
,DTX,STX,SR187,,,3,,,,,,,,,,,,0.00,,,,DTX,,,,,,,,,,,,,,,
,DTX,STX,SR187,,,3,,,,,,,,,,,,0.00,,,,DTX,,,,,,,,,,,,,,,
,DTX,STX,SR187,,,3,,,,,,,,,,,,0.00,,,,DTX,,,,,,,,,,,,,,,
,LEG,PAV,SR188,,,3,,,,,,,,,,,,0.00,,,,LEG,LEG,PAV,SR188,,,3,,,,,,,,,
,LEG,PAV,SR188,,,3,,,,,,,,,,,,0.00,,,,LEG,,,,,,,,,,,,,,,
,LEG,PAV,SR188,,,3,,,,,,,,,,,,0.00,,,,LEG,,,,,,,,,,,,,,,
,LEG,PAV,SR188,,,3,,,,,,,,,,,,0.00,,,,LEG,,,,,,,,,,,,,,,
,PAV,LEG,SR188,,,3,,,,,,,,,,,,0.00,,,,PAV,PAV,LEG,SR188,,,3,,,,,,,,,
,PAV,LEG,SR188,,,3,,,,,,,,,,,,0.00,,,,PAV,,,,,,,,,,,,,,,
,PAV,LEG,SR188,,,3,,,,,,,,,,,,0.00,,,,PAV,,,,,,,,,,,,,,,
,PAV,LEG,SR188,,,3,,,,,,,,,,,,0.00,,,,PAV,,,,,,,,,,,,,,,
,OVS,UNC,SR189,,,3,,,,,,,,,,,,0.00,,,,OVS,OVS,UNC,SR189,,,3,,,,,,,,,
,OVS,UNC,SR189,,,3,,,,,,,,,,,,0.00,,,,OVS,,,,,,,,,,,,,,,
,OVS,UNC,SR189,,,3,,,,,,,,,,,,0.00,,,,OVS,,,,,,,,,,,,,,,
,OVS,UNC,SR189,,,3,,,,,,,,,,,,0.00,,,,OVS,,,,,,,,,,,,,,,
,UNC,OVS,SR189,,,3,,,,,,,,,,,,0.00,,,,UNC,UNC,OVS,SR189,,,3,,,,,,,,,
,UNC,OVS,SR189,,,3,,,,,,,,,,,,0.00,,,,UNC,,,,,,,,,,,,,,,
,UNC,OVS,SR189,,,3,,,,,,,,,,,,0.00,,,,UNC,,,,,,,,,,,,,,,
,UNC,OVS,SR189,,,3,,,,,,,,,,,,0.00,,,,UNC,,,,,,,,,,,,,,,
,CGM,NIO,SR190,,,3,,,,,,,,,,,,0.00,,,,CGM,CGM,NIO,SR190,,,3,,,,,,,,,
,CGM,NIO,SR190,,,3,,,,,,,,,,,,0.00,,,,CGM,,,,,,,,,,,,,,,
,CGM,NIO,SR190,,,3,,,,,,,,,,,,0.00,,,,CGM,,,,,,,,,,,,,,,
,CGM,NIO,SR190,,,3,,,,,,,,,,,,0.00,,,,CGM,,,,,,,,,,,,,,,
,NIO,CGM,SR190,,,3,,,,,,,,,,,,0.00,,,,NIO,NIO,CGM,SR190,,,3,,,,,,,,,
,NIO,CGM,SR190,,,3,,,,,,,,,,,,0.00,,,,NIO,,,,,,,,,,,,,,,
,NIO,CGM,SR190,,,3,,,,,,,,,,,,0.00,,,,NIO,,,,,,,,,,,,,,,
,NIO,CGM,SR190,,,3,,,,,,,,,,,,0.00,,,,NIO,,,,,,,,,,,,,,,
Dayz,VYR,ETR,SR191,,Scar,3,W,4,3,28,23,11,22,4,3409,1,3,10.00,,,,VYR,VYR,ETR,SR191,,Scar,3,W,4,3,,,,,,
Noble,VYR,ETR,SR191,,Scar,3,W,4,3,31,24,11,22,4,3654,0,2,10.00,,,,VYR,,,,,,,,,,,,,,,
SwannJames,VYR,ETR,SR191,,Scar,3,W,4,3,27,25,7,19,4,3282,1,3,10.00,,,,VYR,,,,,,,,,,,,,,,
Wargo,VYR,ETR,SR191,,Scar,3,W,4,3,19,21,5,14,8,2220,2,0,10.00,,,,VYR,,,,,,,,,,,,,,,
6evasive,ETR,VYR,SR191,,Scar,3,L,3,4,22,27,9,17,3,2671,2,1,10.00,,,,ETR,ETR,VYR,SR191,,Scar,3,L,3,4,,,,,,
Koy,ETR,VYR,SR191,,Scar,3,L,3,4,26,33,13,15,2,3900,0,2,10.00,,,,ETR,,,,,,,,,,,,,,,
JT,ETR,VYR,SR191,,Scar,3,L,3,4,27,28,4,8,2,2900,1,0,10.00,,,,ETR,,,,,,,,,,,,,,,
Redditt,ETR,VYR,SR191,,Scar,3,L,3,4,18,17,9,15,4,2451,0,1,10.00,,,,ETR,,,,,,,,,,,,,,,
,FRG,TRN,SR192,,,3,,,,,,,,,,,,0.00,,,,FRG,FRG,TRN,SR192,,,3,,,,,,,,,
,FRG,TRN,SR192,,,3,,,,,,,,,,,,0.00,,,,FRG,,,,,,,,,,,,,,,
,FRG,TRN,SR192,,,3,,,,,,,,,,,,0.00,,,,FRG,,,,,,,,,,,,,,,
,FRG,TRN,SR192,,,3,,,,,,,,,,,,0.00,,,,FRG,,,,,,,,,,,,,,,
,TRN,FRG,SR192,,,3,,,,,,,,,,,,0.00,,,,TRN,TRN,FRG,SR192,,,3,,,,,,,,,
,TRN,FRG,SR192,,,3,,,,,,,,,,,,0.00,,,,TRN,,,,,,,,,,,,,,,
,TRN,FRG,SR192,,,3,,,,,,,,,,,,0.00,,,,TRN,,,,,,,,,,,,,,,
,TRN,FRG,SR192,,,3,,,,,,,,,,,,0.00,,,,TRN,,,,,,,,,,,,,,,
,PRO,SEA,SR193,,,3,,,,,,,,,,,,0.00,,,,PRO,PRO,SEA,SR193,,,3,,,,,,,,,
,PRO,SEA,SR193,,,3,,,,,,,,,,,,0.00,,,,PRO,,,,,,,,,,,,,,,
,PRO,SEA,SR193,,,3,,,,,,,,,,,,0.00,,,,PRO,,,,,,,,,,,,,,,
,PRO,SEA,SR193,,,3,,,,,,,,,,,,0.00,,,,PRO,,,,,,,,,,,,,,,
,SEA,PRO,SR193,,,3,,,,,,,,,,,,0.00,,,,SEA,SEA,PRO,SR193,,,3,,,,,,,,,
,SEA,PRO,SR193,,,3,,,,,,,,,,,,0.00,,,,SEA,,,,,,,,,,,,,,,
,SEA,PRO,SR193,,,3,,,,,,,,,,,,0.00,,,,SEA,,,,,,,,,,,,,,,
,SEA,PRO,SR193,,,3,,,,,,,,,,,,0.00,,,,SEA,,,,,,,,,,,,,,,
,ODY,FAC,SR194,,,3,,,,,,,,,,,,0.00,,,,ODY,ODY,FAC,SR194,,,3,,,,,,,,,
,ODY,FAC,SR194,,,3,,,,,,,,,,,,0.00,,,,ODY,,,,,,,,,,,,,,,
,ODY,FAC,SR194,,,3,,,,,,,,,,,,0.00,,,,ODY,,,,,,,,,,,,,,,
,ODY,FAC,SR194,,,3,,,,,,,,,,,,0.00,,,,ODY,,,,,,,,,,,,,,,
,FAC,ODY,SR194,,,3,,,,,,,,,,,,0.00,,,,FAC,FAC,ODY,SR194,,,3,,,,,,,,,
,FAC,ODY,SR194,,,3,,,,,,,,,,,,0.00,,,,FAC,,,,,,,,,,,,,,,
,FAC,ODY,SR194,,,3,,,,,,,,,,,,0.00,,,,FAC,,,,,,,,,,,,,,,
,FAC,ODY,SR194,,,3,,,,,,,,,,,,0.00,,,,FAC,,,,,,,,,,,,,,,
,ONR,OUT,SR195,,,3,,,,,,,,,,,,0.00,,,,ONR,ONR,OUT,SR195,,,3,,,,,,,,,
,ONR,OUT,SR195,,,3,,,,,,,,,,,,0.00,,,,ONR,,,,,,,,,,,,,,,
,ONR,OUT,SR195,,,3,,,,,,,,,,,,0.00,,,,ONR,,,,,,,,,,,,,,,
,ONR,OUT,SR195,,,3,,,,,,,,,,,,0.00,,,,ONR,,,,,,,,,,,,,,,
,OUT,ONR,SR195,,,3,,,,,,,,,,,,0.00,,,,OUT,OUT,ONR,SR195,,,3,,,,,,,,,
,OUT,ONR,SR195,,,3,,,,,,,,,,,,0.00,,,,OUT,,,,,,,,,,,,,,,
,OUT,ONR,SR195,,,3,,,,,,,,,,,,0.00,,,,OUT,,,,,,,,,,,,,,,
,OUT,ONR,SR195,,,3,,,,,,,,,,,,0.00,,,,OUT,,,,,,,,,,,,,,,
,CNR,STX,SR196,,,3,,,,,,,,,,,,0.00,,,,CNR,CNR,STX,SR196,,,3,,,,,,,,,
,CNR,STX,SR196,,,3,,,,,,,,,,,,0.00,,,,CNR,,,,,,,,,,,,,,,
,CNR,STX,SR196,,,3,,,,,,,,,,,,0.00,,,,CNR,,,,,,,,,,,,,,,
,CNR,STX,SR196,,,3,,,,,,,,,,,,0.00,,,,CNR,,,,,,,,,,,,,,,
,STX,CNR,SR196,,,3,,,,,,,,,,,,0.00,,,,STX,STX,CNR,SR196,,,3,,,,,,,,,
,STX,CNR,SR196,,,3,,,,,,,,,,,,0.00,,,,STX,,,,,,,,,,,,,,,
,STX,CNR,SR196,,,3,,,,,,,,,,,,0.00,,,,STX,,,,,,,,,,,,,,,
,STX,CNR,SR196,,,3,,,,,,,,,,,,0.00,,,,STX,,,,,,,,,,,,,,,
,CRY,HTR,SR197,,,3,,,,,,,,,,,,0.00,,,,CRY,CRY,HTR,SR197,,,3,,,,,,,,,
,CRY,HTR,SR197,,,3,,,,,,,,,,,,0.00,,,,CRY,,,,,,,,,,,,,,,
,CRY,HTR,SR197,,,3,,,,,,,,,,,,0.00,,,,CRY,,,,,,,,,,,,,,,
,CRY,HTR,SR197,,,3,,,,,,,,,,,,0.00,,,,CRY,,,,,,,,,,,,,,,
,HTR,CRY,SR197,,,3,,,,,,,,,,,,0.00,,,,HTR,HTR,CRY,SR197,,,3,,,,,,,,,
,HTR,CRY,SR197,,,3,,,,,,,,,,,,0.00,,,,HTR,,,,,,,,,,,,,,,
,HTR,CRY,SR197,,,3,,,,,,,,,,,,0.00,,,,HTR,,,,,,,,,,,,,,,
,HTR,CRY,SR197,,,3,,,,,,,,,,,,0.00,,,,HTR,,,,,,,,,,,,,,,
,GFL,OFF,SR198,,,3,,,,,,,,,,,,0.00,,,,GFL,GFL,OFF,SR198,,,3,,,,,,,,,
,GFL,OFF,SR198,,,3,,,,,,,,,,,,0.00,,,,GFL,,,,,,,,,,,,,,,
,GFL,OFF,SR198,,,3,,,,,,,,,,,,0.00,,,,GFL,,,,,,,,,,,,,,,
,GFL,OFF,SR198,,,3,,,,,,,,,,,,0.00,,,,GFL,,,,,,,,,,,,,,,
,OFF,GFL,SR198,,,3,,,,,,,,,,,,0.00,,,,OFF,OFF,GFL,SR198,,,3,,,,,,,,,
,OFF,GFL,SR198,,,3,,,,,,,,,,,,0.00,,,,OFF,,,,,,,,,,,,,,,
,OFF,GFL,SR198,,,3,,,,,,,,,,,,0.00,,,,OFF,,,,,,,,,,,,,,,
,OFF,GFL,SR198,,,3,,,,,,,,,,,,0.00,,,,OFF,,,,,,,,,,,,,,,
,TBG,FBL,SR199,,,3,,,,,,,,,,,,0.00,,,,TBG,TBG,FBL,SR199,,,3,,,,,,,,,
,TBG,FBL,SR199,,,3,,,,,,,,,,,,0.00,,,,TBG,,,,,,,,,,,,,,,
,TBG,FBL,SR199,,,3,,,,,,,,,,,,0.00,,,,TBG,,,,,,,,,,,,,,,
,TBG,FBL,SR199,,,3,,,,,,,,,,,,0.00,,,,TBG,,,,,,,,,,,,,,,
,FBL,TBG,SR199,,,3,,,,,,,,,,,,0.00,,,,FBL,FBL,TBG,SR199,,,3,,,,,,,,,
,FBL,TBG,SR199,,,3,,,,,,,,,,,,0.00,,,,FBL,,,,,,,,,,,,,,,
,FBL,TBG,SR199,,,3,,,,,,,,,,,,0.00,,,,FBL,,,,,,,,,,,,,,,
,FBL,TBG,SR199,,,3,,,,,,,,,,,,0.00,,,,FBL,,,,,,,,,,,,,,,
,FUN,OVS,SR200,,,3,,,,,,,,,,,,0.00,,,,FUN,FUN,OVS,SR200,,,3,,,,,,,,,
,FUN,OVS,SR200,,,3,,,,,,,,,,,,0.00,,,,FUN,,,,,,,,,,,,,,,
,FUN,OVS,SR200,,,3,,,,,,,,,,,,0.00,,,,FUN,,,,,,,,,,,,,,,
,FUN,OVS,SR200,,,3,,,,,,,,,,,,0.00,,,,FUN,,,,,,,,,,,,,,,
,OVS,FUN,SR200,,,3,,,,,,,,,,,,0.00,,,,OVS,OVS,FUN,SR200,,,3,,,,,,,,,
,OVS,FUN,SR200,,,3,,,,,,,,,,,,0.00,,,,OVS,,,,,,,,,,,,,,,
,OVS,FUN,SR200,,,3,,,,,,,,,,,,0.00,,,,OVS,,,,,,,,,,,,,,,
,OVS,FUN,SR200,,,3,,,,,,,,,,,,0.00,,,,OVS,,,,,,,,,,,,,,,
,1TA,HUN,SR201,,,3,,,,,,,,,,,,0.00,,,,1TA,1TA,HUN,SR201,,,3,,,,,,,,,
,1TA,HUN,SR201,,,3,,,,,,,,,,,,0.00,,,,1TA,,,,,,,,,,,,,,,
,1TA,HUN,SR201,,,3,,,,,,,,,,,,0.00,,,,1TA,,,,,,,,,,,,,,,
,1TA,HUN,SR201,,,3,,,,,,,,,,,,0.00,,,,1TA,,,,,,,,,,,,,,,
,HUN,1TA,SR201,,,3,,,,,,,,,,,,0.00,,,,HUN,HUN,1TA,SR201,,,3,,,,,,,,,
,HUN,1TA,SR201,,,3,,,,,,,,,,,,0.00,,,,HUN,,,,,,,,,,,,,,,
,HUN,1TA,SR201,,,3,,,,,,,,,,,,0.00,,,,HUN,,,,,,,,,,,,,,,
,HUN,1TA,SR201,,,3,,,,,,,,,,,,0.00,,,,HUN,,,,,,,,,,,,,,,
,PAR,FFB,SR202,,,3,,,,,,,,,,,,0.00,,,,PAR,PAR,FFB,SR202,,,3,,,,,,,,,
,PAR,FFB,SR202,,,3,,,,,,,,,,,,0.00,,,,PAR,,,,,,,,,,,,,,,
,PAR,FFB,SR202,,,3,,,,,,,,,,,,0.00,,,,PAR,,,,,,,,,,,,,,,
,PAR,FFB,SR202,,,3,,,,,,,,,,,,0.00,,,,PAR,,,,,,,,,,,,,,,
,FFB,PAR,SR202,,,3,,,,,,,,,,,,0.00,,,,FFB,FFB,PAR,SR202,,,3,,,,,,,,,
,FFB,PAR,SR202,,,3,,,,,,,,,,,,0.00,,,,FFB,,,,,,,,,,,,,,,
,FFB,PAR,SR202,,,3,,,,,,,,,,,,0.00,,,,FFB,,,,,,,,,,,,,,,
,FFB,PAR,SR202,,,3,,,,,,,,,,,,0.00,,,,FFB,,,,,,,,,,,,,,,
,LEG,CRY,SR203,,,3,,,,,,,,,,,,0.00,,,,LEG,LEG,CRY,SR203,,,3,,,,,,,,,
,LEG,CRY,SR203,,,3,,,,,,,,,,,,0.00,,,,LEG,,,,,,,,,,,,,,,
,LEG,CRY,SR203,,,3,,,,,,,,,,,,0.00,,,,LEG,,,,,,,,,,,,,,,
,LEG,CRY,SR203,,,3,,,,,,,,,,,,0.00,,,,LEG,,,,,,,,,,,,,,,
,CRY,LEG,SR203,,,3,,,,,,,,,,,,0.00,,,,CRY,CRY,LEG,SR203,,,3,,,,,,,,,
,CRY,LEG,SR203,,,3,,,,,,,,,,,,0.00,,,,CRY,,,,,,,,,,,,,,,
,CRY,LEG,SR203,,,3,,,,,,,,,,,,0.00,,,,CRY,,,,,,,,,,,,,,,
,CRY,LEG,SR203,,,3,,,,,,,,,,,,0.00,,,,CRY,,,,,,,,,,,,,,,
,DOL,EYZ,SR204,,,3,,,,,,,,,,,,0.00,,,,DOL,DOL,EYZ,SR204,,,3,,,,,,,,,
,DOL,EYZ,SR204,,,3,,,,,,,,,,,,0.00,,,,DOL,,,,,,,,,,,,,,,
,DOL,EYZ,SR204,,,3,,,,,,,,,,,,0.00,,,,DOL,,,,,,,,,,,,,,,
,DOL,EYZ,SR204,,,3,,,,,,,,,,,,0.00,,,,DOL,,,,,,,,,,,,,,,
,EYZ,DOL,SR204,,,3,,,,,,,,,,,,0.00,,,,EYZ,EYZ,DOL,SR204,,,3,,,,,,,,,
,EYZ,DOL,SR204,,,3,,,,,,,,,,,,0.00,,,,EYZ,,,,,,,,,,,,,,,
,EYZ,DOL,SR204,,,3,,,,,,,,,,,,0.00,,,,EYZ,,,,,,,,,,,,,,,
,EYZ,DOL,SR204,,,3,,,,,,,,,,,,0.00,,,,EYZ,,,,,,,,,,,,,,,
,ODY,MPB,SR205,,,3,,,,,,,,,,,,0.00,,,,ODY,ODY,MPB,SR205,,,3,,,,,,,,,
,ODY,MPB,SR205,,,3,,,,,,,,,,,,0.00,,,,ODY,,,,,,,,,,,,,,,
,ODY,MPB,SR205,,,3,,,,,,,,,,,,0.00,,,,ODY,,,,,,,,,,,,,,,
,ODY,MPB,SR205,,,3,,,,,,,,,,,,0.00,,,,ODY,,,,,,,,,,,,,,,
,MPB,ODY,SR205,,,3,,,,,,,,,,,,0.00,,,,MPB,MPB,ODY,SR205,,,3,,,,,,,,,
,MPB,ODY,SR205,,,3,,,,,,,,,,,,0.00,,,,MPB,,,,,,,,,,,,,,,
,MPB,ODY,SR205,,,3,,,,,,,,,,,,0.00,,,,MPB,,,,,,,,,,,,,,,
,MPB,ODY,SR205,,,3,,,,,,,,,,,,0.00,,,,MPB,,,,,,,,,,,,,,,
,TBF,VIL,SR206,,,3,,,,,,,,,,,,0.00,,,,TBF,TBF,VIL,SR206,,,3,,,,,,,,,
,TBF,VIL,SR206,,,3,,,,,,,,,,,,0.00,,,,TBF,,,,,,,,,,,,,,,
,TBF,VIL,SR206,,,3,,,,,,,,,,,,0.00,,,,TBF,,,,,,,,,,,,,,,
,TBF,VIL,SR206,,,3,,,,,,,,,,,,0.00,,,,TBF,,,,,,,,,,,,,,,
,VIL,TBF,SR206,,,3,,,,,,,,,,,,0.00,,,,VIL,VIL,TBF,SR206,,,3,,,,,,,,,
,VIL,TBF,SR206,,,3,,,,,,,,,,,,0.00,,,,VIL,,,,,,,,,,,,,,,
,VIL,TBF,SR206,,,3,,,,,,,,,,,,0.00,,,,VIL,,,,,,,,,,,,,,,
,VIL,TBF,SR206,,,3,,,,,,,,,,,,0.00,,,,VIL,,,,,,,,,,,,,,,
,FRG,DTX,SR207,,,3,,,,,,,,,,,,0.00,,,,FRG,FRG,DTX,SR207,,,3,,,,,,,,,
,FRG,DTX,SR207,,,3,,,,,,,,,,,,0.00,,,,FRG,,,,,,,,,,,,,,,
,FRG,DTX,SR207,,,3,,,,,,,,,,,,0.00,,,,FRG,,,,,,,,,,,,,,,
,FRG,DTX,SR207,,,3,,,,,,,,,,,,0.00,,,,FRG,,,,,,,,,,,,,,,
,DTX,FRG,SR207,,,3,,,,,,,,,,,,0.00,,,,DTX,DTX,FRG,SR207,,,3,,,,,,,,,
,DTX,FRG,SR207,,,3,,,,,,,,,,,,0.00,,,,DTX,,,,,,,,,,,,,,,
,DTX,FRG,SR207,,,3,,,,,,,,,,,,0.00,,,,DTX,,,,,,,,,,,,,,,
,DTX,FRG,SR207,,,3,,,,,,,,,,,,0.00,,,,DTX,,,,,,,,,,,,,,,
,LIL,SXU,SR208,,,3,,,,,,,,,,,,0.00,,,,LIL,LIL,SXU,SR208,,,3,,,,,,,,,
,LIL,SXU,SR208,,,3,,,,,,,,,,,,0.00,,,,LIL,,,,,,,,,,,,,,,
,LIL,SXU,SR208,,,3,,,,,,,,,,,,0.00,,,,LIL,,,,,,,,,,,,,,,
,LIL,SXU,SR208,,,3,,,,,,,,,,,,0.00,,,,LIL,,,,,,,,,,,,,,,
,SXU,LIL,SR208,,,3,,,,,,,,,,,,0.00,,,,SXU,SXU,LIL,SR208,,,3,,,,,,,,,
,SXU,LIL,SR208,,,3,,,,,,,,,,,,0.00,,,,SXU,,,,,,,,,,,,,,,
,SXU,LIL,SR208,,,3,,,,,,,,,,,,0.00,,,,SXU,,,,,,,,,,,,,,,
,SXU,LIL,SR208,,,3,,,,,,,,,,,,0.00,,,,SXU,,,,,,,,,,,,,,,
,OXO,DIV,SR209,,,3,,,,,,,,,,,,0.00,,,,OXO,OXO,DIV,SR209,,,3,,,,,,,,,
,OXO,DIV,SR209,,,3,,,,,,,,,,,,0.00,,,,OXO,,,,,,,,,,,,,,,
,OXO,DIV,SR209,,,3,,,,,,,,,,,,0.00,,,,OXO,,,,,,,,,,,,,,,
,OXO,DIV,SR209,,,3,,,,,,,,,,,,0.00,,,,OXO,,,,,,,,,,,,,,,
,DIV,OXO,SR209,,,3,,,,,,,,,,,,0.00,,,,DIV,DIV,OXO,SR209,,,3,,,,,,,,,
,DIV,OXO,SR209,,,3,,,,,,,,,,,,0.00,,,,DIV,,,,,,,,,,,,,,,
,DIV,OXO,SR209,,,3,,,,,,,,,,,,0.00,,,,DIV,,,,,,,,,,,,,,,
,DIV,OXO,SR209,,,3,,,,,,,,,,,,0.00,,,,DIV,,,,,,,,,,,,,,,
,GGZ,EVI,SR210,,,3,,,,,,,,,,,,0.00,,,,GGZ,GGZ,EVI,SR210,,,3,,,,,,,,,
,GGZ,EVI,SR210,,,3,,,,,,,,,,,,0.00,,,,GGZ,,,,,,,,,,,,,,,
,GGZ,EVI,SR210,,,3,,,,,,,,,,,,0.00,,,,GGZ,,,,,,,,,,,,,,,
,GGZ,EVI,SR210,,,3,,,,,,,,,,,,0.00,,,,GGZ,,,,,,,,,,,,,,,
,EVI,GGZ,SR210,,,3,,,,,,,,,,,,0.00,,,,EVI,EVI,GGZ,SR210,,,3,,,,,,,,,
,EVI,GGZ,SR210,,,3,,,,,,,,,,,,0.00,,,,EVI,,,,,,,,,,,,,,,
,EVI,GGZ,SR210,,,3,,,,,,,,,,,,0.00,,,,EVI,,,,,,,,,,,,,,,
,EVI,GGZ,SR210,,,3,,,,,,,,,,,,0.00,,,,EVI,,,,,,,,,,,,,,,
Cabasay,MPR,VYX,SR211,,Exposure,3,W,7,2,25,20,13,21,5,2853,2,1,10.07,,,,MPR,MPR,VYX,SR211,,Exposure,3,W,7,2,,,,,,
Groovy,MPR,VYX,SR211,,Exposure,3,W,7,2,29,21,16,17,3,3674,0,5,10.07,,,,MPR,,,,,,,,,,,,,,,
Hale,MPR,VYX,SR211,,Exposure,3,W,7,2,36,19,10,25,6,3696,3,2,10.07,,,,MPR,,,,,,,,,,,,,,,
WASD,MPR,VYX,SR211,,Exposure,3,W,7,2,25,20,14,19,6,3106,2,2,10.07,,,,MPR,,,,,,,,,,,,,,,
DaniBoii,VYX,MPR,SR211,,Exposure,3,L,2,7,22,32,4,17,4,2907,1,1,10.07,,,,VYX,VYX,MPR,SR211,,Exposure,3,L,2,7,,,,,,
Reeba,VYX,MPR,SR211,,Exposure,3,L,2,7,18,31,11,8,3,2641,0,0,10.07,,,,VYX,,,,,,,,,,,,,,,
Vanndezy,VYX,MPR,SR211,,Exposure,3,L,2,7,24,25,4,15,3,2428,1,3,10.07,,,,VYX,,,,,,,,,,,,,,,
Zax,VYX,MPR,SR211,,Exposure,3,L,2,7,16,27,12,10,4,2828,0,0,10.07,,,,VYX,,,,,,,,,,,,,,,
,GFL,CRY,SR212,,,3,,,,,,,,,,,,0.00,,,,GFL,GFL,CRY,SR212,,,3,,,,,,,,,
,GFL,CRY,SR212,,,3,,,,,,,,,,,,0.00,,,,GFL,,,,,,,,,,,,,,,
,GFL,CRY,SR212,,,3,,,,,,,,,,,,0.00,,,,GFL,,,,,,,,,,,,,,,
,GFL,CRY,SR212,,,3,,,,,,,,,,,,0.00,,,,GFL,,,,,,,,,,,,,,,
,CRY,GFL,SR212,,,3,,,,,,,,,,,,0.00,,,,CRY,CRY,GFL,SR212,,,3,,,,,,,,,
,CRY,GFL,SR212,,,3,,,,,,,,,,,,0.00,,,,CRY,,,,,,,,,,,,,,,
,CRY,GFL,SR212,,,3,,,,,,,,,,,,0.00,,,,CRY,,,,,,,,,,,,,,,
,CRY,GFL,SR212,,,3,,,,,,,,,,,,0.00,,,,CRY,,,,,,,,,,,,,,,
EJ,PRO,FRG,SR213,,Exposure,3,L,2,5,,,,,,,,,0.00,,,,PRO,PRO,FRG,SR213,,Exposure,3,L,2,5,,,,,,
KJ,PRO,FRG,SR213,,Exposure,3,L,2,5,,,,,,,,,0.00,,,,PRO,,,,,,,,,,,,,,,
Protocol,PRO,FRG,SR213,,Exposure,3,L,2,5,,,,,,,,,0.00,,,,PRO,,,,,,,,,,,,,,,
Slixx,PRO,FRG,SR213,,Exposure,3,L,2,5,,,,,,,,,0.00,,,,PRO,,,,,,,,,,,,,,,
GodFormz,FRG,PRO,SR213,,Exposure,3,W,5,2,,,,,,,,,0.00,,,,FRG,FRG,PRO,SR213,,Exposure,3,W,5,2,,,,,,
Gobbla,FRG,PRO,SR213,,Exposure,3,W,5,2,,,,,,,,,0.00,,,,FRG,,,,,,,,,,,,,,,
kLoH,FRG,PRO,SR213,,Exposure,3,W,5,2,,,,,,,,,0.00,,,,FRG,,,,,,,,,,,,,,,
Vicious,FRG,PRO,SR213,,Exposure,3,W,5,2,,,,,,,,,0.00,,,,FRG,,,,,,,,,,,,,,,
Cimbels,FCB,HUN,SR214,,Scar,3,L,2,4,24,27,9,13,3,2916,0,2,10.20,,,,FCB,FCB,HUN,SR214,,Scar,3,L,2,4,,,,,,
Okis,FCB,HUN,SR214,,Scar,3,L,2,4,30,28,14,16,3,4076,1,1,10.20,,,,FCB,,,,,,,,,,,,,,,
Ryann,FCB,HUN,SR214,,Scar,3,L,2,4,29,28,11,22,4,3578,1,3,10.20,,,,FCB,,,,,,,,,,,,,,,
Swagchecked,FCB,HUN,SR214,,Scar,3,L,2,4,21,33,13,12,3,2378,0,1,10.20,,,,FCB,,,,,,,,,,,,,,,
Kips,HUN,FCB,SR214,,Scar,3,W,4,2,26,22,9,21,4,2743,1,4,10.20,,,,HUN,HUN,FCB,SR214,,Scar,3,W,4,2,,,,,,
Nium,HUN,FCB,SR214,,Scar,3,W,4,2,34,28,13,22,7,4168,0,0,10.20,,,,HUN,,,,,,,,,,,,,,,
Renegade,HUN,FCB,SR214,,Scar,3,W,4,2,30,28,9,17,3,3350,1,2,10.20,,,,HUN,,,,,,,,,,,,,,,
Rspi,HUN,FCB,SR214,,Scar,3,W,4,2,26,26,13,14,2,3560,2,6,10.20,,,,HUN,,,,,,,,,,,,,,,
Andi,GAL,TBG,SR215,,Scar,3,L,2,4,22,29,8,16,5,2743,0,4,10.18,,,,GAL,GAL,TBG,SR215,,Scar,3,L,2,4,,,,,,
Booger,GAL,TBG,SR215,,Scar,3,L,2,4,31,29,8,18,5,3366,1,1,10.18,,,,GAL,,,,,,,,,,,,,,,
Cryptic,GAL,TBG,SR215,,Scar,3,L,2,4,25,24,15,18,6,3535,0,4,10.18,,,,GAL,,,,,,,,,,,,,,,
Servyr,GAL,TBG,SR215,,Scar,3,L,2,4,29,29,14,18,3,3786,1,5,10.18,,,,GAL,,,,,,,,,,,,,,,
Capsidal,TBG,GAL,SR215,,Scar,3,W,4,2,24,33,15,11,3,3438,2,2,10.18,,,,TBG,TBG,GAL,SR215,,Scar,3,W,4,2,,,,,,
Fire,TBG,GAL,SR215,,Scar,3,W,4,2,29,23,11,23,4,3230,1,2,10.18,,,,TBG,,,,,,,,,,,,,,,
Prolute,TBG,GAL,SR215,,Scar,3,W,4,2,30,28,11,17,6,3485,1,0,10.18,,,,TBG,,,,,,,,,,,,,,,
Spart,TBG,GAL,SR215,,Scar,3,W,4,2,28,24,15,24,4,3824,0,2,10.18,,,,TBG,,,,,,,,,,,,,,,
,OVS,MPR,SR216,,,3,,,,,,,,,,,,0.00,,,,OVS,OVS,MPR,SR216,,,3,,,,,,,,,
,OVS,MPR,SR216,,,3,,,,,,,,,,,,0.00,,,,OVS,,,,,,,,,,,,,,,
,OVS,MPR,SR216,,,3,,,,,,,,,,,,0.00,,,,OVS,,,,,,,,,,,,,,,
,OVS,MPR,SR216,,,3,,,,,,,,,,,,0.00,,,,OVS,,,,,,,,,,,,,,,
,MPR,OVS,SR216,,,3,,,,,,,,,,,,0.00,,,,MPR,MPR,OVS,SR216,,,3,,,,,,,,,
,MPR,OVS,SR216,,,3,,,,,,,,,,,,0.00,,,,MPR,,,,,,,,,,,,,,,
,MPR,OVS,SR216,,,3,,,,,,,,,,,,0.00,,,,MPR,,,,,,,,,,,,,,,
,MPR,OVS,SR216,,,3,,,,,,,,,,,,0.00,,,,MPR,,,,,,,,,,,,,,,
,P7N,TRA,SR217,,,3,,,,,,,,,,,,0.00,,,,P7N,P7N,TRA,SR217,,,3,,,,,,,,,
,P7N,TRA,SR217,,,3,,,,,,,,,,,,0.00,,,,P7N,,,,,,,,,,,,,,,
,P7N,TRA,SR217,,,3,,,,,,,,,,,,0.00,,,,P7N,,,,,,,,,,,,,,,
,P7N,TRA,SR217,,,3,,,,,,,,,,,,0.00,,,,P7N,,,,,,,,,,,,,,,
,TRA,P7N,SR217,,,3,,,,,,,,,,,,0.00,,,,TRA,TRA,P7N,SR217,,,3,,,,,,,,,
,TRA,P7N,SR217,,,3,,,,,,,,,,,,0.00,,,,TRA,,,,,,,,,,,,,,,
,TRA,P7N,SR217,,,3,,,,,,,,,,,,0.00,,,,TRA,,,,,,,,,,,,,,,
,TRA,P7N,SR217,,,3,,,,,,,,,,,,0.00,,,,TRA,,,,,,,,,,,,,,,
,FCB,94F,SR218,,,3,,,,,,,,,,,,0.00,,,,FCB,FCB,94F,SR218,,,3,,,,,,,,,
,FCB,94F,SR218,,,3,,,,,,,,,,,,0.00,,,,FCB,,,,,,,,,,,,,,,
,FCB,94F,SR218,,,3,,,,,,,,,,,,0.00,,,,FCB,,,,,,,,,,,,,,,
,FCB,94F,SR218,,,3,,,,,,,,,,,,0.00,,,,FCB,,,,,,,,,,,,,,,
,94F,FCB,SR218,,,3,,,,,,,,,,,,0.00,,,,94F,94F,FCB,SR218,,,3,,,,,,,,,
,94F,FCB,SR218,,,3,,,,,,,,,,,,0.00,,,,94F,,,,,,,,,,,,,,,
,94F,FCB,SR218,,,3,,,,,,,,,,,,0.00,,,,94F,,,,,,,,,,,,,,,
,94F,FCB,SR218,,,3,,,,,,,,,,,,0.00,,,,94F,,,,,,,,,,,,,,,
2lost,OVS,L8U,SR219,,Den,3,L,2,5,17,26,11,11,4,2235,1,2,10.15,,,,OVS,OVS,L8U,SR219,,Den,3,L,2,5,,,,,,
5iso,OVS,L8U,SR219,,Den,3,L,2,5,20,27,11,14,3,2757,0,2,10.15,,,,OVS,,,,,,,,,,,,,,,
AJBeams,OVS,L8U,SR219,,Den,3,L,2,5,31,27,10,20,5,3404,1,4,10.15,,,,OVS,,,,,,,,,,,,,,,
Rizy,OVS,L8U,SR219,,Den,3,L,2,5,27,26,13,17,3,3035,0,2,10.15,,,,OVS,,,,,,,,,,,,,,,
Aiden,L8U,OVS,SR219,,Den,3,W,5,2,31,26,12,19,5,3573,0,3,10.15,,,,L8U,L8U,OVS,SR219,,Den,3,W,5,2,,,,,,
CleemZi,L8U,OVS,SR219,,Den,3,W,5,2,17,23,13,10,2,2408,2,4,10.15,,,,L8U,,,,,,,,,,,,,,,
Dany,L8U,OVS,SR219,,Den,3,W,5,2,32,21,4,24,6,3069,2,2,10.15,,,,L8U,,,,,,,,,,,,,,,
Ziddix,L8U,OVS,SR219,,Den,3,W,5,2,25,25,16,15,3,3490,1,3,10.15,,,,L8U,,,,,,,,,,,,,,,
,EVI,SWK,SR220,,,3,,,,,,,,,,,,0.00,,,,EVI,EVI,SWK,SR220,,,3,,,,,,,,,
,EVI,SWK,SR220,,,3,,,,,,,,,,,,0.00,,,,EVI,,,,,,,,,,,,,,,
,EVI,SWK,SR220,,,3,,,,,,,,,,,,0.00,,,,EVI,,,,,,,,,,,,,,,
,EVI,SWK,SR220,,,3,,,,,,,,,,,,0.00,,,,EVI,,,,,,,,,,,,,,,
,SWK,EVI,SR220,,,3,,,,,,,,,,,,0.00,,,,SWK,SWK,EVI,SR220,,,3,,,,,,,,,
,SWK,EVI,SR220,,,3,,,,,,,,,,,,0.00,,,,SWK,,,,,,,,,,,,,,,
,SWK,EVI,SR220,,,3,,,,,,,,,,,,0.00,,,,SWK,,,,,,,,,,,,,,,
,SWK,EVI,SR220,,,3,,,,,,,,,,,,0.00,,,,SWK,,,,,,,,,,,,,,,
,CNR,TRA,SR221,,,3,,,,,,,,,,,,0.00,,,,CNR,CNR,TRA,SR221,,,3,,,,,,,,,
,CNR,TRA,SR221,,,3,,,,,,,,,,,,0.00,,,,CNR,,,,,,,,,,,,,,,
,CNR,TRA,SR221,,,3,,,,,,,,,,,,0.00,,,,CNR,,,,,,,,,,,,,,,
,CNR,TRA,SR221,,,3,,,,,,,,,,,,0.00,,,,CNR,,,,,,,,,,,,,,,
,TRA,CNR,SR221,,,3,,,,,,,,,,,,0.00,,,,TRA,TRA,CNR,SR221,,,3,,,,,,,,,
,TRA,CNR,SR221,,,3,,,,,,,,,,,,0.00,,,,TRA,,,,,,,,,,,,,,,
,TRA,CNR,SR221,,,3,,,,,,,,,,,,0.00,,,,TRA,,,,,,,,,,,,,,,
,TRA,CNR,SR221,,,3,,,,,,,,,,,,0.00,,,,TRA,,,,,,,,,,,,,,,
Capsidal,TBG,FCS,SR222,,Den,3,W,4,4,23,27,10,12,2,3014,0,1,10.88,,,,TBG,TBG,FCS,SR222,,Den,3,W,4,4,,,,,,
Fire,TBG,FCS,SR222,,Den,3,W,4,4,27,23,10,19,4,3054,0,1,10.88,,,,TBG,,,,,,,,,,,,,,,
Prolute,TBG,FCS,SR222,,Den,3,W,4,4,30,24,12,21,7,3748,2,3,10.88,,,,TBG,,,,,,,,,,,,,,,
Spart,TBG,FCS,SR222,,Den,3,W,4,4,25,29,5,13,4,2818,2,2,10.88,,,,TBG,,,,,,,,,,,,,,,
Encourage,FCS,TBG,SR222,,Den,3,L,4,4,20,21,11,14,4,2588,1,3,10.88,,,,FCS,FCS,TBG,SR222,,Den,3,L,4,4,,,,,,
Heis,FCS,TBG,SR222,,Den,3,L,4,4,29,29,14,20,4,3858,0,1,10.88,,,,FCS,,,,,,,,,,,,,,,
Hide,FCS,TBG,SR222,,Den,3,L,4,4,25,26,11,19,4,3150,0,3,10.88,,,,FCS,,,,,,,,,,,,,,,
Swooty,FCS,TBG,SR222,,Den,3,L,4,4,29,29,13,15,3,3527,3,3,10.88,,,,FCS,,,,,,,,,,,,,,,
Asim,FAC,OMB,SR223,,Scar,3,W,3,1,36,20,9,29,7,4497,0,5,10.00,,,,FAC,FAC,OMB,SR223,,Scar,3,W,3,1,,,,,,
QK4B,FAC,OMB,SR223,,Scar,3,W,3,1,30,21,3,23,4,3207,1,3,10.00,,,,FAC,,,,,,,,,,,,,,,
Roxas,FAC,OMB,SR223,,Scar,3,W,3,1,19,23,13,12,4,2862,2,0,10.00,,,,FAC,,,,,,,,,,,,,,,
Ruper,FAC,OMB,SR223,,Scar,3,W,3,1,16,26,9,10,3,2173,0,1,10.00,,,,FAC,,,,,,,,,,,,,,,
Alluka,OMB,FAC,SR223,,Scar,3,L,1,3,22,28,5,11,2,2693,0,2,10.00,,,,OMB,OMB,FAC,SR223,,Scar,3,L,1,3,,,,,,
Brack,OMB,FAC,SR223,,Scar,3,L,1,3,23,22,7,15,3,2782,0,5,10.00,,,,OMB,,,,,,,,,,,,,,,
FeLo,OMB,FAC,SR223,,Scar,3,L,1,3,22,26,11,18,6,2910,0,3,10.00,,,,OMB,,,,,,,,,,,,,,,
Manny,OMB,FAC,SR223,,Scar,3,L,1,3,23,25,12,15,4,2979,1,1,10.00,,,,OMB,,,,,,,,,,,,,,,
2Real,P7N,NXT,SR224,,Scar,3,W,4,3,21,36,11,7,2,2909,1,1,10.00,,,,P7N,P7N,NXT,SR224,,Scar,3,W,4,3,,,,,,
Gio,P7N,NXT,SR224,,Scar,3,W,4,3,32,24,12,21,3,3528,0,1,10.00,,,,P7N,,,,,,,,,,,,,,,
Owakening,P7N,NXT,SR224,,Scar,3,W,4,3,27,22,15,19,6,3480,0,2,10.00,,,,P7N,,,,,,,,,,,,,,,
Uli,P7N,NXT,SR224,,Scar,3,W,4,3,24,23,11,17,4,2663,3,8,10.00,,,,P7N,,,,,,,,,,,,,,,
DC,NXT,P7N,SR224,,Scar,3,L,3,4,31,28,12,18,4,3339,0,2,10.00,,,,NXT,NXT,P7N,SR224,,Scar,3,L,3,4,,,,,,
Flames,NXT,P7N,SR224,,Scar,3,L,3,4,32,23,11,27,6,3273,2,5,10.00,,,,NXT,,,,,,,,,,,,,,,
Johnny,NXT,P7N,SR224,,Scar,3,L,3,4,23,30,10,13,4,3306,0,1,10.00,,,,NXT,,,,,,,,,,,,,,,
Standy,NXT,P7N,SR224,,Scar,3,L,3,4,19,23,11,14,3,3020,1,1,10.00,,,,NXT,,,,,,,,,,,,,,,
Arcitys,FAW,HUN,SR225,,Den,3,L,3,4,26,24,8,21,4,3234,1,3,10.17,,,,FAW,FAW,HUN,SR225,,Den,3,L,3,4,,,,,,
KingAbody,FAW,HUN,SR225,,Den,3,L,3,4,20,27,6,16,2,2511,1,2,10.17,,,,FAW,,,,,,,,,,,,,,,
PaulEhx,FAW,HUN,SR225,,Den,3,L,3,4,24,25,13,13,3,3646,1,3,10.17,,,,FAW,,,,,,,,,,,,,,,
Priestahh,FAW,HUN,SR225,,Den,3,L,3,4,23,26,7,16,4,3098,0,2,10.17,,,,FAW,,,,,,,,,,,,,,,
Kips,HUN,FAW,SR225,,Den,3,W,4,3,23,27,10,12,3,3096,1,1,10.17,,,,HUN,HUN,FAW,SR225,,Den,3,W,4,3,,,,,,
Nium,HUN,FAW,SR225,,Den,3,W,4,3,20,23,9,12,3,2713,1,3,10.17,,,,HUN,,,,,,,,,,,,,,,
Renegade,HUN,FAW,SR225,,Den,3,W,4,3,35,21,6,30,6,3652,0,3,10.17,,,,HUN,,,,,,,,,,,,,,,
Rspi,HUN,FAW,SR225,,Den,3,W,4,3,24,22,4,18,3,2681,2,1,10.17,,,,HUN,,,,,,,,,,,,,,,
Encourage,FCS,CLR,SR226,,Den,3,L,0,5,25,24,10,16,3,3556,0,3,10.05,,,,FCS,FCS,CLR,SR226,,Den,3,L,0,5,,,,,,
Heis,FCS,CLR,SR226,,Den,3,L,0,5,15,30,9,5,2,2136,0,1,10.05,,,,FCS,,,,,,,,,,,,,,,
Hide,FCS,CLR,SR226,,Den,3,L,0,5,15,26,6,13,2,2127,0,0,10.05,,,,FCS,,,,,,,,,,,,,,,
Swooty,FCS,CLR,SR226,,Den,3,L,0,5,22,29,9,11,2,2841,0,3,10.05,,,,FCS,,,,,,,,,,,,,,,
Breszy,CLR,FCS,SR226,,Den,3,W,5,0,36,17,7,27,7,3547,0,2,10.05,,,,CLR,CLR,FCS,SR226,,Den,3,W,5,0,,,,,,
Cobra,CLR,FCS,SR226,,Den,3,W,5,0,22,19,15,17,4,3218,3,1,10.05,,,,CLR,,,,,,,,,,,,,,,
Lynz,CLR,FCS,SR226,,Den,3,W,5,0,21,22,16,14,3,3128,0,3,10.05,,,,CLR,,,,,,,,,,,,,,,
Melko,CLR,FCS,SR226,,Den,3,W,5,0,30,19,10,22,4,3396,2,2,10.05,,,,CLR,,,,,,,,,,,,,,,
Alfa,ONR,FFS,SR227,,Den,3,W,5,4,27,19,6,25,7,3303,2,2,10.02,,,,ONR,ONR,FFS,SR227,,Den,3,W,5,4,,,,,,
Censor,ONR,FFS,SR227,,Den,3,W,5,4,29,21,7,19,5,3372,0,2,10.02,,,,ONR,,,,,,,,,,,,,,,
IconZ,ONR,FFS,SR227,,Den,3,W,5,4,25,22,9,19,5,3043,2,2,10.02,,,,ONR,,,,,,,,,,,,,,,
Nate,ONR,FFS,SR227,,Den,3,W,5,4,19,22,12,14,4,2311,1,2,10.02,,,,ONR,,,,,,,,,,,,,,,
Darksived,FFS,ONR,SR227,,Den,3,L,4,5,19,27,5,13,4,2552,1,2,10.02,,,,FFS,FFS,ONR,SR227,,Den,3,L,4,5,,,,,,
ErikBoom,FFS,ONR,SR227,,Den,3,L,4,5,23,30,8,13,3,2818,1,3,10.02,,,,FFS,,,,,,,,,,,,,,,
KB,FFS,ONR,SR227,,Den,3,L,4,5,18,22,8,12,3,2569,0,4,10.02,,,,FFS,,,,,,,,,,,,,,,
Wrecks,FFS,ONR,SR227,,Den,3,L,4,5,24,21,12,18,5,3362,2,1,10.02,,,,FFS,,,,,,,,,,,,,,,
Aidanyx,HTR,NXT,SR228,,Den,3,L,0,4,14,21,5,9,3,1858,0,1,8.13,,,,HTR,HTR,NXT,SR228,,Den,3,L,0,4,,,,,,
Nejra,HTR,NXT,SR228,,Den,3,L,0,4,20,23,9,14,3,2691,0,1,8.13,,,,HTR,,,,,,,,,,,,,,,
Veilleux,HTR,NXT,SR228,,Den,3,L,0,4,17,21,5,9,3,1858,0,1,8.13,,,,HTR,,,,,,,,,,,,,,,
Zooner,HTR,NXT,SR228,,Den,3,L,0,4,16,24,8,8,4,2016,0,2,8.13,,,,HTR,,,,,,,,,,,,,,,
DC,NXT,HTR,SR228,,Den,3,W,4,0,29,18,6,17,6,3273,0,2,8.13,,,,NXT,NXT,HTR,SR228,,Den,3,W,4,0,,,,,,
Flames,NXT,HTR,SR228,,Den,3,W,4,0,14,14,10,8,3,1752,1,0,8.13,,,,NXT,,,,,,,,,,,,,,,
Johnny,NXT,HTR,SR228,,Den,3,W,4,0,19,18,9,13,4,2827,3,1,8.13,,,,NXT,,,,,,,,,,,,,,,
Standy,NXT,HTR,SR228,,Den,3,W,4,0,27,17,5,20,5,2845,0,2,8.13,,,,NXT,,,,,,,,,,,,,,,
Cimbels,FCB,FFB,SR229,,Scar,3,L,5,5,29,29,11,17,4,3498,0,2,10.80,,,,FCB,FCB,FFB,SR229,,Scar,3,L,5,5,,,,,,
Okis,FCB,FFB,SR229,,Scar,3,L,5,5,32,26,10,22,6,3485,1,3,10.80,,,,FCB,,,,,,,,,,,,,,,
Ryann,FCB,FFB,SR229,,Scar,3,L,5,5,24,24,16,18,3,3268,2,4,10.80,,,,FCB,,,,,,,,,,,,,,,
Swagchecked,FCB,FFB,SR229,,Scar,3,L,5,5,20,28,15,8,3,2765,2,2,10.80,,,,FCB,,,,,,,,,,,,,,,
Peel,FFB,FCB,SR229,,Scar,3,L,5,5,26,30,12,16,3,3084,2,2,10.80,,,,FFB,FFB,FCB,SR229,,Scar,3,L,5,5,,,,,,
Phantomz,FFB,FCB,SR229,,Scar,3,L,5,5,29,22,21,19,5,3538,1,1,10.80,,,,FFB,,,,,,,,,,,,,,,
Prodahh,FFB,FCB,SR229,,Scar,3,L,5,5,22,25,16,16,5,3219,1,2,10.80,,,,FFB,,,,,,,,,,,,,,,
Vik,FFB,FCB,SR229,,Scar,3,L,5,5,30,28,12,17,5,3522,1,4,10.80,,,,FFB,,,,,,,,,,,,,,,
Kips,HUN,ROC,SR230,,Den,3,L,2,2,20,22,6,10,3,2200,2,0,10.33,,,,HUN,HUN,ROC,SR230,,Den,3,L,2,2,,,,,,
Nium,HUN,ROC,SR230,,Den,3,L,2,2,25,26,5,12,3,2700,0,0,10.33,,,,HUN,,,,,,,,,,,,,,,
Renegade,HUN,ROC,SR230,,Den,3,L,2,2,32,20,4,16,4,3400,0,0,10.33,,,,HUN,,,,,,,,,,,,,,,
Rspi,HUN,ROC,SR230,,Den,3,L,2,2,19,27,6,9,2,2100,0,0,10.33,,,,HUN,,,,,,,,,,,,,,,
D7oomx,ROC,HUN,SR230,,Den,3,W,2,2,21,23,6,10,3,2300,1,0,10.33,,,,ROC,ROC,HUN,SR230,,Den,3,W,2,2,,,,,,
D7om,ROC,HUN,SR230,,Den,3,W,2,2,23,26,5,11,3,2500,0,0,10.33,,,,ROC,,,,,,,,,,,,,,,
Khhx,ROC,HUN,SR230,,Den,3,W,2,2,25,25,5,12,3,2700,1,0,10.33,,,,ROC,,,,,,,,,,,,,,,
Rxld,ROC,HUN,SR230,,Den,3,W,2,2,26,22,5,13,3,2800,0,0,10.33,,,,ROC,,,,,,,,,,,,,,,
2Real,P7N,DHE,SR231,,Scar,3,W,4,0,25,27,17,19,6,3552,1,2,10.22,,,,P7N,P7N,DHE,SR231,,Scar,3,W,4,0,,,,,,
Gio,P7N,DHE,SR231,,Scar,3,W,4,0,29,23,11,19,4,3431,2,2,10.22,,,,P7N,,,,,,,,,,,,,,,
Owakening,P7N,DHE,SR231,,Scar,3,W,4,0,41,18,13,30,6,4544,0,1,10.22,,,,P7N,,,,,,,,,,,,,,,
Uli,P7N,DHE,SR231,,Scar,3,W,4,0,25,25,7,21,8,2618,1,2,10.22,,,,P7N,,,,,,,,,,,,,,,
Aspekt,DHE,P7N,SR231,,Scar,3,L,0,4,24,29,16,16,3,3438,0,1,10.22,,,,DHE,DHE,P7N,SR231,,Scar,3,L,0,4,,,,,,
Detain,DHE,P7N,SR231,,Scar,3,L,0,4,23,27,8,13,3,2584,0,1,10.22,,,,DHE,,,,,,,,,,,,,,,
Mighty,DHE,P7N,SR231,,Scar,3,L,0,4,24,32,10,17,4,3211,0,3,10.22,,,,DHE,,,,,,,,,,,,,,,
Syqz,DHE,P7N,SR231,,Scar,3,L,0,4,22,32,9,14,3,2828,0,3,10.22,,,,DHE,,,,,,,,,,,,,,,
Denza,P7E,TBG,SR232,,Scar,3,L,0,3,21,30,8,10,2,2557,0,3,10.08,,,,P7E,P7E,TBG,SR232,,Scar,3,L,0,3,,,,,,
FDot,P7E,TBG,SR232,,Scar,3,L,0,3,24,30,13,10,3,3285,0,3,10.08,,,,P7E,,,,,,,,,,,,,,,
Harry,P7E,TBG,SR232,,Scar,3,L,0,3,25,26,12,16,4,3647,0,2,10.08,,,,P7E,,,,,,,,,,,,,,,
Mythix,P7E,TBG,SR232,,Scar,3,L,0,3,31,25,12,24,5,3598,0,1,10.08,,,,P7E,,,,,,,,,,,,,,,
Capsidal,TBG,P7E,SR232,,Scar,3,W,3,0,26,26,7,13,3,3125,0,2,10.08,,,,TBG,TBG,P7E,SR232,,Scar,3,W,3,0,,,,,,
Fire,TBG,P7E,SR232,,Scar,3,W,3,0,37,23,13,31,10,4098,1,3,10.08,,,,TBG,,,,,,,,,,,,,,,
Prolute,TBG,P7E,SR232,,Scar,3,W,3,0,21,28,16,12,3,2992,1,0,10.08,,,,TBG,,,,,,,,,,,,,,,
Spart,TBG,P7E,SR232,,Scar,3,W,3,0,27,24,12,17,5,3533,1,2,10.08,,,,TBG,,,,,,,,,,,,,,,
Fame,STX,FAC,SR233,,Den,3,L,2,6,21,21,4,10,3,2100,0,0,10.43,,,,STX,STX,FAC,SR233,,Den,3,L,2,6,,,,,,
Noysii,STX,FAC,SR233,,Den,3,L,2,6,21,28,12,14,2,2993,2,3,10.43,,,,STX,,,,,,,,,,,,,,,
Proff,STX,FAC,SR233,,Den,3,L,2,6,24,24,4,17,4,2778,0,1,10.43,,,,STX,,,,,,,,,,,,,,,
Radial,STX,FAC,SR233,,Den,3,L,2,6,15,27,7,5,2,2003,0,1,10.43,,,,STX,,,,,,,,,,,,,,,
Asim,FAC,STX,SR233,,Den,3,W,6,2,26,23,9,20,7,2946,3,1,10.43,,,,FAC,FAC,STX,SR233,,Den,3,W,6,2,,,,,,
QK4B,FAC,STX,SR233,,Den,3,W,6,2,28,17,9,18,3,3437,0,1,10.43,,,,FAC,,,,,,,,,,,,,,,
Roxas,FAC,STX,SR233,,Den,3,W,6,2,21,18,10,15,4,2439,3,2,10.43,,,,FAC,,,,,,,,,,,,,,,
Ruper,FAC,STX,SR233,,Den,3,W,6,2,25,23,8,15,3,3428,0,1,10.43,,,,FAC,,,,,,,,,,,,,,,
Breszy,CLR,HUN,SR234,,Den,3,L,2,6,20,19,5,13,3,2430,1,3,7.75,,,,CLR,CLR,HUN,SR234,,Den,3,L,2,6,,,,,,
Cobra,CLR,HUN,SR234,,Den,3,L,2,6,19,20,6,14,3,2514,1,2,7.75,,,,CLR,,,,,,,,,,,,,,,
Lynz,CLR,HUN,SR234,,Den,3,L,2,6,9,27,6,6,2,1736,0,1,7.75,,,,CLR,,,,,,,,,,,,,,,
Melko,CLR,HUN,SR234,,Den,3,L,2,6,11,18,8,8,4,1877,0,0,7.75,,,,CLR,,,,,,,,,,,,,,,
Kips,HUN,CLR,SR234,,Den,3,W,6,2,22,17,8,15,4,2751,3,0,7.75,,,,HUN,HUN,CLR,SR234,,Den,3,W,6,2,,,,,,
Nium,HUN,CLR,SR234,,Den,3,W,6,2,19,17,11,14,5,2698,1,2,7.75,,,,HUN,,,,,,,,,,,,,,,
Renegade,HUN,CLR,SR234,,Den,3,W,6,2,23,11,2,21,11,2440,2,0,7.75,,,,HUN,,,,,,,,,,,,,,,
Rspi,HUN,CLR,SR234,,Den,3,W,6,2,20,14,2,15,3,1749,0,4,7.75,,,,HUN,,,,,,,,,,,,,,,
Aspekt,DHE,OMB,SR235,,Den,3,L,0,6,18,29,6,9,3,2119,0,2,9.88,,,,DHE,DHE,OMB,SR235,,Den,3,L,0,6,,,,,,
Detain,DHE,OMB,SR235,,Den,3,L,0,6,20,22,11,12,2,2538,0,2,9.88,,,,DHE,,,,,,,,,,,,,,,
Mighty,DHE,OMB,SR235,,Den,3,L,0,6,27,27,10,18,4,3176,0,5,9.88,,,,DHE,,,,,,,,,,,,,,,
Syqz,DHE,OMB,SR235,,Den,3,L,0,6,15,28,13,10,2,2719,0,0,9.88,,,,DHE,,,,,,,,,,,,,,,
Alluka,OMB,DHE,SR235,,Den,3,W,6,0,28,20,13,20,5,3657,1,4,9.88,,,,OMB,OMB,DHE,SR235,,Den,3,W,6,0,,,,,,
Brack,OMB,DHE,SR235,,Den,3,W,6,0,32,20,13,22,6,3638,1,3,9.88,,,,OMB,,,,,,,,,,,,,,,
FeLo,OMB,DHE,SR235,,Den,3,W,6,0,18,20,11,14,5,2418,1,3,9.88,,,,OMB,,,,,,,,,,,,,,,
Manny,OMB,DHE,SR235,,Den,3,W,6,0,27,20,6,21,5,3237,3,1,9.88,,,,OMB,,,,,,,,,,,,,,,
Arcitys,FAW,TBG,SR236,,Den,3,W,3,2,23,21,6,15,4,3238,1,6,10.38,,,,FAW,FAW,TBG,SR236,,Den,3,W,3,2,,,,,,
KingAbody,FAW,TBG,SR236,,Den,3,W,3,2,29,23,9,23,5,3208,0,6,10.38,,,,FAW,,,,,,,,,,,,,,,
PaulEhx,FAW,TBG,SR236,,Den,3,W,3,2,23,21,14,15,4,3079,1,0,10.38,,,,FAW,,,,,,,,,,,,,,,
Priestahh,FAW,TBG,SR236,,Den,3,W,3,2,26,16,7,22,4,3208,1,3,10.38,,,,FAW,,,,,,,,,,,,,,,
Capsidal,TBG,FAW,SR236,,Den,3,L,2,3,21,26,3,15,3,2465,1,3,10.38,,,,TBG,TBG,FAW,SR236,,Den,3,L,2,3,,,,,,
Fire,TBG,FAW,SR236,,Den,3,L,2,3,23,20,9,18,5,3081,0,2,10.38,,,,TBG,,,,,,,,,,,,,,,
Prolute,TBG,FAW,SR236,,Den,3,L,2,3,21,27,6,12,2,2491,1,2,10.38,,,,TBG,,,,,,,,,,,,,,,
Spart,TBG,FAW,SR236,,Den,3,L,2,3,16,28,10,8,3,2625,0,2,10.38,,,,TBG,,,,,,,,,,,,,,,
DC,NXT,STX,SR237,,Den,3,W,5,1,22,21,11,16,5,2914,1,1,10.37,,,,NXT,NXT,STX,SR237,,Den,3,W,5,1,,,,,,
Flames,NXT,STX,SR237,,Den,3,W,5,1,27,23,5,17,4,3068,1,2,10.37,,,,NXT,,,,,,,,,,,,,,,
Johnny,NXT,STX,SR237,,Den,3,W,5,1,28,23,10,19,6,3611,0,2,10.37,,,,NXT,,,,,,,,,,,,,,,
Standy,NXT,STX,SR237,,Den,3,W,5,1,30,19,8,25,4,3816,3,1,10.37,,,,NXT,,,,,,,,,,,,,,,
Fame,STX,NXT,SR237,,Den,3,L,1,5,27,24,6,19,3,3600,0,4,10.37,,,,STX,STX,NXT,SR237,,Den,3,L,1,5,,,,,,
Noysii,STX,NXT,SR237,,Den,3,L,1,5,18,27,7,12,3,2486,0,2,10.37,,,,STX,,,,,,,,,,,,,,,
Proff,STX,NXT,SR237,,Den,3,L,1,5,21,24,9,15,4,2747,1,1,10.37,,,,STX,,,,,,,,,,,,,,,
Radial,STX,NXT,SR237,,Den,3,L,1,5,20,32,11,10,2,2907,0,4,10.37,,,,STX,,,,,,,,,,,,,,,
Denza,P7E,P7N,SR238,,Scar,3,W,3,2,31,22,8,22,6,3399,0,1,11.43,,,,P7E,P7E,P7N,SR238,,Scar,3,W,3,2,,,,,,
FDot,P7E,P7N,SR238,,Scar,3,W,3,2,19,23,14,12,3,2834,1,1,11.43,,,,P7E,,,,,,,,,,,,,,,
Harry,P7E,P7N,SR238,,Scar,3,W,3,2,23,20,7,19,5,3360,0,4,11.43,,,,P7E,,,,,,,,,,,,,,,
Mythix,P7E,P7N,SR238,,Scar,3,W,3,2,29,20,14,21,5,3603,1,2,11.43,,,,P7E,,,,,,,,,,,,,,,
2Real,P7N,P7E,SR238,,Scar,3,L,2,3,13,27,13,9,2,2217,1,1,11.43,,,,P7N,P7N,P7E,SR238,,Scar,3,L,2,3,,,,,,
Gio,P7N,P7E,SR238,,Scar,3,L,2,3,22,25,9,15,3,3191,1,1,11.43,,,,P7N,,,,,,,,,,,,,,,
Owakening,P7N,P7E,SR238,,Scar,3,L,2,3,27,25,6,20,4,3359,0,5,11.43,,,,P7N,,,,,,,,,,,,,,,
Uli,P7N,P7E,SR238,,Scar,3,L,2,3,23,25,9,18,4,3152,0,4,11.43,,,,P7N,,,,,,,,,,,,,,,
D7oomx,ROC,FAC,SR239,,Scar,3,W,5,2,30,24,9,22,5,3253,1,4,10.07,,,,ROC,ROC,FAC,SR239,,Scar,3,W,5,2,,,,,,
D7om,ROC,FAC,SR239,,Scar,3,W,5,2,30,23,6,22,5,2995,2,0,10.07,,,,ROC,,,,,,,,,,,,,,,
Khhx,ROC,FAC,SR239,,Scar,3,W,5,2,26,25,10,19,5,3327,2,2,10.07,,,,ROC,,,,,,,,,,,,,,,
Rxld,ROC,FAC,SR239,,Scar,3,W,5,2,26,25,11,14,3,3643,0,2,10.07,,,,ROC,,,,,,,,,,,,,,,
Asim,FAC,ROC,SR239,,Scar,3,L,2,5,21,29,14,15,3,3217,0,0,10.07,,,,FAC,FAC,ROC,SR239,,Scar,3,L,2,5,,,,,,
QK4B,FAC,ROC,SR239,,Scar,3,L,2,5,30,22,10,21,5,3218,2,2,10.07,,,,FAC,,,,,,,,,,,,,,,
Roxas,FAC,ROC,SR239,,Scar,3,L,2,5,21,30,13,11,3,2904,0,3,10.07,,,,FAC,,,,,,,,,,,,,,,
Ruper,FAC,ROC,SR239,,Scar,3,L,2,5,25,31,12,15,2,3415,0,3,10.07,,,,FAC,,,,,,,,,,,,,,,
Alluka,OMB,TBG,SR240,,Den,3,L,1,2,18,30,8,12,4,3252,0,3,10.38,,,,OMB,OMB,TBG,SR240,,Den,3,L,1,2,,,,,,
Brack,OMB,TBG,SR240,,Den,3,L,1,2,21,26,6,17,3,2773,1,0,10.38,,,,OMB,,,,,,,,,,,,,,,
FeLo,OMB,TBG,SR240,,Den,3,L,1,2,23,23,7,15,4,2526,0,5,10.38,,,,OMB,,,,,,,,,,,,,,,
Manny,OMB,TBG,SR240,,Den,3,L,1,2,22,26,17,17,3,3312,0,2,10.38,,,,OMB,,,,,,,,,,,,,,,
Capsidal,TBG,OMB,SR240,,Den,3,W,2,1,33,19,8,23,4,3565,1,2,10.38,,,,TBG,TBG,OMB,SR240,,Den,3,W,2,1,,,,,,
Fire,TBG,OMB,SR240,,Den,3,W,2,1,20,17,9,16,6,3068,1,0,10.38,,,,TBG,,,,,,,,,,,,,,,
Prolute,TBG,OMB,SR240,,Den,3,W,2,1,25,24,10,21,4,3005,0,3,10.38,,,,TBG,,,,,,,,,,,,,,,
Spart,TBG,OMB,SR240,,Den,3,W,2,1,27,24,10,19,4,3330,0,1,10.38,,,,TBG,,,,,,,,,,,,,,,
DC,NXT,HUN,SR241,,Den,3,L,2,5,19,26,8,7,3,2063,1,2,10.00,,,,NXT,NXT,HUN,SR241,,Den,3,L,2,5,,,,,,
Flames,NXT,HUN,SR241,,Den,3,L,2,5,18,28,11,12,4,2507,0,0,10.00,,,,NXT,,,,,,,,,,,,,,,
Johnny,NXT,HUN,SR241,,Den,3,L,2,5,34,27,10,21,5,4025,0,5,10.00,,,,NXT,,,,,,,,,,,,,,,
Standy,NXT,HUN,SR241,,Den,3,L,2,5,22,26,6,14,2,3167,1,0,10.00,,,,NXT,,,,,,,,,,,,,,,
Kips,HUN,NXT,SR241,,Den,3,W,5,2,32,26,14,22,10,3708,2,2,10.00,,,,HUN,HUN,NXT,SR241,,Den,3,W,5,2,,,,,,
Nium,HUN,NXT,SR241,,Den,3,W,5,2,28,21,10,18,4,3143,0,0,10.00,,,,HUN,,,,,,,,,,,,,,,
Renegade,HUN,NXT,SR241,,Den,3,W,5,2,20,25,9,15,4,2274,2,1,10.00,,,,HUN,,,,,,,,,,,,,,,
Rspi,HUN,NXT,SR241,,Den,3,W,5,2,26,21,15,18,8,3198,1,3,10.00,,,,HUN,,,,,,,,,,,,,,,
2Real,P7N,HUN,SR242,,Den,3,L,2,3,26,23,12,13,3,3214,1,4,10.10,,,,P7N,P7N,HUN,SR242,,Den,3,L,2,3,,,,,,
Gio,P7N,HUN,SR242,,Den,3,L,2,3,22,25,11,12,2,2596,1,4,10.10,,,,P7N,,,,,,,,,,,,,,,
Owakening,P7N,HUN,SR242,,Den,3,L,2,3,31,20,10,23,4,3466,0,2,10.10,,,,P7N,,,,,,,,,,,,,,,
Uli,P7N,HUN,SR242,,Den,3,L,2,3,23,21,11,17,3,2699,0,1,10.10,,,,P7N,,,,,,,,,,,,,,,
Kips,HUN,P7N,SR242,,Den,3,W,3,2,19,23,10,13,3,2582,0,3,10.10,,,,HUN,HUN,P7N,SR242,,Den,3,W,3,2,,,,,,
Nium,HUN,P7N,SR242,,Den,3,W,3,2,26,25,8,16,4,3387,2,3,10.10,,,,HUN,,,,,,,,,,,,,,,
Renegade,HUN,P7N,SR242,,Den,3,W,3,2,26,26,10,16,3,3069,1,2,10.10,,,,HUN,,,,,,,,,,,,,,,
Rspi,HUN,P7N,SR242,,Den,3,W,3,2,18,28,8,13,2,2506,0,4,10.10,,,,HUN,,,,,,,,,,,,,,,
Asim,FAC,TBG,SR243,,Den,3,L,1,2,23,24,8,18,3,3006,0,3,10.25,,,,FAC,FAC,TBG,SR243,,Den,3,L,1,2,,,,,,
QK4B,FAC,TBG,SR243,,Den,3,L,1,2,22,20,5,16,5,2841,1,2,10.25,,,,FAC,,,,,,,,,,,,,,,
Roxas,FAC,TBG,SR243,,Den,3,L,1,2,20,19,7,16,3,3026,0,1,10.25,,,,FAC,,,,,,,,,,,,,,,
Ruper,FAC,TBG,SR243,,Den,3,L,1,2,19,24,6,13,4,2383,0,4,10.25,,,,FAC,,,,,,,,,,,,,,,
Capsidal,TBG,FAC,SR243,,Den,3,W,2,1,23,22,10,14,3,2837,1,1,10.25,,,,TBG,TBG,FAC,SR243,,Den,3,W,2,1,,,,,,
Fire,TBG,FAC,SR243,,Den,3,W,2,1,20,20,5,14,4,3063,1,3,10.25,,,,TBG,,,,,,,,,,,,,,,
Prolute,TBG,FAC,SR243,,Den,3,W,2,1,20,22,9,15,4,2885,0,2,10.25,,,,TBG,,,,,,,,,,,,,,,
Spart,TBG,FAC,SR243,,Den,3,W,2,1,24,20,6,18,5,2688,0,4,10.25,,,,TBG,,,,,,,,,,,,,,,
Kips,HUN,TBG,SR244,,Scar,3,L,4,5,25,24,11,17,4,3584,0,2,10.48,,,,HUN,HUN,TBG,SR244,,Scar,3,L,4,5,,,,,,
Nium,HUN,TBG,SR244,,Scar,3,L,4,5,30,28,9,22,3,3684,0,1,10.48,,,,HUN,,,,,,,,,,,,,,,
Renegade,HUN,TBG,SR244,,Scar,3,L,4,5,28,26,8,16,3,3188,1,4,10.48,,,,HUN,,,,,,,,,,,,,,,
Rspi,HUN,TBG,SR244,,Scar,3,L,4,5,30,29,10,20,3,3295,3,6,10.48,,,,HUN,,,,,,,,,,,,,,,
Capsidal,TBG,HUN,SR244,,Scar,3,W,5,4,25,31,14,17,4,3281,2,2,10.48,,,,TBG,TBG,HUN,SR244,,Scar,3,W,5,4,,,,,,
Fire,TBG,HUN,SR244,,Scar,3,W,5,4,31,25,9,20,3,3678,1,2,10.48,,,,TBG,,,,,,,,,,,,,,,
Prolute,TBG,HUN,SR244,,Scar,3,W,5,4,24,31,12,13,4,3571,1,2,10.48,,,,TBG,,,,,,,,,,,,,,,
Spart,TBG,HUN,SR244,,Scar,3,W,5,4,27,26,5,17,3,3193,1,5,10.48,,,,TBG,,,,,,,,,,,,,,,
D7oomx,ROC,P7E,SR245,,Scar,3,W,2,0,31,24,8,21,3,3550,0,3,10.37,,,,ROC,ROC,P7E,SR245,,Scar,3,W,2,0,,,,,,
D7om,ROC,P7E,SR245,,Scar,3,W,2,0,29,25,12,20,5,3281,0,3,10.37,,,,ROC,,,,,,,,,,,,,,,
Khhx,ROC,P7E,SR245,,Scar,3,W,2,0,25,23,13,18,4,3400,2,3,10.37,,,,ROC,,,,,,,,,,,,,,,
Rxld,ROC,P7E,SR245,,Scar,3,W,2,0,26,27,12,17,4,3481,0,3,10.37,,,,ROC,,,,,,,,,,,,,,,
Denza,P7E,ROC,SR245,,Scar,3,L,0,2,18,28,14,11,2,2578,0,2,10.37,,,,P7E,P7E,ROC,SR245,,Scar,3,L,0,2,,,,,,
FDot,P7E,ROC,SR245,,Scar,3,L,0,2,32,31,11,16,4,3535,0,0,10.37,,,,P7E,,,,,,,,,,,,,,,
Harry,P7E,ROC,SR245,,Scar,3,L,0,2,24,26,15,16,3,2696,0,4,10.37,,,,P7E,,,,,,,,,,,,,,,
Mythix,P7E,ROC,SR245,,Scar,3,L,0,2,25,26,8,18,3,3100,0,4,10.37,,,,P7E,,,,,,,,,,,,,,,
Denza,P7E,TBG,SR246,,Scar,3,L,3,3,23,27,10,13,3,2608,0,3,12.22,,,,P7E,P7E,TBG,SR246,,Scar,3,L,3,3,,,,,,
FDot,P7E,TBG,SR246,,Scar,3,L,3,3,36,31,11,24,4,4498,0,1,12.22,,,,P7E,,,,,,,,,,,,,,,
Harry,P7E,TBG,SR246,,Scar,3,L,3,3,28,26,11,20,4,3878,0,3,12.22,,,,P7E,,,,,,,,,,,,,,,
Mythix,P7E,TBG,SR246,,Scar,3,L,3,3,22,28,13,13,3,3275,3,2,12.22,,,,P7E,,,,,,,,,,,,,,,
Capsidal,TBG,P7E,SR246,,Scar,3,L,3,3,27,30,11,17,3,3392,0,1,12.22,,,,TBG,TBG,P7E,SR246,,Scar,3,L,3,3,,,,,,
Fire,TBG,P7E,SR246,,Scar,3,L,3,3,30,26,13,20,5,3841,0,4,12.22,,,,TBG,,,,,,,,,,,,,,,
Prolute,TBG,P7E,SR246,,Scar,3,L,3,3,27,24,11,21,4,3243,0,3,12.22,,,,TBG,,,,,,,,,,,,,,,
Spart,TBG,P7E,SR246,,Scar,3,L,3,3,28,29,14,15,5,3115,3,6,12.22,,,,TBG,,,,,,,,,,,,,,,
,,,,,,3,,,,,,,,,,,,0.00,,,,,,,,,,3,,,,,,,,,
,,,,,,3,,,,,,,,,,,,0.00,,,,,,,,,,,,,,,,,,,
,,,,,,3,,,,,,,,,,,,0.00,,,,,,,,,,,,,,,,,,,
,,,,,,3,,,,,,,,,,,,0.00,,,,,,,,,,,,,,,,,,,
,,,,,,3,,,,,,,,,,,,0.00,,,,,,,,,,3,,,,,,,,,
,,,,,,3,,,,,,,,,,,,0.00,,,,,,,,,,,,,,,,,,,
,,,,,,3,,,,,,,,,,,,0.00,,,,,,,,,,,,,,,,,,,
,,,,,,3,,,,,,,,,,,,0.00,,,,,,,,,,,,,,,,,,,
D7oomx,ROC,TBG,SR247,,Scar,3,W,2,1,27,25,16,21,3,3554,1,3,10.00,,,,ROC,ROC,TBG,SR247,,Scar,3,W,2,1,,,,,,
D7om,ROC,TBG,SR247,,Scar,3,W,2,1,30,27,9,15,4,3657,1,4,10.00,,,,ROC,,,,,,,,,,,,,,,
Khhx,ROC,TBG,SR247,,Scar,3,W,2,1,29,22,6,21,5,3317,0,0,10.00,,,,ROC,,,,,,,,,,,,,,,
Rxld,ROC,TBG,SR247,,Scar,3,W,2,1,13,30,8,6,2,1883,0,3,10.00,,,,ROC,,,,,,,,,,,,,,,
Capsidal,TBG,ROC,SR247,,Scar,3,L,1,2,25,25,11,16,3,2892,1,4,10.00,,,,TBG,TBG,ROC,SR247,,Scar,3,L,1,2,,,,,,
Fire,TBG,ROC,SR247,,Scar,3,L,1,2,26,23,13,18,3,3102,0,2,10.00,,,,TBG,,,,,,,,,,,,,,,
Prolute,TBG,ROC,SR247,,Scar,3,L,1,2,24,25,12,17,4,3223,0,2,10.00,,,,TBG,,,,,,,,,,,,,,,
Spart,TBG,ROC,SR247,,Scar,3,L,1,2,29,26,15,21,4,3524,0,2,10.00,,,,TBG,,,,,,,,,,,,,,,
,ROC,TBG,SR247,,,6,,,,,,,,,,,,0.00,,,,ROC,ROC,TBG,SR247,,,6,,,,,,,,,
,ROC,TBG,SR247,,,6,,,,,,,,,,,,0.00,,,,ROC,,,,,,,,,,,,,,,
,ROC,TBG,SR247,,,6,,,,,,,,,,,,0.00,,,,ROC,,,,,,,,,,,,,,,
,ROC,TBG,SR247,,,6,,,,,,,,,,,,0.00,,,,ROC,,,,,,,,,,,,,,,
,TBG,ROC,SR247,,,6,,,,,,,,,,,,0.00,,,,TBG,TBG,ROC,SR247,,,6,,,,,,,,,
,TBG,ROC,SR247,,,6,,,,,,,,,,,,0.00,,,,TBG,,,,,,,,,,,,,,,
,TBG,ROC,SR247,,,6,,,,,,,,,,,,0.00,,,,TBG,,,,,,,,,,,,,,,
,TBG,ROC,SR247,,,6,,,,,,,,,,,,0.00,,,,TBG,,,,,,,,,,,,,,,
Avo,VTZ,HYB,SR248,,Scar,3,L,2,5,18,29,11,8,2,2342,1,2,10.28,,,,VTZ,VTZ,HYB,SR248,,Scar,3,L,2,5,,,,,,
Infinity,VTZ,HYB,SR248,,Scar,3,L,2,5,18,30,14,10,3,3030,0,0,10.28,,,,VTZ,,,,,,,,,,,,,,,
Izaac,VTZ,HYB,SR248,,Scar,3,L,2,5,26,26,8,21,4,2937,0,1,10.28,,,,VTZ,,,,,,,,,,,,,,,
SmolZila,VTZ,HYB,SR248,,Scar,3,L,2,5,25,31,12,14,4,3440,1,0,10.28,,,,VTZ,,,,,,,,,,,,,,,
eH,HYB,VTZ,SR248,,Scar,3,W,5,2,18,24,7,12,2,2440,3,2,10.28,,,,HYB,HYB,VTZ,SR248,,Scar,3,W,5,2,,,,,,
Fibrone,HYB,VTZ,SR248,,Scar,3,W,5,2,33,21,12,27,5,3978,1,2,10.28,,,,HYB,,,,,,,,,,,,,,,
Twisted,HYB,VTZ,SR248,,Scar,3,W,5,2,31,21,8,24,5,3846,1,0,10.28,,,,HYB,,,,,,,,,,,,,,,
Wailers,HYB,VTZ,SR248,,Scar,3,W,5,2,34,21,7,22,4,3763,0,1,10.28,,,,HYB,,,,,,,,,,,,,,,
RazeSoul,NVI,WTH,SR249,,Scar,3,W,5,2,26,22,8,19,5,3614,3,6,10.15,,,,NVI,NVI,WTH,SR249,,Scar,3,W,5,2,,,,,,
RealCharm,NVI,WTH,SR249,,Scar,3,W,5,2,19,28,9,14,4,2585,1,3,10.15,,,,NVI,,,,,,,,,,,,,,,
Shay,NVI,WTH,SR249,,Scar,3,W,5,2,32,25,8,23,4,3632,0,2,10.15,,,,NVI,,,,,,,,,,,,,,,
Synergy,NVI,WTH,SR249,,Scar,3,W,5,2,28,28,9,13,4,3670,1,3,10.15,,,,NVI,,,,,,,,,,,,,,,
Blade,WTH,NVI,SR249,,Scar,3,L,2,5,18,27,8,12,2,2626,1,1,10.15,,,,WTH,WTH,NVI,SR249,,Scar,3,L,2,5,,,,,,
Clutch,WTH,NVI,SR249,,Scar,3,L,2,5,21,28,7,12,3,2751,0,3,10.15,,,,WTH,,,,,,,,,,,,,,,
dk,WTH,NVI,SR249,,Scar,3,L,2,5,39,25,9,30,6,4371,1,3,10.15,,,,WTH,,,,,,,,,,,,,,,
Lampy,WTH,NVI,SR249,,Scar,3,L,2,5,25,25,7,18,4,3115,0,1,10.15,,,,WTH,,,,,,,,,,,,,,,
Denza,P7E,VIC,SR250,,Den,3,W,6,2,20,25,14,11,4,2260,5,1,10.07,,,,P7E,P7E,VIC,SR250,,Den,3,W,6,2,,,,,,
FDot,P7E,VIC,SR250,,Den,3,W,6,2,29,26,9,19,4,3273,1,3,10.07,,,,P7E,,,,,,,,,,,,,,,
Harry,P7E,VIC,SR250,,Den,3,W,6,2,26,23,13,14,3,3754,0,1,10.07,,,,P7E,,,,,,,,,,,,,,,
Mythix,P7E,VIC,SR250,,Den,3,W,6,2,26,24,8,16,5,3041,0,2,10.07,,,,P7E,,,,,,,,,,,,,,,
BBConor,VIC,P7E,SR250,,Den,3,L,2,6,15,25,3,7,2,1700,0,0,10.07,,,,VIC,VIC,P7E,SR250,,Den,3,L,2,6,,,,,,
Disarray,VIC,P7E,SR250,,Den,3,L,2,6,18,27,12,14,3,2815,1,4,10.07,,,,VIC,,,,,,,,,,,,,,,
Faisal,VIC,P7E,SR250,,Den,3,L,2,6,23,29,9,14,5,2711,0,3,10.07,,,,VIC,,,,,,,,,,,,,,,
Yafty,VIC,P7E,SR250,,Den,3,L,2,6,41,21,4,29,5,4138,1,2,10.07,,,,VIC,,,,,,,,,,,,,,,
Breszy,CLR,ALS,SR251,,Den,3,W,7,1,33,21,8,24,5,3634,1,3,9.35,,,,CLR,CLR,ALS,SR251,,Den,3,W,7,1,,,,,,
Cobra,CLR,ALS,SR251,,Den,3,W,7,1,24,19,10,17,4,3001,3,1,9.35,,,,CLR,,,,,,,,,,,,,,,
Lynz,CLR,ALS,SR251,,Den,3,W,7,1,17,24,9,12,3,2768,2,2,9.35,,,,CLR,,,,,,,,,,,,,,,
Melko,CLR,ALS,SR251,,Den,3,W,7,1,28,23,4,21,4,3072,1,2,9.35,,,,CLR,,,,,,,,,,,,,,,
Alsumih,ALS,CLR,SR251,,Den,3,L,1,7,25,24,4,18,3,2845,0,4,9.35,,,,ALS,ALS,CLR,SR251,,Den,3,L,1,7,,,,,,
Evo,ALS,CLR,SR251,,Den,3,L,1,7,19,29,16,12,3,2764,1,1,9.35,,,,ALS,,,,,,,,,,,,,,,
Madness,ALS,CLR,SR251,,Den,3,L,1,7,18,21,4,15,3,1984,0,3,9.35,,,,ALS,,,,,,,,,,,,,,,
Shark,ALS,CLR,SR251,,Den,3,L,1,7,25,28,11,18,4,3234,0,3,9.35,,,,ALS,,,,,,,,,,,,,,,
Avo,VTZ,WTH,SR252,,Exposure,3,W,8,2,17,18,9,15,4,2247,4,0,9.07,,,,VTZ,VTZ,WTH,SR252,,Exposure,3,W,8,2,,,,,,
Infinity,VTZ,WTH,SR252,,Exposure,3,W,8,2,27,20,12,20,4,3237,2,4,9.07,,,,VTZ,,,,,,,,,,,,,,,
Izaac,VTZ,WTH,SR252,,Exposure,3,W,8,2,21,19,9,16,6,2537,2,2,9.07,,,,VTZ,,,,,,,,,,,,,,,
SmolZila,VTZ,WTH,SR252,,Exposure,3,W,8,2,30,21,6,24,8,3585,0,2,9.07,,,,VTZ,,,,,,,,,,,,,,,
Blade,WTH,VTZ,SR252,,Exposure,3,L,2,8,16,23,6,9,2,2124,2,1,9.07,,,,WTH,WTH,VTZ,SR252,,Exposure,3,L,2,8,,,,,,
Clutch,WTH,VTZ,SR252,,Exposure,3,L,2,8,23,21,5,18,3,2885,0,5,9.07,,,,WTH,,,,,,,,,,,,,,,
dk,WTH,VTZ,SR252,,Exposure,3,L,2,8,19,26,7,11,3,3027,0,1,9.07,,,,WTH,,,,,,,,,,,,,,,
Lampy,WTH,VTZ,SR252,,Exposure,3,L,2,8,20,25,7,13,3,2636,0,1,9.07,,,,WTH,,,,,,,,,,,,,,,
BBConor,VIC,ALS,SR253,,Den,3,W,3,4,20,26,8,11,2,2941,0,4,9.72,,,,VIC,VIC,ALS,SR253,,Den,3,W,3,4,,,,,,
Disarray,VIC,ALS,SR253,,Den,3,W,3,4,19,24,6,16,4,2454,0,1,9.72,,,,VIC,,,,,,,,,,,,,,,
Faisal,VIC,ALS,SR253,,Den,3,W,3,4,29,27,5,17,5,3260,1,2,9.72,,,,VIC,,,,,,,,,,,,,,,
Yafty,VIC,ALS,SR253,,Den,3,W,3,4,23,25,13,20,5,3439,2,3,9.72,,,,VIC,,,,,,,,,,,,,,,
Alsumih,ALS,VIC,SR253,,Den,3,W,4,3,35,25,6,25,5,3831,0,2,9.72,,,,ALS,ALS,VIC,SR253,,Den,3,W,4,3,,,,,,
Evo,ALS,VIC,SR253,,Den,3,W,4,3,20,25,14,13,4,2959,2,4,9.72,,,,ALS,,,,,,,,,,,,,,,
Madness,ALS,VIC,SR253,,Den,3,W,4,3,22,21,10,18,4,2722,0,4,9.72,,,,ALS,,,,,,,,,,,,,,,
Shark,ALS,VIC,SR253,,Den,3,W,4,3,25,20,8,20,5,3170,2,3,9.72,,,,ALS,,,,,,,,,,,,,,,
eH,HYB,NVI,SR254,,Exposure,3,W,3,2,31,26,13,23,6,3420,1,4,10.03,,,,HYB,HYB,NVI,SR254,,Exposure,3,W,3,2,,,,,,
Fibrone,HYB,NVI,SR254,,Exposure,3,W,3,2,23,20,7,19,5,2638,0,3,10.03,,,,HYB,,,,,,,,,,,,,,,
Twisted,HYB,NVI,SR254,,Exposure,3,W,3,2,19,21,9,15,4,2834,2,1,10.03,,,,HYB,,,,,,,,,,,,,,,
Wailers,HYB,NVI,SR254,,Exposure,3,W,3,2,26,19,11,22,5,3123,0,0,10.03,,,,HYB,,,,,,,,,,,,,,,
RazeSoul,NVI,HYB,SR254,,Exposure,3,L,2,3,15,28,10,8,3,2303,0,1,10.03,,,,NVI,NVI,HYB,SR254,,Exposure,3,L,2,3,,,,,,
RealCharm,NVI,HYB,SR254,,Exposure,3,L,2,3,24,21,8,19,4,3251,1,0,10.03,,,,NVI,,,,,,,,,,,,,,,
Shay,NVI,HYB,SR254,,Exposure,3,L,2,3,26,27,5,14,3,3125,1,0,10.03,,,,NVI,,,,,,,,,,,,,,,
Synergy,NVI,HYB,SR254,,Exposure,3,L,2,3,21,23,4,12,3,2110,0,5,10.03,,,,NVI,,,,,,,,,,,,,,,
Denza,P7E,CLR,SR255,,Den,3,L,2,4,18,25,9,10,4,2163,0,3,8.70,,,,P7E,P7E,CLR,SR255,,Den,3,L,2,4,,,,,,
FDot,P7E,CLR,SR255,,Den,3,L,2,4,20,21,7,13,4,2520,1,4,8.70,,,,P7E,,,,,,,,,,,,,,,
Harry,P7E,CLR,SR255,,Den,3,L,2,4,20,21,6,13,3,2979,1,3,8.70,,,,P7E,,,,,,,,,,,,,,,
Mythix,P7E,CLR,SR255,,Den,3,L,2,4,17,25,7,12,5,2443,0,1,8.70,,,,P7E,,,,,,,,,,,,,,,
Breszy,CLR,P7E,SR255,,Den,3,W,4,2,27,22,9,19,3,3153,1,4,8.70,,,,CLR,CLR,P7E,SR255,,Den,3,W,4,2,,,,,,
Cobra,CLR,P7E,SR255,,Den,3,W,4,2,19,20,10,11,6,3069,0,0,8.70,,,,CLR,,,,,,,,,,,,,,,
Lynz,CLR,P7E,SR255,,Den,3,W,4,2,24,16,3,21,4,2446,0,4,8.70,,,,CLR,,,,,,,,,,,,,,,
Melko,CLR,P7E,SR255,,Den,3,W,4,2,22,18,10,15,5,2780,3,3,8.70,,,,CLR,,,,,,,,,,,,,,,
Avo,VTZ,CLR,SR256,,Scar,3,L,1,6,24,31,7,10,4,2578,0,2,10.43,,,,VTZ,VTZ,CLR,SR256,,Scar,3,L,1,6,,,,,,
Infinity,VTZ,CLR,SR256,,Scar,3,L,1,6,23,30,12,16,3,3032,0,1,10.43,,,,VTZ,,,,,,,,,,,,,,,
Izaac,VTZ,CLR,SR256,,Scar,3,L,1,6,25,26,6,16,4,3135,0,4,10.43,,,,VTZ,,,,,,,,,,,,,,,
SmolZila,VTZ,CLR,SR256,,Scar,3,L,1,6,31,30,12,17,5,4097,1,1,10.43,,,,VTZ,,,,,,,,,,,,,,,
Breszy,CLR,VTZ,SR256,,Scar,3,W,6,1,34,25,13,27,5,4129,0,0,10.43,,,,CLR,CLR,VTZ,SR256,,Scar,3,W,6,1,,,,,,
Cobra,CLR,VTZ,SR256,,Scar,3,W,6,1,28,27,14,16,3,3624,1,4,10.43,,,,CLR,,,,,,,,,,,,,,,
Lynz,CLR,VTZ,SR256,,Scar,3,W,6,1,30,23,11,20,7,3773,2,1,10.43,,,,CLR,,,,,,,,,,,,,,,
Melko,CLR,VTZ,SR256,,Scar,3,W,6,1,25,28,14,15,3,2929,3,0,10.43,,,,CLR,,,,,,,,,,,,,,,
RazeSoul,NVI,ALS,SR257,,Den,3,W,2,2,11,24,7,8,2,1438,1,1,10.93,,,,NVI,NVI,ALS,SR257,,Den,3,W,2,2,,,,,,
RealCharm,NVI,ALS,SR257,,Den,3,W,2,2,26,23,7,17,3,3301,1,6,10.93,,,,NVI,,,,,,,,,,,,,,,
Shay,NVI,ALS,SR257,,Den,3,W,2,2,31,25,7,23,4,3750,0,4,10.93,,,,NVI,,,,,,,,,,,,,,,
Synergy,NVI,ALS,SR257,,Den,3,W,2,2,26,23,7,15,4,3199,0,3,10.93,,,,NVI,,,,,,,,,,,,,,,
Alsumih,ALS,NVI,SR257,,Den,3,L,2,2,29,24,9,19,4,3353,0,3,10.93,,,,ALS,ALS,NVI,SR257,,Den,3,L,2,2,,,,,,
Evo,ALS,NVI,SR257,,Den,3,L,2,2,25,23,5,17,4,2997,0,4,10.93,,,,ALS,,,,,,,,,,,,,,,
Madness,ALS,NVI,SR257,,Den,3,L,2,2,18,18,10,14,5,2246,1,4,10.93,,,,ALS,,,,,,,,,,,,,,,
Shark,ALS,NVI,SR257,,Den,3,L,2,2,23,29,9,16,3,3047,1,1,10.93,,,,ALS,,,,,,,,,,,,,,,
eH,HYB,P7E,SR258,,Den,3,L,2,5,16,30,14,10,3,2543,1,0,10.02,,,,HYB,HYB,P7E,SR258,,Den,3,L,2,5,,,,,,
Fibrone,HYB,P7E,SR258,,Den,3,L,2,5,24,27,13,13,3,2827,1,2,10.02,,,,HYB,,,,,,,,,,,,,,,
Twisted,HYB,P7E,SR258,,Den,3,L,2,5,23,25,7,18,3,3536,0,1,10.02,,,,HYB,,,,,,,,,,,,,,,
Wailers,HYB,P7E,SR258,,Den,3,L,2,5,26,25,10,15,3,3197,0,6,10.02,,,,HYB,,,,,,,,,,,,,,,
Denza,P7E,HYB,SR258,,Den,3,W,5,2,25,24,5,16,6,2816,2,2,10.02,,,,P7E,P7E,HYB,SR258,,Den,3,W,5,2,,,,,,
FDot,P7E,HYB,SR258,,Den,3,W,5,2,30,23,8,20,6,3585,0,2,10.02,,,,P7E,,,,,,,,,,,,,,,
Harry,P7E,HYB,SR258,,Den,3,W,5,2,32,20,10,24,7,3980,2,3,10.02,,,,P7E,,,,,,,,,,,,,,,
Mythix,P7E,HYB,SR258,,Den,3,W,5,2,25,24,5,16,6,2816,2,2,10.02,,,,P7E,,,,,,,,,,,,,,,
Breszy,CLR,NVI,SR259,,Scar,3,W,5,2,29,22,7,21,5,3593,1,3,9.98,,,,CLR,CLR,NVI,SR259,,Scar,3,W,5,2,,,,,,
Cobra,CLR,NVI,SR259,,Scar,3,W,5,2,28,25,8,17,4,3346,3,5,9.98,,,,CLR,,,,,,,,,,,,,,,
Lynz,CLR,NVI,SR259,,Scar,3,W,5,2,31,28,15,20,3,3973,0,3,9.98,,,,CLR,,,,,,,,,,,,,,,
Melko,CLR,NVI,SR259,,Scar,3,W,5,2,29,18,6,25,5,3583,1,2,9.98,,,,CLR,,,,,,,,,,,,,,,
RazeSoul,NVI,CLR,SR259,,Scar,3,L,2,5,25,28,7,16,3,2846,0,2,9.98,,,,NVI,NVI,CLR,SR259,,Scar,3,L,2,5,,,,,,
RealCharm,NVI,CLR,SR259,,Scar,3,L,2,5,25,29,7,14,3,2984,1,2,9.98,,,,NVI,,,,,,,,,,,,,,,
Shay,NVI,CLR,SR259,,Scar,3,L,2,5,23,31,9,12,3,2659,1,1,9.98,,,,NVI,,,,,,,,,,,,,,,
Synergy,NVI,CLR,SR259,,Scar,3,L,2,5,20,29,10,12,3,3087,0,2,9.98,,,,NVI,,,,,,,,,,,,,,,
eH,HYB,CLR,SR260,,Den,3,L,3,4,21,29,8,13,3,2675,0,1,10.00,,,,HYB,HYB,CLR,SR260,,Den,3,L,3,4,,,,,,
Fibrone,HYB,CLR,SR260,,Den,3,L,3,4,29,21,10,18,4,3101,2,4,10.00,,,,HYB,,,,,,,,,,,,,,,
Twisted,HYB,CLR,SR260,,Den,3,L,3,4,27,25,9,20,4,3507,0,0,10.00,,,,HYB,,,,,,,,,,,,,,,
Wailers,HYB,CLR,SR260,,Den,3,L,3,4,27,20,9,17,4,3042,1,2,10.00,,,,HYB,,,,,,,,,,,,,,,
Breszy,CLR,HYB,SR260,,Den,3,W,4,3,24,28,8,15,2,3087,1,1,10.00,,,,CLR,CLR,HYB,SR260,,Den,3,W,4,3,,,,,,
Cobra,CLR,HYB,SR260,,Den,3,W,4,3,24,24,10,15,4,2755,1,3,10.00,,,,CLR,,,,,,,,,,,,,,,
Lynz,CLR,HYB,SR260,,Den,3,W,4,3,28,25,11,19,3,3113,2,1,10.00,,,,CLR,,,,,,,,,,,,,,,
Melko,CLR,HYB,SR260,,Den,3,W,4,3,19,27,11,11,4,2994,0,2,10.00,,,,CLR,,,,,,,,,,,,,,,
Denza,P7E,CLR,SR261,,Den,3,L,0,8,8,32,7,4,1,1652,0,0,11.00,,,,P7E,P7E,CLR,SR261,,Den,3,L,0,8,,,,,,
FDot,P7E,CLR,SR261,,Den,3,L,0,8,25,28,7,14,4,3373,0,5,11.00,,,,P7E,,,,,,,,,,,,,,,
Harry,P7E,CLR,SR261,,Den,3,L,0,8,29,29,4,16,3,3610,0,1,11.00,,,,P7E,,,,,,,,,,,,,,,
Mythix,P7E,CLR,SR261,,Den,3,L,0,8,18,30,7,12,6,2617,0,0,11.00,,,,P7E,,,,,,,,,,,,,,,
Breszy,CLR,P7E,SR261,,Den,3,W,8,0,30,20,13,23,5,3786,0,1,11.00,,,,CLR,CLR,P7E,SR261,,Den,3,W,8,0,,,,,,
Cobra,CLR,P7E,SR261,,Den,3,W,8,0,31,17,10,20,4,3892,4,4,11.00,,,,CLR,,,,,,,,,,,,,,,
Lynz,CLR,P7E,SR261,,Den,3,W,8,0,34,19,11,25,11,3995,3,2,11.00,,,,CLR,,,,,,,,,,,,,,,
Melko,CLR,P7E,SR261,,Den,3,W,8,0,23,24,5,14,4,2693,1,0,11.00,,,,CLR,,,,,,,,,,,,,,,
Denza,P7E,CLR,SR261,,Exposure,6,L,2,8,16,22,8,10,4,2005,0,0,8.83,,,,P7E,P7E,CLR,SR261,,Exposure,6,L,2,8,,,,,,
FDot,P7E,CLR,SR261,,Exposure,6,L,2,8,16,20,7,12,4,2364,1,1,8.83,,,,P7E,,,,,,,,,,,,,,,
Harry,P7E,CLR,SR261,,Exposure,6,L,2,8,18,19,6,8,3,2457,0,0,8.83,,,,P7E,,,,,,,,,,,,,,,
Mythix,P7E,CLR,SR261,,Exposure,6,L,2,8,18,21,5,9,3,2297,1,2,8.83,,,,P7E,,,,,,,,,,,,,,,
Breszy,CLR,P7E,SR261,,Exposure,6,W,8,2,15,19,3,11,2,2089,2,2,8.83,,,,CLR,CLR,P7E,SR261,,Exposure,6,W,8,2,,,,,,
Cobra,CLR,P7E,SR261,,Exposure,6,W,8,2,23,15,10,20,6,3338,0,1,8.83,,,,CLR,,,,,,,,,,,,,,,
Lynz,CLR,P7E,SR261,,Exposure,6,W,8,2,28,19,4,19,4,3010,0,2,8.83,,,,CLR,,,,,,,,,,,,,,,
Melko,CLR,P7E,SR261,,Exposure,6,W,8,2,16,15,3,12,3,1674,6,1,8.83,,,,CLR,,,,,,,,,,,,,,,
Capsidal,TBG,FAC,SR262,,Den,3,L,2,5,23,29,6,12,3,2818,0,2,10.10,,,,TBG,TBG,FAC,SR262,,Den,3,L,2,5,,,,,,
Fire,TBG,FAC,SR262,,Den,3,L,2,5,19,23,9,13,4,2747,0,0,10.10,,,,TBG,,,,,,,,,,,,,,,
Prolute,TBG,FAC,SR262,,Den,3,L,2,5,17,29,10,8,2,2411,1,2,10.10,,,,TBG,,,,,,,,,,,,,,,
Spart,TBG,FAC,SR262,,Den,3,L,2,5,24,22,6,15,4,2994,1,6,10.10,,,,TBG,,,,,,,,,,,,,,,
Alluka,FAC,TBG,SR262,,Den,3,W,5,2,33,22,15,29,5,3851,0,3,10.10,,,,FAC,FAC,TBG,SR262,,Den,3,W,5,2,,,,,,
Hamza,FAC,TBG,SR262,,Den,3,W,5,2,16,21,12,11,3,2191,3,0,10.10,,,,FAC,,,,,,,,,,,,,,,
QK4B,FAC,TBG,SR262,,Den,3,W,5,2,19,23,9,13,4,2663,0,1,10.10,,,,FAC,,,,,,,,,,,,,,,
Standy,FAC,TBG,SR262,,Den,3,W,5,2,35,17,8,26,6,3272,2,6,10.10,,,,FAC,,,,,,,,,,,,,,,
Asim,OMB,HUN,SR263,,Den,3,L,3,4,24,23,8,16,7,2991,0,1,10.17,,,,OMB,OMB,HUN,SR263,,Den,3,L,3,4,,,,,,
Brack,OMB,HUN,SR263,,Den,3,L,3,4,26,23,4,16,5,2601,1,2,10.17,,,,OMB,,,,,,,,,,,,,,,
FeLo,OMB,HUN,SR263,,Den,3,L,3,4,19,22,8,15,6,2941,0,2,10.17,,,,OMB,,,,,,,,,,,,,,,
ReeaL,OMB,HUN,SR263,,Den,3,L,3,4,28,28,7,19,4,3307,2,4,10.17,,,,OMB,,,,,,,,,,,,,,,
Johnny,HUN,OMB,SR263,,Den,3,W,4,3,32,22,6,22,9,3983,1,2,10.17,,,,HUN,HUN,OMB,SR263,,Den,3,W,4,3,,,,,,
Nemensions,HUN,OMB,SR263,,Den,3,W,4,3,25,21,8,21,3,2873,2,3,10.17,,,,HUN,,,,,,,,,,,,,,,
Renegade,HUN,OMB,SR263,,Den,3,W,4,3,23,26,4,13,2,2597,1,3,10.17,,,,HUN,,,,,,,,,,,,,,,
Rspi,HUN,OMB,SR263,,Den,3,W,4,3,16,28,9,10,2,2252,0,2,10.17,,,,HUN,,,,,,,,,,,,,,,
Cimbels,FCB,FCS,SR264,,Scar,3,W,3,0,31,27,13,21,4,3408,0,2,10.22,,,,FCB,FCB,FCS,SR264,,Scar,3,W,3,0,,,,,,
Milly,FCB,FCS,SR264,,Scar,3,W,3,0,33,22,15,19,7,4125,0,3,10.22,,,,FCB,,,,,,,,,,,,,,,
Peel,FCB,FCS,SR264,,Scar,3,W,3,0,34,29,13,19,5,3851,1,4,10.22,,,,FCB,,,,,,,,,,,,,,,
Ryann,FCB,FCS,SR264,,Scar,3,W,3,0,28,24,10,18,3,3430,2,6,10.22,,,,FCB,,,,,,,,,,,,,,,
Cal,FCS,FCB,SR264,,Scar,3,L,0,3,29,30,15,17,5,3893,0,5,10.22,,,,FCS,FCS,FCB,SR264,,Scar,3,L,0,3,,,,,,
Des,FCS,FCB,SR264,,Scar,3,L,0,3,20,29,16,14,3,2783,0,1,10.22,,,,FCS,,,,,,,,,,,,,,,
DTG,FCS,FCB,SR264,,Scar,3,L,0,3,23,32,13,13,3,3104,0,1,10.22,,,,FCS,,,,,,,,,,,,,,,
Swagchecked,FCS,FCB,SR264,,Scar,3,L,0,3,30,35,8,17,3,3180,0,2,10.22,,,,FCS,,,,,,,,,,,,,,,
Gio,FUN,P7N,SR265,,Exposure,3,L,1,4,13,25,10,8,4,2353,0,1,10.00,,,,FUN,FUN,P7N,SR265,,Exposure,3,L,1,4,,,,,,
Mack,FUN,P7N,SR265,,Exposure,3,L,1,4,19,29,9,12,3,2483,0,2,10.00,,,,FUN,,,,,,,,,,,,,,,
Uli,FUN,P7N,SR265,,Exposure,3,L,1,4,25,26,9,18,5,2921,0,4,10.00,,,,FUN,,,,,,,,,,,,,,,
Vivid,FUN,P7N,SR265,,Exposure,3,L,1,4,27,24,9,19,4,2981,1,4,10.00,,,,FUN,,,,,,,,,,,,,,,
Afro,P7N,FUN,SR265,,Exposure,3,W,4,1,26,21,6,17,5,3286,1,0,10.00,,,,P7N,P7N,FUN,SR265,,Exposure,3,W,4,1,,,,,,
Beans,P7N,FUN,SR265,,Exposure,3,W,4,1,23,19,10,19,5,3350,1,2,10.00,,,,P7N,,,,,,,,,,,,,,,
DC,P7N,FUN,SR265,,Exposure,3,W,4,1,25,23,8,17,4,3368,2,0,10.00,,,,P7N,,,,,,,,,,,,,,,
ErikBoom,P7N,FUN,SR265,,Exposure,3,W,4,1,30,21,8,19,4,2939,0,3,10.00,,,,P7N,,,,,,,,,,,,,,,
Alluka,FAC,HUN,SR266,,Den,3,L,1,5,28,23,10,22,6,3658,0,2,10.35,,,,FAC,FAC,HUN,SR266,,Den,3,L,1,5,,,,,,
Hamza,FAC,HUN,SR266,,Den,3,L,1,5,23,22,11,17,4,2881,0,1,10.35,,,,FAC,,,,,,,,,,,,,,,
QK4B,FAC,HUN,SR266,,Den,3,L,1,5,24,25,12,16,3,3482,1,3,10.35,,,,FAC,,,,,,,,,,,,,,,
Standy,FAC,HUN,SR266,,Den,3,L,1,5,26,25,10,20,4,3171,0,4,10.35,,,,FAC,,,,,,,,,,,,,,,
Johnny,HUN,FAC,SR266,,Den,3,W,5,1,22,25,11,16,3,3577,1,5,10.35,,,,HUN,HUN,FAC,SR266,,Den,3,W,5,1,,,,,,
Nemensions,HUN,FAC,SR266,,Den,3,W,5,1,22,24,7,13,3,3112,1,1,10.35,,,,HUN,,,,,,,,,,,,,,,
Renegade,HUN,FAC,SR266,,Den,3,W,5,1,21,28,7,11,4,2809,2,3,10.35,,,,HUN,,,,,,,,,,,,,,,
Rspi,HUN,FAC,SR266,,Den,3,W,5,1,30,24,3,19,4,3086,1,4,10.35,,,,HUN,,,,,,,,,,,,,,,
Cal,FCS,FUN,SR267,,Scar,3,L,2,5,21,30,9,9,3,2772,1,2,10.03,,,,FCS,FCS,FUN,SR267,,Scar,3,L,2,5,,,,,,
Des,FCS,FUN,SR267,,Scar,3,L,2,5,28,30,7,14,3,3021,1,0,10.03,,,,FCS,,,,,,,,,,,,,,,
DTG,FCS,FUN,SR267,,Scar,3,L,2,5,29,27,11,22,7,3768,0,2,10.03,,,,FCS,,,,,,,,,,,,,,,
Swagchecked,FCS,FUN,SR267,,Scar,3,L,2,5,29,32,11,15,3,3356,0,2,10.03,,,,FCS,,,,,,,,,,,,,,,
Gio,FUN,FCS,SR267,,Scar,3,W,5,2,29,26,13,18,4,3736,0,3,10.03,,,,FUN,FUN,FCS,SR267,,Scar,3,W,5,2,,,,,,
Mack,FUN,FCS,SR267,,Scar,3,W,5,2,36,26,13,23,4,4594,0,5,10.03,,,,FUN,,,,,,,,,,,,,,,
Uli,FUN,FCS,SR267,,Scar,3,W,5,2,29,28,17,20,6,3662,3,1,10.03,,,,FUN,,,,,,,,,,,,,,,
Vivid,FUN,FCS,SR267,,Scar,3,W,5,2,25,27,12,12,5,3057,2,3,10.03,,,,FUN,,,,,,,,,,,,,,,
Capsidal,TBG,OMB,SR268,,Scar,3,L,0,2,23,29,6,15,3,2782,0,2,10.23,,,,TBG,TBG,OMB,SR268,,Scar,3,L,0,2,,,,,,
Fire,TBG,OMB,SR268,,Scar,3,L,0,2,16,24,9,9,3,2772,0,4,10.23,,,,TBG,,,,,,,,,,,,,,,
Prolute,TBG,OMB,SR268,,Scar,3,L,0,2,27,25,6,19,4,2995,0,1,10.23,,,,TBG,,,,,,,,,,,,,,,
Spart,TBG,OMB,SR268,,Scar,3,L,0,2,27,25,9,22,3,3358,0,1,10.23,,,,TBG,,,,,,,,,,,,,,,
Asim,OMB,TBG,SR268,,Scar,3,W,2,0,35,23,8,28,6,3929,0,2,10.23,,,,OMB,OMB,TBG,SR268,,Scar,3,W,2,0,,,,,,
Brack,OMB,TBG,SR268,,Scar,3,W,2,0,23,23,6,18,4,2850,1,3,10.23,,,,OMB,,,,,,,,,,,,,,,
FeLo,OMB,TBG,SR268,,Scar,3,W,2,0,20,23,8,15,6,2895,0,2,10.23,,,,OMB,,,,,,,,,,,,,,,
ReeaL,OMB,TBG,SR268,,Scar,3,W,2,0,25,24,14,19,3,3485,1,3,10.23,,,,OMB,,,,,,,,,,,,,,,
Cimbels,FCB,P7N,SR269,,Den,3,L,5,6,20,26,6,13,3,2500,2,2,10.00,,,,FCB,FCB,P7N,SR269,,Den,3,L,5,6,,,,,,
Milly,FCB,P7N,SR269,,Den,3,L,5,6,18,28,8,12,3,2383,1,4,10.00,,,,FCB,,,,,,,,,,,,,,,
Peel,FCB,P7N,SR269,,Den,3,L,5,6,29,25,4,21,4,3302,1,2,10.00,,,,FCB,,,,,,,,,,,,,,,
Ryann,FCB,P7N,SR269,,Den,3,L,5,6,25,20,9,19,5,3352,1,0,10.00,,,,FCB,,,,,,,,,,,,,,,
Afro,P7N,FCB,SR269,,Den,3,W,6,5,29,22,9,24,5,3317,0,1,10.00,,,,P7N,P7N,FCB,SR269,,Den,3,W,6,5,,,,,,
Beans,P7N,FCB,SR269,,Den,3,W,6,5,28,22,11,20,4,3408,4,1,10.00,,,,P7N,,,,,,,,,,,,,,,
DC,P7N,FCB,SR269,,Den,3,W,6,5,18,22,7,11,2,2455,2,1,10.00,,,,P7N,,,,,,,,,,,,,,,
ErikBoom,P7N,FCB,SR269,,Den,3,W,6,5,24,26,12,20,4,3112,0,3,10.00,,,,P7N,,,,,,,,,,,,,,,
Cimbels,FCB,HUN,SR270,,Den,3,L,1,5,17,26,5,9,2,2037,0,0,10.17,,,,FCB,FCB,HUN,SR270,,Den,3,L,1,5,,,,,,
Milly,FCB,HUN,SR270,,Den,3,L,1,5,27,26,9,17,6,3104,0,2,10.17,,,,FCB,,,,,,,,,,,,,,,
Peel,FCB,HUN,SR270,,Den,3,L,1,5,17,30,15,13,3,2886,0,5,10.17,,,,FCB,,,,,,,,,,,,,,,
Ryann,FCB,HUN,SR270,,Den,3,L,1,5,30,20,9,22,4,3576,1,1,10.17,,,,FCB,,,,,,,,,,,,,,,
Johnny,HUN,FCB,SR270,,Den,3,W,5,1,36,21,4,26,7,3753,0,6,10.17,,,,HUN,HUN,FCB,SR270,,Den,3,W,5,1,,,,,,
Nemensions,HUN,FCB,SR270,,Den,3,W,5,1,30,18,7,23,4,3441,3,0,10.17,,,,HUN,,,,,,,,,,,,,,,
Renegade,HUN,FCB,SR270,,Den,3,W,5,1,17,26,10,8,3,2505,1,2,10.17,,,,HUN,,,,,,,,,,,,,,,
Rspi,HUN,FCB,SR270,,Den,3,W,5,1,19,26,14,11,5,3229,1,2,10.17,,,,HUN,,,,,,,,,,,,,,,
Asim,OMB,FUN,SR271,,Scar,3,L,1,2,29,25,8,19,4,3595,0,7,10.08,,,,OMB,OMB,FUN,SR271,,Scar,3,L,1,2,,,,,,
Brack,OMB,FUN,SR271,,Scar,3,L,1,2,24,29,8,16,4,2709,0,1,10.08,,,,OMB,,,,,,,,,,,,,,,
FeLo,OMB,FUN,SR271,,Scar,3,L,1,2,26,23,9,19,3,3358,1,0,10.08,,,,OMB,,,,,,,,,,,,,,,
ReeaL,OMB,FUN,SR271,,Scar,3,L,1,2,21,29,8,14,5,2963,0,3,10.08,,,,OMB,,,,,,,,,,,,,,,
Gio,FUN,OMB,SR271,,Scar,3,W,2,1,37,21,7,29,8,4099,0,1,10.08,,,,FUN,FUN,OMB,SR271,,Scar,3,W,2,1,,,,,,
Mack,FUN,OMB,SR271,,Scar,3,W,2,1,20,30,7,13,4,3350,0,1,10.08,,,,FUN,,,,,,,,,,,,,,,
Uli,FUN,OMB,SR271,,Scar,3,W,2,1,20,24,11,15,2,2690,0,1,10.08,,,,FUN,,,,,,,,,,,,,,,
Vivid,FUN,OMB,SR271,,Scar,3,W,2,1,29,25,5,18,6,3292,2,5,10.08,,,,FUN,,,,,,,,,,,,,,,
Capsidal,TBG,P7N,SR272,,Den,3,L,3,4,29,22,7,22,6,3777,1,5,10.47,,,,TBG,TBG,P7N,SR272,,Den,3,L,3,4,,,,,,
Fire,TBG,P7N,SR272,,Den,3,L,3,4,24,21,8,17,3,3024,1,2,10.47,,,,TBG,,,,,,,,,,,,,,,
Prolute,TBG,P7N,SR272,,Den,3,L,3,4,24,28,11,14,4,3052,0,1,10.47,,,,TBG,,,,,,,,,,,,,,,
Spart,TBG,P7N,SR272,,Den,3,L,3,4,21,23,10,16,6,3138,1,0,10.47,,,,TBG,,,,,,,,,,,,,,,
Afro,P7N,TBG,SR272,,Den,3,W,4,3,24,24,9,14,6,2909,1,2,10.47,,,,P7N,P7N,TBG,SR272,,Den,3,W,4,3,,,,,,
Beans,P7N,TBG,SR272,,Den,3,W,4,3,25,27,8,13,4,3494,2,1,10.47,,,,P7N,,,,,,,,,,,,,,,
DC,P7N,TBG,SR272,,Den,3,W,4,3,18,22,10,11,4,2510,1,1,10.47,,,,P7N,,,,,,,,,,,,,,,
ErikBoom,P7N,TBG,SR272,,Den,3,W,4,3,27,26,9,16,4,3140,0,3,10.47,,,,P7N,,,,,,,,,,,,,,,
Johnny,HUN,FUN,SR273,,Exposure,3,L,0,6,23,20,8,19,3,3044,0,5,9.83,,,,HUN,HUN,FUN,SR273,,Exposure,3,L,0,6,,,,,,
Nemensions,HUN,FUN,SR273,,Exposure,3,L,0,6,20,26,4,8,2,2200,0,0,9.83,,,,HUN,,,,,,,,,,,,,,,
Renegade,HUN,FUN,SR273,,Exposure,3,L,0,6,23,24,4,10,2,2500,0,0,9.83,,,,HUN,,,,,,,,,,,,,,,
Rspi,HUN,FUN,SR273,,Exposure,3,L,0,6,18,30,4,8,2,2000,0,0,9.83,,,,HUN,,,,,,,,,,,,,,,
Gio,FUN,HUN,SR273,,Exposure,3,W,6,0,22,23,9,16,5,2980,1,2,9.83,,,,FUN,FUN,HUN,SR273,,Exposure,3,W,6,0,,,,,,
Mack,FUN,HUN,SR273,,Exposure,3,W,6,0,25,21,11,18,6,3113,3,2,9.83,,,,FUN,,,,,,,,,,,,,,,
Uli,FUN,HUN,SR273,,Exposure,3,W,6,0,27,21,12,20,5,3288,1,3,9.83,,,,FUN,,,,,,,,,,,,,,,
Vivid,FUN,HUN,SR273,,Exposure,3,W,6,0,26,19,7,20,4,2692,1,4,9.83,,,,FUN,,,,,,,,,,,,,,,
Capsidal,TBG,FUN,SR274,,Scar,3,L,3,6,25,27,9,16,3,3125,2,1,9.13,,,,TBG,TBG,FUN,SR274,,Scar,3,L,3,6,,,,,,
Fire,TBG,FUN,SR274,,Scar,3,L,3,6,25,21,5,19,4,3258,0,2,9.13,,,,TBG,,,,,,,,,,,,,,,
Prolute,TBG,FUN,SR274,,Scar,3,L,3,6,17,32,10,7,3,2833,0,0,9.13,,,,TBG,,,,,,,,,,,,,,,
Spart,TBG,FUN,SR274,,Scar,3,L,3,6,24,28,6,14,4,2976,1,0,9.13,,,,TBG,,,,,,,,,,,,,,,
Gio,FUN,TBG,SR274,,Scar,3,W,6,3,32,19,9,25,5,3463,2,1,9.13,,,,FUN,FUN,TBG,SR274,,Scar,3,W,6,3,,,,,,
Mack,FUN,TBG,SR274,,Scar,3,W,6,3,18,29,9,7,3,2355,2,0,9.13,,,,FUN,,,,,,,,,,,,,,,
Uli,FUN,TBG,SR274,,Scar,3,W,6,3,31,19,5,27,8,3775,0,3,9.13,,,,FUN,,,,,,,,,,,,,,,
Vivid,FUN,TBG,SR274,,Scar,3,W,6,3,27,24,16,18,7,3407,2,2,9.13,,,,FUN,,,,,,,,,,,,,,,
Afro,P7N,TBG,SR275,,Den,3,L,3,4,25,27,7,18,5,3783,1,2,10.00,,,,P7N,P7N,TBG,SR275,,Den,3,L,3,4,,,,,,
Beans,P7N,TBG,SR275,,Den,3,L,3,4,23,24,8,19,3,3217,0,2,10.00,,,,P7N,,,,,,,,,,,,,,,
DC,P7N,TBG,SR275,,Den,3,L,3,4,20,28,14,10,2,2673,1,3,10.00,,,,P7N,,,,,,,,,,,,,,,
ErikBoom,P7N,TBG,SR275,,Den,3,L,3,4,22,24,5,16,5,2639,1,1,10.00,,,,P7N,,,,,,,,,,,,,,,
Capsidal,TBG,P7N,SR275,,Den,3,W,4,3,27,22,6,18,4,3022,1,2,10.00,,,,TBG,TBG,P7N,SR275,,Den,3,W,4,3,,,,,,
Fire,TBG,P7N,SR275,,Den,3,W,4,3,26,24,4,20,4,3019,1,4,10.00,,,,TBG,,,,,,,,,,,,,,,
Prolute,TBG,P7N,SR275,,Den,3,W,4,3,25,20,8,21,6,3119,2,3,10.00,,,,TBG,,,,,,,,,,,,,,,
Spart,TBG,P7N,SR275,,Den,3,W,4,3,25,24,9,16,5,3510,0,4,10.00,,,,TBG,,,,,,,,,,,,,,,
,P7N,TBG,SR275,,,6,,,,,,,,,,,,0.00,,,,P7N,P7N,TBG,SR275,,,6,,,,,,,,,
,P7N,TBG,SR275,,,6,,,,,,,,,,,,0.00,,,,P7N,,,,,,,,,,,,,,,
,P7N,TBG,SR275,,,6,,,,,,,,,,,,0.00,,,,P7N,,,,,,,,,,,,,,,
,P7N,TBG,SR275,,,6,,,,,,,,,,,,0.00,,,,P7N,,,,,,,,,,,,,,,
,TBG,P7N,SR275,,,6,,,,,,,,,,,,0.00,,,,TBG,TBG,P7N,SR275,,,6,,,,,,,,,
,TBG,P7N,SR275,,,6,,,,,,,,,,,,0.00,,,,TBG,,,,,,,,,,,,,,,
,TBG,P7N,SR275,,,6,,,,,,,,,,,,0.00,,,,TBG,,,,,,,,,,,,,,,
,TBG,P7N,SR275,,,6,,,,,,,,,,,,0.00,,,,TBG,,,,,,,,,,,,,,,
A9eelx,R8E,FFE,SR276,,Den,3,L,4,5,19,21,5,13,3,2233,2,3,9.18,,,,R8E,R8E,FFE,SR276,,Den,3,L,4,5,,,,,,
Abdullatif,R8E,FFE,SR276,,Den,3,L,4,5,10,26,6,7,2,1704,0,0,9.18,,,,R8E,,,,,,,,,,,,,,,
Clox,R8E,FFE,SR276,,Den,3,L,4,5,20,24,9,14,3,3023,2,3,9.18,,,,R8E,,,,,,,,,,,,,,,
Sway,R8E,FFE,SR276,,Den,3,L,4,5,22,18,5,17,4,2405,0,1,9.18,,,,R8E,,,,,,,,,,,,,,,
Denza,FFE,R8E,SR276,,Den,3,W,5,4,31,15,1,27,5,2961,2,2,9.18,,,,FFE,FFE,R8E,SR276,,Den,3,W,5,4,,,,,,
Detain,FFE,R8E,SR276,,Den,3,W,5,4,19,20,8,12,3,2571,1,0,9.18,,,,FFE,,,,,,,,,,,,,,,
Mighty,FFE,R8E,SR276,,Den,3,W,5,4,20,15,8,17,4,2598,2,0,9.18,,,,FFE,,,,,,,,,,,,,,,
Syqz,FFE,R8E,SR276,,Den,3,W,5,4,19,21,14,11,2,2975,0,3,9.18,,,,FFE,,,,,,,,,,,,,,,
Henry,MAJ,ABL,SR277,,Den,3,L,1,6,25,25,10,16,4,2756,0,2,10.28,,,,MAJ,MAJ,ABL,SR277,,Den,3,L,1,6,,,,,,
Lqgend,MAJ,ABL,SR277,,Den,3,L,1,6,21,26,4,13,3,2607,0,2,10.28,,,,MAJ,,,,,,,,,,,,,,,
Twisted,MAJ,ABL,SR277,,Den,3,L,1,6,23,31,15,12,3,3365,1,2,10.28,,,,MAJ,,,,,,,,,,,,,,,
Wailers,MAJ,ABL,SR277,,Den,3,L,1,6,23,29,15,17,3,3373,0,4,10.28,,,,MAJ,,,,,,,,,,,,,,,
Blade,ABL,MAJ,SR277,,Den,3,W,6,1,18,23,14,10,3,2981,3,1,10.28,,,,ABL,ABL,MAJ,SR277,,Den,3,W,6,1,,,,,,
Clutch,ABL,MAJ,SR277,,Den,3,W,6,1,20,26,9,13,5,2063,1,1,10.28,,,,ABL,,,,,,,,,,,,,,,
dk,ABL,MAJ,SR277,,Den,3,W,6,1,37,20,13,26,7,4256,2,2,10.28,,,,ABL,,,,,,,,,,,,,,,
Scythe,ABL,MAJ,SR277,,Den,3,W,6,1,36,23,12,25,5,4275,0,5,10.28,,,,ABL,,,,,,,,,,,,,,,
D7oomx,ROC,VIC,SR278,,Scar,3,W,4,1,26,21,11,22,5,3257,2,3,10.17,,,,ROC,ROC,VIC,SR278,,Scar,3,W,4,1,,,,,,
D7om,ROC,VIC,SR278,,Scar,3,W,4,1,40,24,8,27,4,4252,2,5,10.17,,,,ROC,,,,,,,,,,,,,,,
Khhx,ROC,VIC,SR278,,Scar,3,W,4,1,34,19,9,22,4,3919,0,3,10.17,,,,ROC,,,,,,,,,,,,,,,
Rxld,ROC,VIC,SR278,,Scar,3,W,4,1,24,25,10,13,3,3096,0,2,10.17,,,,ROC,,,,,,,,,,,,,,,
BBConor,VIC,ROC,SR278,,Scar,3,L,1,4,19,31,9,13,5,2846,1,3,10.17,,,,VIC,VIC,ROC,SR278,,Scar,3,L,1,4,,,,,,
Disarray,VIC,ROC,SR278,,Scar,3,L,1,4,15,30,15,10,3,2468,0,1,10.17,,,,VIC,,,,,,,,,,,,,,,
Faisal,VIC,ROC,SR278,,Scar,3,L,1,4,29,31,5,16,4,2872,0,4,10.17,,,,VIC,,,,,,,,,,,,,,,
Yafty,VIC,ROC,SR278,,Scar,3,L,1,4,26,32,11,18,3,4039,0,5,10.17,,,,VIC,,,,,,,,,,,,,,,
Aspekt,P7E,AVE,SR279,,Exposure,3,W,6,1,28,14,7,24,5,2951,2,4,8.18,,,,P7E,P7E,AVE,SR279,,Exposure,3,W,6,1,,,,,,
FDot,P7E,AVE,SR279,,Exposure,3,W,6,1,22,14,5,17,5,2510,4,0,8.18,,,,P7E,,,,,,,,,,,,,,,
Harry,P7E,AVE,SR279,,Exposure,3,W,6,1,22,14,9,16,7,2934,0,0,8.18,,,,P7E,,,,,,,,,,,,,,,
Mythix,P7E,AVE,SR279,,Exposure,3,W,6,1,22,19,8,13,5,2633,0,1,8.18,,,,P7E,,,,,,,,,,,,,,,
RazeSoul,AVE,P7E,SR279,,Exposure,3,L,1,6,16,20,6,12,4,2475,1,2,8.18,,,,AVE,AVE,P7E,SR279,,Exposure,3,L,1,6,,,,,,
RealCharm,AVE,P7E,SR279,,Exposure,3,L,1,6,18,26,3,8,3,2572,0,2,8.18,,,,AVE,,,,,,,,,,,,,,,
Shay,AVE,P7E,SR279,,Exposure,3,L,1,6,10,27,2,4,2,1800,0,0,8.18,,,,AVE,,,,,,,,,,,,,,,
Synergy,AVE,P7E,SR279,,Exposure,3,L,1,6,17,21,3,12,4,2146,0,1,8.18,,,,AVE,,,,,,,,,,,,,,,
Breszy,ORG,T1G,SR280,,Scar,3,W,4,2,22,23,11,17,2,2939,1,4,10.20,,,,ORG,ORG,T1G,SR280,,Scar,3,W,4,2,,,,,,
Cobra,ORG,T1G,SR280,,Scar,3,W,4,2,30,21,7,23,5,3351,0,2,10.20,,,,ORG,,,,,,,,,,,,,,,
Lynz,ORG,T1G,SR280,,Scar,3,W,4,2,32,22,9,26,8,4395,0,3,10.20,,,,ORG,,,,,,,,,,,,,,,
Melko,ORG,T1G,SR280,,Scar,3,W,4,2,23,21,13,16,3,3006,3,0,10.20,,,,ORG,,,,,,,,,,,,,,,
Kez,T1G,ORG,SR280,,Scar,3,L,2,4,25,25,5,18,5,2954,1,0,10.20,,,,T1G,T1G,ORG,SR280,,Scar,3,L,2,4,,,,,,
Lampy,T1G,ORG,SR280,,Scar,3,L,2,4,23,27,7,16,4,3096,1,3,10.20,,,,T1G,,,,,,,,,,,,,,,
Ovrlay,T1G,ORG,SR280,,Scar,3,L,2,4,22,24,11,19,2,3174,0,3,10.20,,,,T1G,,,,,,,,,,,,,,,
Rush,T1G,ORG,SR280,,Scar,3,L,2,4,17,31,8,13,3,2605,0,1,10.20,,,,T1G,,,,,,,,,,,,,,,
Avo,VTZ,DCM,SR281,,Exposure,3,L,2,4,21,26,6,10,4,2643,0,1,10.03,,,,VTZ,VTZ,DCM,SR281,,Exposure,3,L,2,4,,,,,,
Infinity,VTZ,DCM,SR281,,Exposure,3,L,2,4,22,24,6,13,4,2559,0,1,10.03,,,,VTZ,,,,,,,,,,,,,,,
Izaac,VTZ,DCM,SR281,,Exposure,3,L,2,4,23,25,8,15,4,2645,1,3,10.03,,,,VTZ,,,,,,,,,,,,,,,
SmolZila,VTZ,DCM,SR281,,Exposure,3,L,2,4,26,25,12,16,3,3665,1,3,10.03,,,,VTZ,,,,,,,,,,,,,,,
D3,DCM,VTZ,SR281,,Exposure,3,W,4,2,16,24,12,10,4,1984,0,1,10.03,,,,DCM,DCM,VTZ,SR281,,Exposure,3,W,4,2,,,,,,
Dany,DCM,VTZ,SR281,,Exposure,3,W,4,2,37,20,10,30,5,3886,1,1,10.03,,,,DCM,,,,,,,,,,,,,,,
Depa,DCM,VTZ,SR281,,Exposure,3,W,4,2,26,22,12,20,7,3060,2,2,10.03,,,,DCM,,,,,,,,,,,,,,,
Nadox,DCM,VTZ,SR281,,Exposure,3,W,4,2,21,26,14,11,3,2636,1,2,10.03,,,,DCM,,,,,,,,,,,,,,,
A9eelx,R8E,VIC,SR282,,Scar,3,L,2,4,28,28,9,18,3,3261,1,2,10.45,,,,R8E,R8E,VIC,SR282,,Scar,3,L,2,4,,,,,,
Abdullatif,R8E,VIC,SR282,,Scar,3,L,2,4,18,28,8,12,4,2611,0,1,10.45,,,,R8E,,,,,,,,,,,,,,,
Clox,R8E,VIC,SR282,,Scar,3,L,2,4,26,28,7,17,4,3161,0,0,10.45,,,,R8E,,,,,,,,,,,,,,,
Sway,R8E,VIC,SR282,,Scar,3,L,2,4,29,26,6,20,5,3723,1,7,10.45,,,,R8E,,,,,,,,,,,,,,,
BBConor,VIC,R8E,SR282,,Scar,3,L,4,2,26,20,11,19,4,3502,1,4,10.45,,,,VIC,VIC,R8E,SR282,,Scar,3,L,4,2,,,,,,
Disarray,VIC,R8E,SR282,,Scar,3,L,4,2,25,25,7,17,4,2427,3,1,10.45,,,,VIC,,,,,,,,,,,,,,,
Faisal,VIC,R8E,SR282,,Scar,3,L,4,2,31,29,11,20,4,4229,0,2,10.45,,,,VIC,,,,,,,,,,,,,,,
Yafty,VIC,R8E,SR282,,Scar,3,L,4,2,28,27,9,18,4,3571,0,1,10.45,,,,VIC,,,,,,,,,,,,,,,
Denza,FFE,MAJ,SR283,,Den,3,L,3,5,26,25,5,16,4,3032,1,4,10.15,,,,FFE,FFE,MAJ,SR283,,Den,3,L,3,5,,,,,,
Detain,FFE,MAJ,SR283,,Den,3,L,3,5,23,30,8,12,3,3087,0,1,10.15,,,,FFE,,,,,,,,,,,,,,,
Mighty,FFE,MAJ,SR283,,Den,3,L,3,5,25,28,6,16,3,3342,1,2,10.15,,,,FFE,,,,,,,,,,,,,,,
Syqz,FFE,MAJ,SR283,,Den,3,L,3,5,22,24,9,15,3,3067,1,2,10.15,,,,FFE,,,,,,,,,,,,,,,
Henry,MAJ,FFE,SR283,,Den,3,W,5,3,28,26,14,17,5,3324,0,2,10.15,,,,MAJ,MAJ,FFE,SR283,,Den,3,W,5,3,,,,,,
Lqgend,MAJ,FFE,SR283,,Den,3,W,5,3,27,23,4,18,2,2758,3,2,10.15,,,,MAJ,,,,,,,,,,,,,,,
Twisted,MAJ,FFE,SR283,,Den,3,W,5,3,24,24,12,18,4,3365,1,2,10.15,,,,MAJ,,,,,,,,,,,,,,,
Wailers,MAJ,FFE,SR283,,Den,3,W,5,3,28,23,11,22,3,3575,1,1,10.15,,,,MAJ,,,,,,,,,,,,,,,
Blade,ABL,ROC,SR284,,Den,3,L,2,5,17,25,10,13,3,2113,0,1,10.00,,,,ABL,ABL,ROC,SR284,,Den,3,L,2,5,,,,,,
Clutch,ABL,ROC,SR284,,Den,3,L,2,5,29,27,8,17,4,3350,0,2,10.00,,,,ABL,,,,,,,,,,,,,,,
dk,ABL,ROC,SR284,,Den,3,L,2,5,26,21,12,19,5,3204,2,4,10.00,,,,ABL,,,,,,,,,,,,,,,
Scythe,ABL,ROC,SR284,,Den,3,L,2,5,23,26,10,15,3,2864,0,3,10.00,,,,ABL,,,,,,,,,,,,,,,
D7oomx,ROC,ABL,SR284,,Den,3,W,5,2,24,24,12,16,4,3676,0,2,10.00,,,,ROC,ROC,ABL,SR284,,Den,3,W,5,2,,,,,,
D7om,ROC,ABL,SR284,,Den,3,W,5,2,16,29,12,9,3,2375,0,3,10.00,,,,ROC,,,,,,,,,,,,,,,
Khhx,ROC,ABL,SR284,,Den,3,W,5,2,33,20,3,23,6,3185,3,3,10.00,,,,ROC,,,,,,,,,,,,,,,
Rxld,ROC,ABL,SR284,,Den,3,W,5,2,26,22,5,17,4,2928,2,5,10.00,,,,ROC,,,,,,,,,,,,,,,
Kez,T1G,P7E,SR285,,Exposure,3,L,0,6,17,25,8,11,4,2359,0,3,10.02,,,,T1G,T1G,P7E,SR285,,Exposure,3,L,0,6,,,,,,
Lampy,T1G,P7E,SR285,,Exposure,3,L,0,6,19,23,5,14,4,2170,0,0,10.02,,,,T1G,,,,,,,,,,,,,,,
Ovrlay,T1G,P7E,SR285,,Exposure,3,L,0,6,21,29,7,12,3,2996,0,0,10.02,,,,T1G,,,,,,,,,,,,,,,
Rush,T1G,P7E,SR285,,Exposure,3,L,0,6,19,24,8,17,3,2813,0,1,10.02,,,,T1G,,,,,,,,,,,,,,,
Aspekt,P7E,T1G,SR285,,Exposure,3,W,6,0,28,20,3,18,4,3105,1,6,10.02,,,,P7E,P7E,T1G,SR285,,Exposure,3,W,6,0,,,,,,
FDot,P7E,T1G,SR285,,Exposure,3,W,6,0,27,20,7,17,5,3255,3,2,10.02,,,,P7E,,,,,,,,,,,,,,,
Harry,P7E,T1G,SR285,,Exposure,3,W,6,0,16,18,9,11,3,2393,2,1,10.02,,,,P7E,,,,,,,,,,,,,,,
Mythix,P7E,T1G,SR285,,Exposure,3,W,6,0,30,18,3,23,6,3444,0,3,10.02,,,,P7E,,,,,,,,,,,,,,,
D3,DCM,ORG,SR286,,Scar,3,L,1,4,31,26,7,18,4,3627,1,4,10.47,,,,DCM,DCM,ORG,SR286,,Scar,3,L,1,4,,,,,,
Dany,DCM,ORG,SR286,,Scar,3,L,1,4,23,34,6,14,5,2819,0,4,10.47,,,,DCM,,,,,,,,,,,,,,,
Depa,DCM,ORG,SR286,,Scar,3,L,1,4,24,30,4,13,3,2958,0,2,10.47,,,,DCM,,,,,,,,,,,,,,,
Nadox,DCM,ORG,SR286,,Scar,3,L,1,4,25,30,13,18,3,3503,0,2,10.47,,,,DCM,,,,,,,,,,,,,,,
Breszy,ORG,DCM,SR286,,Scar,3,W,4,1,26,31,13,19,4,3780,0,0,10.47,,,,ORG,ORG,DCM,SR286,,Scar,3,W,4,1,,,,,,
Cobra,ORG,DCM,SR286,,Scar,3,W,4,1,31,26,9,23,3,3138,0,2,10.47,,,,ORG,,,,,,,,,,,,,,,
Lynz,ORG,DCM,SR286,,Scar,3,W,4,1,31,25,11,20,5,3954,1,3,10.47,,,,ORG,,,,,,,,,,,,,,,
Melko,ORG,DCM,SR286,,Scar,3,W,4,1,32,21,8,25,11,2575,3,4,10.47,,,,ORG,,,,,,,,,,,,,,,
Avo,VTZ,AVE,SR287,,Scar,3,L,2,4,24,25,10,15,3,3117,1,2,10.28,,,,VTZ,VTZ,AVE,SR287,,Scar,3,L,2,4,,,,,,
Infinity,VTZ,AVE,SR287,,Scar,3,L,2,4,23,25,3,19,4,2821,0,3,10.28,,,,VTZ,,,,,,,,,,,,,,,
Izaac,VTZ,AVE,SR287,,Scar,3,L,2,4,24,27,8,13,3,3246,0,1,10.28,,,,VTZ,,,,,,,,,,,,,,,
SmolZila,VTZ,AVE,SR287,,Scar,3,L,2,4,26,30,10,15,2,3808,1,2,10.28,,,,VTZ,,,,,,,,,,,,,,,
RazeSoul,AVE,VTZ,SR287,,Scar,3,W,4,2,25,26,7,15,4,2810,0,3,10.28,,,,AVE,AVE,VTZ,SR287,,Scar,3,W,4,2,,,,,,
RealCharm,AVE,VTZ,SR287,,Scar,3,W,4,2,24,22,13,21,3,3637,0,3,10.28,,,,AVE,,,,,,,,,,,,,,,
Shay,AVE,VTZ,SR287,,Scar,3,W,4,2,31,25,13,21,4,3765,2,3,10.28,,,,AVE,,,,,,,,,,,,,,,
Synergy,AVE,VTZ,SR287,,Scar,3,W,4,2,27,24,12,17,4,3219,2,3,10.28,,,,AVE,,,,,,,,,,,,,,,
Darksived,CBL,TBG,SR288,,Den,3,W,6,0,21,22,16,18,4,2943,3,0,10.00,,,,CBL,CBL,TBG,SR288,,Den,3,W,6,0,,,,,,
KB,CBL,TBG,SR288,,Den,3,W,6,0,31,22,11,24,6,3487,1,5,10.00,,,,CBL,,,,,,,,,,,,,,,
Phantomz,CBL,TBG,SR288,,Den,3,W,6,0,27,25,11,17,3,3202,0,1,10.00,,,,CBL,,,,,,,,,,,,,,,
Ruper,CBL,TBG,SR288,,Den,3,W,6,0,25,20,5,21,4,2729,2,2,10.00,,,,CBL,,,,,,,,,,,,,,,
Abe,TBG,CBL,SR288,,Den,3,L,0,6,22,30,6,12,3,3047,0,1,10.00,,,,TBG,TBG,CBL,SR288,,Den,3,L,0,6,,,,,,
Fire,TBG,CBL,SR288,,Den,3,L,0,6,24,21,8,14,3,2681,0,3,10.00,,,,TBG,,,,,,,,,,,,,,,
Owakening,TBG,CBL,SR288,,Den,3,L,0,6,23,25,13,15,4,3580,0,2,10.00,,,,TBG,,,,,,,,,,,,,,,
Prolute,TBG,CBL,SR288,,Den,3,L,0,6,19,28,4,10,4,2588,0,1,10.00,,,,TBG,,,,,,,,,,,,,,,
Cruze,FIB,FAC,SR289,,Den,3,L,2,3,36,35,7,22,3,4255,0,2,13.60,,,,FIB,FIB,FAC,SR289,,Den,3,L,2,3,,,,,,
Gunless,FIB,FAC,SR289,,Den,3,L,2,3,25,40,12,16,2,3439,1,2,13.60,,,,FIB,,,,,,,,,,,,,,,
Gunsiii,FIB,FAC,SR289,,Den,3,L,2,3,30,32,10,16,3,3370,0,1,13.60,,,,FIB,,,,,,,,,,,,,,,
Nate,FIB,FAC,SR289,,Den,3,L,2,3,20,37,9,13,3,2805,1,2,13.60,,,,FIB,,,,,,,,,,,,,,,
Alluka,FAC,FIB,SR289,,Den,3,W,3,2,34,26,5,16,2,3600,3,0,13.60,,,,FAC,FAC,FIB,SR289,,Den,3,W,3,2,,,,,,
Flames,FAC,FIB,SR289,,Den,3,W,3,2,36,28,8,24,4,3928,0,4,13.60,,,,FAC,,,,,,,,,,,,,,,
QK4B,FAC,FIB,SR289,,Den,3,W,3,2,33,30,12,22,4,4099,0,3,13.60,,,,FAC,,,,,,,,,,,,,,,
Standy,FAC,FIB,SR289,,Den,3,W,3,2,41,27,7,31,6,4441,0,3,13.60,,,,FAC,,,,,,,,,,,,,,,
Asim,OMB,DBC,SR290,,Scar,3,W,4,3,31,28,6,23,5,3464,0,4,10.00,,,,OMB,OMB,DBC,SR290,,Scar,3,W,4,3,,,,,,
Brack,OMB,DBC,SR290,,Scar,3,W,4,3,32,26,12,19,4,3921,0,4,10.00,,,,OMB,,,,,,,,,,,,,,,
Cammy,OMB,DBC,SR290,,Scar,3,W,4,3,29,23,10,23,4,3371,2,3,10.00,,,,OMB,,,,,,,,,,,,,,,
ReeaL,OMB,DBC,SR290,,Scar,3,W,4,3,19,28,17,12,4,3259,2,3,10.00,,,,OMB,,,,,,,,,,,,,,,
Dak,DBC,OMB,SR290,,Scar,3,W,3,4,23,29,9,13,3,2713,0,0,10.00,,,,DBC,DBC,OMB,SR290,,Scar,3,W,3,4,,,,,,
Manny,DBC,OMB,SR290,,Scar,3,W,3,4,24,26,7,15,4,3280,0,1,10.00,,,,DBC,,,,,,,,,,,,,,,
Vik,DBC,OMB,SR290,,Scar,3,W,3,4,26,30,10,15,3,3350,2,3,10.00,,,,DBC,,,,,,,,,,,,,,,
Wrecks,DBC,OMB,SR290,,Scar,3,W,3,4,32,26,13,22,3,4304,1,1,10.00,,,,DBC,,,,,,,,,,,,,,,
GntL,FZF,FCB,SR291,,Scar,3,W,4,3,23,28,11,13,3,3093,0,1,10.12,,,,FZF,FZF,FCB,SR291,,Scar,3,W,4,3,,,,,,
KingAbody,FZF,FCB,SR291,,Scar,3,W,4,3,25,28,9,17,5,2850,1,2,10.12,,,,FZF,,,,,,,,,,,,,,,
KnoX,FZF,FCB,SR291,,Scar,3,W,4,3,31,24,14,21,4,3792,2,1,10.12,,,,FZF,,,,,,,,,,,,,,,
Swooty,FZF,FCB,SR291,,Scar,3,W,4,3,32,26,9,26,4,3479,1,5,10.12,,,,FZF,,,,,,,,,,,,,,,
Cimbels,FCB,FZF,SR291,,Scar,3,L,3,4,28,22,8,21,3,3812,1,3,10.12,,,,FCB,FCB,FZF,SR291,,Scar,3,L,3,4,,,,,,
Milly,FCB,FZF,SR291,,Scar,3,L,3,4,29,27,11,16,4,3687,1,1,10.12,,,,FCB,,,,,,,,,,,,,,,
Peel,FCB,FZF,SR291,,Scar,3,L,3,4,27,30,9,17,3,3334,0,3,10.12,,,,FCB,,,,,,,,,,,,,,,
Ryann,FCB,FZF,SR291,,Scar,3,L,3,4,22,32,10,12,2,2936,1,2,10.12,,,,FCB,,,,,,,,,,,,,,,
Johnny,HUN,FFF,SR292,,Scar,3,W,4,3,33,23,12,22,4,3704,1,2,10.00,,,,HUN,HUN,FFF,SR292,,Scar,3,W,4,3,,,,,,
Nemensions,HUN,FFF,SR292,,Scar,3,W,4,3,14,28,14,12,2,2838,2,1,10.00,,,,HUN,,,,,,,,,,,,,,,
Renegade,HUN,FFF,SR292,,Scar,3,W,4,3,27,21,3,22,4,2754,0,2,10.00,,,,HUN,,,,,,,,,,,,,,,
Rspi,HUN,FFF,SR292,,Scar,3,W,4,3,27,26,12,20,4,3312,1,0,10.00,,,,HUN,,,,,,,,,,,,,,,
2Real,FFF,HUN,SR292,,Scar,3,L,3,4,31,28,5,18,4,3763,0,4,10.00,,,,FFF,FFF,HUN,SR292,,Scar,3,L,3,4,,,,,,
Arcitys,FFF,HUN,SR292,,Scar,3,L,3,4,26,24,5,12,3,2990,2,2,10.00,,,,FFF,,,,,,,,,,,,,,,
FeLo,FFF,HUN,SR292,,Scar,3,L,3,4,19,22,7,14,4,2489,1,1,10.00,,,,FFF,,,,,,,,,,,,,,,
PaulEhx,FFF,HUN,SR292,,Scar,3,L,3,4,22,27,12,16,7,3708,0,2,10.00,,,,FFF,,,,,,,,,,,,,,,
Afro,P7N,FUN,SR293,,Exposure,3,L,1,3,24,27,13,15,4,2752,0,2,10.08,,,,P7N,P7N,FUN,SR293,,Exposure,3,L,1,3,,,,,,
Beans,P7N,FUN,SR293,,Exposure,3,L,1,3,23,25,6,10,3,2957,1,6,10.08,,,,P7N,,,,,,,,,,,,,,,
DC,P7N,FUN,SR293,,Exposure,3,L,1,3,16,24,9,12,2,2648,0,2,10.08,,,,P7N,,,,,,,,,,,,,,,
ErikBoom,P7N,FUN,SR293,,Exposure,3,L,1,3,27,25,7,17,5,3158,0,3,10.08,,,,P7N,,,,,,,,,,,,,,,
Gio,FUN,P7N,SR293,,Exposure,3,W,3,1,30,17,6,26,6,3192,1,3,10.08,,,,FUN,FUN,P7N,SR293,,Exposure,3,W,3,1,,,,,,
Mack,FUN,P7N,SR293,,Exposure,3,W,3,1,19,24,15,11,3,2599,1,1,10.08,,,,FUN,,,,,,,,,,,,,,,
Uli,FUN,P7N,SR293,,Exposure,3,W,3,1,24,27,11,13,3,3315,1,2,10.08,,,,FUN,,,,,,,,,,,,,,,
Vivid,FUN,P7N,SR293,,Exposure,3,W,3,1,28,22,8,20,3,3159,0,6,10.08,,,,FUN,,,,,,,,,,,,,,,
Darksived,CBL,DBC,SR294,,Exposure,3,L,1,6,24,21,6,22,3,2708,1,3,10.25,,,,CBL,CBL,DBC,SR294,,Exposure,3,L,1,6,,,,,,
KB,CBL,DBC,SR294,,Exposure,3,L,1,6,17,24,8,13,3,3112,0,1,10.25,,,,CBL,,,,,,,,,,,,,,,
Phantomz,CBL,DBC,SR294,,Exposure,3,L,1,6,15,22,10,11,6,2478,0,2,10.25,,,,CBL,,,,,,,,,,,,,,,
Ruper,CBL,DBC,SR294,,Exposure,3,L,1,6,22,25,4,11,3,2400,0,0,10.25,,,,CBL,,,,,,,,,,,,,,,
Dak,DBC,CBL,SR294,,Exposure,3,W,6,1,24,21,8,19,4,2921,1,2,10.25,,,,DBC,DBC,CBL,SR294,,Exposure,3,W,6,1,,,,,,
Manny,DBC,CBL,SR294,,Exposure,3,W,6,1,22,19,3,16,4,2646,1,3,10.25,,,,DBC,,,,,,,,,,,,,,,
Vik,DBC,CBL,SR294,,Exposure,3,W,6,1,21,19,8,16,3,2640,2,0,10.25,,,,DBC,,,,,,,,,,,,,,,
Wrecks,DBC,CBL,SR294,,Exposure,3,W,6,1,25,19,7,16,3,3206,2,2,10.25,,,,DBC,,,,,,,,,,,,,,,
Abe,TBG,FIB,SR295,,Scar,3,L,2,3,35,24,11,29,7,3526,1,0,10.62,,,,TBG,TBG,FIB,SR295,,Scar,3,L,2,3,,,,,,
Fire,TBG,FIB,SR295,,Scar,3,L,2,3,27,25,10,18,3,3023,1,2,10.62,,,,TBG,,,,,,,,,,,,,,,
Owakening,TBG,FIB,SR295,,Scar,3,L,2,3,35,26,19,21,4,4600,0,4,10.62,,,,TBG,,,,,,,,,,,,,,,
Prolute,TBG,FIB,SR295,,Scar,3,L,2,3,16,29,12,10,2,2440,0,1,10.62,,,,TBG,,,,,,,,,,,,,,,
Cruze,FIB,TBG,SR295,,Scar,3,W,3,2,29,31,10,17,3,4188,0,2,10.62,,,,FIB,FIB,TBG,SR295,,Scar,3,W,3,2,,,,,,
Gunless,FIB,TBG,SR295,,Scar,3,W,3,2,27,28,10,18,4,3492,2,6,10.62,,,,FIB,,,,,,,,,,,,,,,
Gunsiii,FIB,TBG,SR295,,Scar,3,W,3,2,23,27,14,13,3,3012,1,3,10.62,,,,FIB,,,,,,,,,,,,,,,
Nate,FIB,TBG,SR295,,Scar,3,W,3,2,25,27,7,18,4,2979,0,4,10.62,,,,FIB,,,,,,,,,,,,,,,
Alluka,FAC,OMB,SR296,,Scar,3,W,5,4,27,28,12,20,4,3461,1,2,10.08,,,,FAC,FAC,OMB,SR296,,Scar,3,W,5,4,,,,,,
Flames,FAC,OMB,SR296,,Scar,3,W,5,4,28,25,12,19,3,2975,2,4,10.08,,,,FAC,,,,,,,,,,,,,,,
QK4B,FAC,OMB,SR296,,Scar,3,W,5,4,29,19,12,26,5,3689,0,1,10.08,,,,FAC,,,,,,,,,,,,,,,
Standy,FAC,OMB,SR296,,Scar,3,W,5,4,30,25,9,23,7,3328,2,4,10.08,,,,FAC,,,,,,,,,,,,,,,
Asim,OMB,FAC,SR296,,Scar,3,L,4,5,17,34,12,10,2,2745,2,2,10.08,,,,OMB,OMB,FAC,SR296,,Scar,3,L,4,5,,,,,,
Brack,OMB,FAC,SR296,,Scar,3,L,4,5,20,28,10,15,5,2886,1,2,10.08,,,,OMB,,,,,,,,,,,,,,,
Cammy,OMB,FAC,SR296,,Scar,3,L,4,5,21,25,9,17,4,2899,0,2,10.08,,,,OMB,,,,,,,,,,,,,,,
ReeaL,OMB,FAC,SR296,,Scar,3,L,4,5,39,27,6,29,12,3554,1,3,10.08,,,,OMB,,,,,,,,,,,,,,,
GntL,FZF,FUN,SR297,,Den,3,L,2,6,22,26,6,15,4,2701,1,1,10.00,,,,FZF,FZF,FUN,SR297,,Den,3,L,2,6,,,,,,
KingAbody,FZF,FUN,SR297,,Den,3,L,2,6,17,27,11,9,4,2675,0,1,10.00,,,,FZF,,,,,,,,,,,,,,,
KnoX,FZF,FUN,SR297,,Den,3,L,2,6,35,24,9,23,5,4141,0,4,10.00,,,,FZF,,,,,,,,,,,,,,,
Swooty,FZF,FUN,SR297,,Den,3,L,2,6,19,30,8,13,3,3167,1,2,10.00,,,,FZF,,,,,,,,,,,,,,,
Gio,FUN,FZF,SR297,,Den,3,W,6,2,22,19,6,18,6,2872,1,1,10.00,,,,FUN,FUN,FZF,SR297,,Den,3,W,6,2,,,,,,
Mack,FUN,FZF,SR297,,Den,3,W,6,2,24,29,11,15,3,3160,0,0,10.00,,,,FUN,,,,,,,,,,,,,,,
Uli,FUN,FZF,SR297,,Den,3,W,6,2,34,21,8,23,9,3941,3,2,10.00,,,,FUN,,,,,,,,,,,,,,,
Vivid,FUN,FZF,SR297,,Den,3,W,6,2,26,24,12,18,4,3395,2,2,10.00,,,,FUN,,,,,,,,,,,,,,,
Cimbels,FCB,HUN,SR298,,Scar,3,W,2,2,28,22,8,21,4,3751,1,1,10.65,,,,FCB,FCB,HUN,SR298,,Scar,3,W,2,2,,,,,,
Milly,FCB,HUN,SR298,,Scar,3,W,2,2,25,29,7,16,5,3470,1,3,10.65,,,,FCB,,,,,,,,,,,,,,,
Peel,FCB,HUN,SR298,,Scar,3,W,2,2,33,28,4,20,3,3499,0,3,10.65,,,,FCB,,,,,,,,,,,,,,,
Ryann,FCB,HUN,SR298,,Scar,3,W,2,2,20,22,9,16,4,3579,0,2,10.65,,,,FCB,,,,,,,,,,,,,,,
Johnny,HUN,FCB,SR298,,Scar,3,L,2,2,28,28,12,20,5,3889,0,3,10.65,,,,HUN,HUN,FCB,SR298,,Scar,3,L,2,2,,,,,,
Nemensions,HUN,FCB,SR298,,Scar,3,L,2,2,24,26,9,16,3,3575,1,2,10.65,,,,HUN,,,,,,,,,,,,,,,
Renegade,HUN,FCB,SR298,,Scar,3,L,2,2,24,24,7,15,5,2746,0,3,10.65,,,,HUN,,,,,,,,,,,,,,,
Rspi,HUN,FCB,SR298,,Scar,3,L,2,2,25,28,14,16,3,3196,1,1,10.65,,,,HUN,,,,,,,,,,,,,,,
2Real,FFF,P7N,SR299,,Exposure,3,L,1,8,20,27,6,11,2,2662,0,2,9.28,,,,FFF,FFF,P7N,SR299,,Exposure,3,L,1,8,,,,,,
Arcitys,FFF,P7N,SR299,,Exposure,3,L,1,8,17,25,12,10,3,2495,1,1,9.28,,,,FFF,,,,,,,,,,,,,,,
FeLo,FFF,P7N,SR299,,Exposure,3,L,1,8,15,23,10,6,3,1994,0,1,9.28,,,,FFF,,,,,,,,,,,,,,,
PaulEhx,FFF,P7N,SR299,,Exposure,3,L,1,8,22,27,9,12,3,2767,0,1,9.28,,,,FFF,,,,,,,,,,,,,,,
Afro,P7N,FFF,SR299,,Exposure,3,W,8,1,28,17,5,18,5,2949,2,0,9.28,,,,P7N,P7N,FFF,SR299,,Exposure,3,W,8,1,,,,,,
Beans,P7N,FFF,SR299,,Exposure,3,W,8,1,21,20,13,14,3,2835,4,1,9.28,,,,P7N,,,,,,,,,,,,,,,
DC,P7N,FFF,SR299,,Exposure,3,W,8,1,27,18,10,21,5,2837,0,1,9.28,,,,P7N,,,,,,,,,,,,,,,
ErikBoom,P7N,FFF,SR299,,Exposure,3,W,8,1,26,19,10,21,7,3015,2,1,9.28,,,,P7N,,,,,,,,,,,,,,,
Aspekt,P7E,ORG,SR300,,Scar,3,W,4,0,32,23,6,24,5,3240,2,1,10.17,,,,P7E,P7E,ORG,SR300,,Scar,3,W,4,0,,,,,,
FDot,P7E,ORG,SR300,,Scar,3,W,4,0,32,24,10,24,4,4740,1,5,10.17,,,,P7E,,,,,,,,,,,,,,,
Harry,P7E,ORG,SR300,,Scar,3,W,4,0,31,21,4,21,5,3861,0,4,10.17,,,,P7E,,,,,,,,,,,,,,,
Mythix,P7E,ORG,SR300,,Scar,3,W,4,0,19,26,11,16,3,2922,1,0,10.17,,,,P7E,,,,,,,,,,,,,,,
Breszy,ORG,P7E,SR300,,Scar,3,L,0,4,18,30,7,10,3,2507,0,3,10.17,,,,ORG,ORG,P7E,SR300,,Scar,3,L,0,4,,,,,,
Cobra,ORG,P7E,SR300,,Scar,3,L,0,4,23,28,7,16,3,3385,0,2,10.17,,,,ORG,,,,,,,,,,,,,,,
Lynz,ORG,P7E,SR300,,Scar,3,L,0,4,31,27,8,21,3,3544,0,1,10.17,,,,ORG,,,,,,,,,,,,,,,
Melko,ORG,P7E,SR300,,Scar,3,L,0,4,22,29,13,15,3,3316,0,1,10.17,,,,ORG,,,,,,,,,,,,,,,
D3,DCM,AVE,SR301,,Scar,3,W,5,1,24,24,8,14,4,3162,1,2,10.03,,,,DCM,DCM,AVE,SR301,,Scar,3,W,5,1,,,,,,
Dany,DCM,AVE,SR301,,Scar,3,W,5,1,33,26,13,23,4,4071,0,3,10.03,,,,DCM,,,,,,,,,,,,,,,
Depa,DCM,AVE,SR301,,Scar,3,W,5,1,38,26,11,30,5,4140,2,3,10.03,,,,DCM,,,,,,,,,,,,,,,
Nadox,DCM,AVE,SR301,,Scar,3,W,5,1,23,26,12,17,4,2842,2,4,10.03,,,,DCM,,,,,,,,,,,,,,,
RazeSoul,AVE,DCM,SR301,,Scar,3,L,1,5,25,31,10,15,4,3228,0,3,10.03,,,,AVE,AVE,DCM,SR301,,Scar,3,L,1,5,,,,,,
RealCharm,AVE,DCM,SR301,,Scar,3,L,1,5,28,26,9,20,3,3227,1,3,10.03,,,,AVE,,,,,,,,,,,,,,,
Shay,AVE,DCM,SR301,,Scar,3,L,1,5,25,33,9,12,3,3113,0,5,10.03,,,,AVE,,,,,,,,,,,,,,,
Synergy,AVE,DCM,SR301,,Scar,3,L,1,5,24,28,8,16,2,3187,0,1,10.03,,,,AVE,,,,,,,,,,,,,,,
BBConor,VIC,FFE,SR302,,Den,3,W,2,2,24,22,12,16,3,3757,1,2,10.63,,,,VIC,VIC,FFE,SR302,,Den,3,W,2,2,,,,,,
Disarray,VIC,FFE,SR302,,Den,3,W,2,2,18,25,6,13,3,1943,1,3,10.63,,,,VIC,,,,,,,,,,,,,,,
Faisal,VIC,FFE,SR302,,Den,3,W,2,2,24,28,12,16,3,3695,0,4,10.63,,,,VIC,,,,,,,,,,,,,,,
Yafty,VIC,FFE,SR302,,Den,3,W,2,2,24,18,6,18,4,2815,0,3,10.63,,,,VIC,,,,,,,,,,,,,,,
Denza,FFE,VIC,SR302,,Den,3,L,2,2,24,22,10,16,4,2996,0,2,10.63,,,,FFE,FFE,VIC,SR302,,Den,3,L,2,2,,,,,,
Detain,FFE,VIC,SR302,,Den,3,L,2,2,32,19,5,23,4,3452,2,3,10.63,,,,FFE,,,,,,,,,,,,,,,
Mighty,FFE,VIC,SR302,,Den,3,L,2,2,15,28,10,7,3,2405,0,2,10.63,,,,FFE,,,,,,,,,,,,,,,
Syqz,FFE,VIC,SR302,,Den,3,L,2,2,22,21,6,14,3,2975,0,0,10.63,,,,FFE,,,,,,,,,,,,,,,
Kez,T1G,VTZ,SR303,,Den,3,L,3,5,25,21,9,22,5,3088,3,0,10.22,,,,T1G,T1G,VTZ,SR303,,Den,3,L,3,5,,,,,,
Lampy,T1G,VTZ,SR303,,Den,3,L,3,5,21,24,10,14,3,2449,0,4,10.22,,,,T1G,,,,,,,,,,,,,,,
Ovrlay,T1G,VTZ,SR303,,Den,3,L,3,5,28,24,11,18,5,3931,0,2,10.22,,,,T1G,,,,,,,,,,,,,,,
Rush,T1G,VTZ,SR303,,Den,3,L,3,5,16,28,7,11,3,2556,0,0,10.22,,,,T1G,,,,,,,,,,,,,,,
Avo,VTZ,T1G,SR303,,Den,3,W,5,3,22,23,8,18,5,2888,1,3,10.22,,,,VTZ,VTZ,T1G,SR303,,Den,3,W,5,3,,,,,,
Infinity,VTZ,T1G,SR303,,Den,3,W,5,3,28,24,8,21,3,3486,1,2,10.22,,,,VTZ,,,,,,,,,,,,,,,
Izaac,VTZ,T1G,SR303,,Den,3,W,5,3,16,22,11,11,3,2013,2,2,10.22,,,,VTZ,,,,,,,,,,,,,,,
SmolZila,VTZ,T1G,SR303,,Den,3,W,5,3,30,21,9,25,8,3514,1,3,10.22,,,,VTZ,,,,,,,,,,,,,,,
D7oomx,ROC,MAJ,SR304,,Den,3,W,7,2,25,15,8,22,5,3049,3,2,8.18,,,,ROC,ROC,MAJ,SR304,,Den,3,W,7,2,,,,,,
D7om,ROC,MAJ,SR304,,Den,3,W,7,2,23,19,10,15,5,2737,2,0,8.18,,,,ROC,,,,,,,,,,,,,,,
Khhx,ROC,MAJ,SR304,,Den,3,W,7,2,29,15,8,23,5,3208,1,1,8.18,,,,ROC,,,,,,,,,,,,,,,
Rxld,ROC,MAJ,SR304,,Den,3,W,7,2,20,19,5,12,4,2409,1,0,8.18,,,,ROC,,,,,,,,,,,,,,,
Henry,MAJ,ROC,SR304,,Den,3,L,2,7,21,21,6,16,7,2548,1,2,8.18,,,,MAJ,MAJ,ROC,SR304,,Den,3,L,2,7,,,,,,
Lqgend,MAJ,ROC,SR304,,Den,3,L,2,7,15,27,5,8,2,1761,0,3,8.18,,,,MAJ,,,,,,,,,,,,,,,
Twisted,MAJ,ROC,SR304,,Den,3,L,2,7,16,24,8,9,2,1932,1,1,8.18,,,,MAJ,,,,,,,,,,,,,,,
Wailers,MAJ,ROC,SR304,,Den,3,L,2,7,16,25,6,11,2,2311,0,1,8.18,,,,MAJ,,,,,,,,,,,,,,,
Blade,ABL,R8E,SR305,,Den,3,W,4,2,22,23,5,11,3,2206,1,2,10.00,,,,ABL,ABL,R8E,SR305,,Den,3,W,4,2,,,,,,
Clutch,ABL,R8E,SR305,,Den,3,W,4,2,15,24,12,9,2,2240,2,1,10.00,,,,ABL,,,,,,,,,,,,,,,
dk,ABL,R8E,SR305,,Den,3,W,4,2,24,23,7,13,3,3136,0,2,10.00,,,,ABL,,,,,,,,,,,,,,,
Scythe,ABL,R8E,SR305,,Den,3,W,4,2,31,26,9,20,4,3881,1,5,10.00,,,,ABL,,,,,,,,,,,,,,,
A9eelx,R8E,ABL,SR305,,Den,3,L,2,4,22,26,6,16,3,2831,0,2,10.00,,,,R8E,R8E,ABL,SR305,,Den,3,L,2,4,,,,,,
Abdullatif,R8E,ABL,SR305,,Den,3,L,2,4,31,18,9,23,8,3005,1,2,10.00,,,,R8E,,,,,,,,,,,,,,,
Clox,R8E,ABL,SR305,,Den,3,L,2,4,22,25,16,15,3,3202,0,3,10.00,,,,R8E,,,,,,,,,,,,,,,
Sway,R8E,ABL,SR305,,Den,3,L,2,4,21,23,12,16,4,2779,1,3,10.00,,,,R8E,,,,,,,,,,,,,,,
Blade,ABL,VIC,SR306,,Den,3,W,6,2,19,23,4,11,3,2792,3,0,9.55,,,,ABL,ABL,VIC,SR306,,Den,3,W,6,2,,,,,,
Clutch,ABL,VIC,SR306,,Den,3,W,6,2,26,19,15,18,5,2994,3,0,9.55,,,,ABL,,,,,,,,,,,,,,,
dk,ABL,VIC,SR306,,Den,3,W,6,2,25,24,9,14,3,3271,0,3,9.55,,,,ABL,,,,,,,,,,,,,,,
Scythe,ABL,VIC,SR306,,Den,3,W,6,2,31,17,7,24,4,3422,0,1,9.55,,,,ABL,,,,,,,,,,,,,,,
BBConor,VIC,ABL,SR306,,Den,3,L,2,6,22,20,9,15,4,3171,1,3,9.55,,,,VIC,VIC,ABL,SR306,,Den,3,L,2,6,,,,,,
Disarray,VIC,ABL,SR306,,Den,3,L,2,6,23,25,8,13,5,2619,1,1,9.55,,,,VIC,,,,,,,,,,,,,,,
Faisal,VIC,ABL,SR306,,Den,3,L,2,6,21,30,9,13,3,2831,0,2,9.55,,,,VIC,,,,,,,,,,,,,,,
Yafty,VIC,ABL,SR306,,Den,3,L,2,6,17,26,8,8,2,2050,0,1,9.55,,,,VIC,,,,,,,,,,,,,,,
A9eelx,R8E,MAJ,SR307,,Scar,3,W,6,1,27,23,7,18,4,3068,2,0,9.80,,,,R8E,R8E,MAJ,SR307,,Scar,3,W,6,1,,,,,,
Abdullatif,R8E,MAJ,SR307,,Scar,3,W,6,1,30,25,9,23,5,3733,2,1,9.80,,,,R8E,,,,,,,,,,,,,,,
Clox,R8E,MAJ,SR307,,Scar,3,W,6,1,27,18,11,21,7,3151,2,1,9.80,,,,R8E,,,,,,,,,,,,,,,
Sway,R8E,MAJ,SR307,,Scar,3,W,6,1,32,18,9,26,8,3868,0,2,9.80,,,,R8E,,,,,,,,,,,,,,,
Henry,MAJ,R8E,SR307,,Scar,3,L,1,6,23,29,9,13,4,3381,0,2,9.80,,,,MAJ,MAJ,R8E,SR307,,Scar,3,L,1,6,,,,,,
Lqgend,MAJ,R8E,SR307,,Scar,3,L,1,6,19,30,6,11,3,2977,0,2,9.80,,,,MAJ,,,,,,,,,,,,,,,
Twisted,MAJ,R8E,SR307,,Scar,3,L,1,6,26,29,6,15,3,2888,1,1,9.80,,,,MAJ,,,,,,,,,,,,,,,
Wailers,MAJ,R8E,SR307,,Scar,3,L,1,6,16,28,8,11,4,2375,0,0,9.80,,,,MAJ,,,,,,,,,,,,,,,
Denza,FFE,ROC,SR308,,Den,3,L,2,5,20,18,4,13,5,2069,1,1,8.50,,,,FFE,FFE,ROC,SR308,,Den,3,L,2,5,,,,,,
Detain,FFE,ROC,SR308,,Den,3,L,2,5,14,19,5,11,3,1948,0,1,8.50,,,,FFE,,,,,,,,,,,,,,,
Mighty,FFE,ROC,SR308,,Den,3,L,2,5,12,22,9,4,2,1772,1,3,8.50,,,,FFE,,,,,,,,,,,,,,,
Syqz,FFE,ROC,SR308,,Den,3,L,2,5,16,21,10,12,2,2491,0,3,8.50,,,,FFE,,,,,,,,,,,,,,,
D7oomx,ROC,FFE,SR308,,Den,3,W,5,2,23,13,7,18,5,2552,0,1,8.50,,,,ROC,ROC,FFE,SR308,,Den,3,W,5,2,,,,,,
D7om,ROC,FFE,SR308,,Den,3,W,5,2,14,18,7,11,3,2228,3,2,8.50,,,,ROC,,,,,,,,,,,,,,,
Khhx,ROC,FFE,SR308,,Den,3,W,5,2,23,15,5,18,6,2675,2,1,8.50,,,,ROC,,,,,,,,,,,,,,,
Rxld,ROC,FFE,SR308,,Den,3,W,5,2,20,16,11,12,3,2602,0,0,8.50,,,,ROC,,,,,,,,,,,,,,,
RazeSoul,AVE,T1G,SR309,,Scar,3,W,6,3,16,22,12,12,3,2451,5,0,10.03,,,,AVE,AVE,T1G,SR309,,Scar,3,W,6,3,,,,,,
RealCharm,AVE,T1G,SR309,,Scar,3,W,6,3,35,26,5,23,5,3757,0,5,10.03,,,,AVE,,,,,,,,,,,,,,,
Shay,AVE,T1G,SR309,,Scar,3,W,6,3,25,30,5,19,4,2928,1,2,10.03,,,,AVE,,,,,,,,,,,,,,,
Synergy,AVE,T1G,SR309,,Scar,3,W,6,3,27,24,15,18,7,3599,0,3,10.03,,,,AVE,,,,,,,,,,,,,,,
Kez,T1G,AVE,SR309,,Scar,3,L,3,6,26,26,13,18,4,3327,1,3,10.03,,,,T1G,T1G,AVE,SR309,,Scar,3,L,3,6,,,,,,
Lampy,T1G,AVE,SR309,,Scar,3,L,3,6,30,26,6,16,4,3403,1,3,10.03,,,,T1G,,,,,,,,,,,,,,,
Ovrlay,T1G,AVE,SR309,,Scar,3,L,3,6,30,27,9,22,3,3654,1,2,10.03,,,,T1G,,,,,,,,,,,,,,,
Rush,T1G,AVE,SR309,,Scar,3,L,3,6,16,24,11,11,3,2282,0,0,10.03,,,,T1G,,,,,,,,,,,,,,,
Avo,VTZ,ORG,SR310,,Scar,3,L,2,4,19,27,11,13,3,2435,1,2,10.22,,,,VTZ,VTZ,ORG,SR310,,Scar,3,L,2,4,,,,,,
Infinity,VTZ,ORG,SR310,,Scar,3,L,2,4,23,34,10,10,3,3267,0,3,10.22,,,,VTZ,,,,,,,,,,,,,,,
Izaac,VTZ,ORG,SR310,,Scar,3,L,2,4,27,30,5,20,3,3061,0,4,10.22,,,,VTZ,,,,,,,,,,,,,,,
SmolZila,VTZ,ORG,SR310,,Scar,3,L,2,4,24,31,6,12,3,3192,1,2,10.22,,,,VTZ,,,,,,,,,,,,,,,
Breszy,ORG,VTZ,SR310,,Scar,3,L,4,2,34,24,12,23,4,4248,0,3,10.22,,,,ORG,ORG,VTZ,SR310,,Scar,3,L,4,2,,,,,,
Cobra,ORG,VTZ,SR310,,Scar,3,L,4,2,26,20,11,22,6,3504,1,4,10.22,,,,ORG,,,,,,,,,,,,,,,
Lynz,ORG,VTZ,SR310,,Scar,3,L,4,2,35,21,13,25,5,3851,1,1,10.22,,,,ORG,,,,,,,,,,,,,,,
Melko,ORG,VTZ,SR310,,Scar,3,L,4,2,27,28,14,19,3,3199,2,3,10.22,,,,ORG,,,,,,,,,,,,,,,
D3,DCM,P7E,SR311,,Scar,3,L,3,8,11,22,8,6,3,1978,0,2,7.17,,,,DCM,DCM,P7E,SR311,,Scar,3,L,3,8,,,,,,
Dany,DCM,P7E,SR311,,Scar,3,L,3,8,22,23,8,13,7,2765,2,4,7.17,,,,DCM,,,,,,,,,,,,,,,
Depa,DCM,P7E,SR311,,Scar,3,L,3,8,17,24,5,10,3,1839,0,2,7.17,,,,DCM,,,,,,,,,,,,,,,
Nadox,DCM,P7E,SR311,,Scar,3,L,3,8,14,22,8,10,3,2181,1,0,7.17,,,,DCM,,,,,,,,,,,,,,,
Aspekt,P7E,DCM,SR311,,Scar,3,W,8,3,20,15,10,14,3,2478,2,3,7.17,,,,P7E,P7E,DCM,SR311,,Scar,3,W,8,3,,,,,,
FDot,P7E,DCM,SR311,,Scar,3,W,8,3,19,20,8,15,6,2459,3,0,7.17,,,,P7E,,,,,,,,,,,,,,,
Harry,P7E,DCM,SR311,,Scar,3,W,8,3,25,13,10,18,6,3066,1,0,7.17,,,,P7E,,,,,,,,,,,,,,,
Mythix,P7E,DCM,SR311,,Scar,3,W,8,3,27,16,9,20,7,2833,2,0,7.17,,,,P7E,,,,,,,,,,,,,,,
Afro,P7N,HUN,SR312,,Den,3,W,5,3,27,21,8,19,5,3382,2,2,10.00,,,,P7N,P7N,HUN,SR312,,Den,3,W,5,3,,,,,,
Beans,P7N,HUN,SR312,,Den,3,W,5,3,24,26,6,14,3,3143,1,3,10.00,,,,P7N,,,,,,,,,,,,,,,
DC,P7N,HUN,SR312,,Den,3,W,5,3,21,25,8,13,4,2887,0,1,10.00,,,,P7N,,,,,,,,,,,,,,,
ErikBoom,P7N,HUN,SR312,,Den,3,W,5,3,28,21,5,21,6,2906,2,3,10.00,,,,P7N,,,,,,,,,,,,,,,
Johnny,HUN,P7N,SR312,,Den,3,L,3,5,26,23,7,21,5,3321,1,3,10.00,,,,HUN,HUN,P7N,SR312,,Den,3,L,3,5,,,,,,
Nemensions,HUN,P7N,SR312,,Den,3,L,3,5,15,25,5,11,3,2205,1,1,10.00,,,,HUN,,,,,,,,,,,,,,,
Renegade,HUN,P7N,SR312,,Den,3,L,3,5,26,24,10,19,3,3390,0,6,10.00,,,,HUN,,,,,,,,,,,,,,,
Rspi,HUN,P7N,SR312,,Den,3,L,3,5,26,28,5,21,8,2846,1,1,10.00,,,,HUN,,,,,,,,,,,,,,,
Gio,FUN,FCB,SR313,,Den,3,L,5,7,27,24,6,20,4,3533,2,0,10.23,,,,FUN,FUN,FCB,SR313,,Den,3,L,5,7,,,,,,
Mack,FUN,FCB,SR313,,Den,3,L,5,7,25,28,8,17,4,3257,1,2,10.23,,,,FUN,,,,,,,,,,,,,,,
Uli,FUN,FCB,SR313,,Den,3,L,5,7,22,22,9,16,3,2886,2,1,10.23,,,,FUN,,,,,,,,,,,,,,,
Vivid,FUN,FCB,SR313,,Den,3,L,5,7,15,25,6,10,2,2531,0,2,10.23,,,,FUN,,,,,,,,,,,,,,,
Cimbels,FCB,FUN,SR313,,Den,3,W,7,5,24,22,7,17,3,2959,0,0,10.23,,,,FCB,FCB,FUN,SR313,,Den,3,W,7,5,,,,,,
Milly,FCB,FUN,SR313,,Den,3,W,7,5,19,22,12,13,3,2853,4,3,10.23,,,,FCB,,,,,,,,,,,,,,,
Peel,FCB,FUN,SR313,,Den,3,W,7,5,27,27,9,17,2,3302,1,3,10.23,,,,FCB,,,,,,,,,,,,,,,
Ryann,FCB,FUN,SR313,,Den,3,W,7,5,29,18,8,25,7,3401,2,2,10.23,,,,FCB,,,,,,,,,,,,,,,
Abe,TBG,DBC,SR314,,Exposure,3,L,3,5,21,23,9,14,3,2933,1,4,10.20,,,,TBG,TBG,DBC,SR314,,Exposure,3,L,3,5,,,,,,
Fire,TBG,DBC,SR314,,Exposure,3,L,3,5,24,24,7,15,4,3062,0,2,10.20,,,,TBG,,,,,,,,,,,,,,,
Owakening,TBG,DBC,SR314,,Exposure,3,L,3,5,24,17,3,17,4,2614,0,1,10.20,,,,TBG,,,,,,,,,,,,,,,
Prolute,TBG,DBC,SR314,,Exposure,3,L,3,5,22,28,4,15,3,2962,2,2,10.20,,,,TBG,,,,,,,,,,,,,,,
Dak,DBC,TBG,SR314,,Exposure,3,W,5,3,21,23,8,17,4,2838,3,3,10.20,,,,DBC,DBC,TBG,SR314,,Exposure,3,W,5,3,,,,,,
Manny,DBC,TBG,SR314,,Exposure,3,W,5,3,28,19,4,20,6,3053,2,4,10.20,,,,DBC,,,,,,,,,,,,,,,
Vik,DBC,TBG,SR314,,Exposure,3,W,5,3,19,24,9,14,3,2937,0,3,10.20,,,,DBC,,,,,,,,,,,,,,,
Wrecks,DBC,TBG,SR314,,Exposure,3,W,5,3,24,25,10,15,3,3618,0,2,10.20,,,,DBC,,,,,,,,,,,,,,,
2Real,FFF,FZF,SR315,,Scar,3,W,8,1,27,22,16,23,6,3676,0,1,8.75,,,,FFF,FFF,FZF,SR315,,Scar,3,W,8,1,,,,,,
Arcitys,FFF,FZF,SR315,,Scar,3,W,8,1,26,19,11,20,4,3340,4,0,8.75,,,,FFF,,,,,,,,,,,,,,,
FeLo,FFF,FZF,SR315,,Scar,3,W,8,1,23,20,11,13,5,2751,3,1,8.75,,,,FFF,,,,,,,,,,,,,,,
PaulEhx,FFF,FZF,SR315,,Scar,3,W,8,1,26,17,11,20,5,2992,1,1,8.75,,,,FFF,,,,,,,,,,,,,,,
GntL,FZF,FFF,SR315,,Scar,3,L,1,8,16,25,9,9,2,2312,0,1,8.75,,,,FZF,FZF,FFF,SR315,,Scar,3,L,1,8,,,,,,
KingAbody,FZF,FFF,SR315,,Scar,3,L,1,8,19,25,5,9,3,2195,0,1,8.75,,,,FZF,,,,,,,,,,,,,,,
KnoX,FZF,FFF,SR315,,Scar,3,L,1,8,25,25,3,19,6,2883,0,2,8.75,,,,FZF,,,,,,,,,,,,,,,
Swooty,FZF,FFF,SR315,,Scar,3,L,1,8,18,27,9,13,3,2678,1,2,8.75,,,,FZF,,,,,,,,,,,,,,,
Asim,OMB,FIB,SR316,,Den,3,W,7,2,29,25,13,20,4,3690,1,2,10.00,,,,OMB,OMB,FIB,SR316,,Den,3,W,7,2,,,,,,
Brack,OMB,FIB,SR316,,Den,3,W,7,2,27,20,12,22,5,3300,3,3,10.00,,,,OMB,,,,,,,,,,,,,,,
Cammy,OMB,FIB,SR316,,Den,3,W,7,2,27,22,6,17,4,3184,1,1,10.00,,,,OMB,,,,,,,,,,,,,,,
ReeaL,OMB,FIB,SR316,,Den,3,W,7,2,31,26,14,23,4,3772,2,4,10.00,,,,OMB,,,,,,,,,,,,,,,
Cruze,FIB,OMB,SR316,,Den,3,L,2,7,25,29,10,19,5,3046,0,2,10.00,,,,FIB,FIB,OMB,SR316,,Den,3,L,2,7,,,,,,
Gunless,FIB,OMB,SR316,,Den,3,L,2,7,15,29,10,9,4,2266,1,4,10.00,,,,FIB,,,,,,,,,,,,,,,
Gunsiii,FIB,OMB,SR316,,Den,3,L,2,7,30,29,7,16,4,3364,1,3,10.00,,,,FIB,,,,,,,,,,,,,,,
Nate,FIB,OMB,SR316,,Den,3,L,2,7,23,27,7,14,4,2932,0,2,10.00,,,,FIB,,,,,,,,,,,,,,,
Alluka,FAC,CBL,SR317,,Den,3,W,6,2,26,21,11,16,6,3064,2,1,10.43,,,,FAC,FAC,CBL,SR317,,Den,3,W,6,2,,,,,,
Flames,FAC,CBL,SR317,,Den,3,W,6,2,27,20,3,20,3,2698,1,5,10.43,,,,FAC,,,,,,,,,,,,,,,
QK4B,FAC,CBL,SR317,,Den,3,W,6,2,28,21,10,23,7,3568,1,2,10.43,,,,FAC,,,,,,,,,,,,,,,
Standy,FAC,CBL,SR317,,Den,3,W,6,2,28,21,10,20,4,3241,2,2,10.43,,,,FAC,,,,,,,,,,,,,,,
Darksived,CBL,FAC,SR317,,Den,3,L,2,6,26,27,5,18,5,3062,0,3,10.43,,,,CBL,CBL,FAC,SR317,,Den,3,L,2,6,,,,,,
KB,CBL,FAC,SR317,,Den,3,L,2,6,21,28,6,15,6,2349,0,3,10.43,,,,CBL,,,,,,,,,,,,,,,
Phantomz,CBL,FAC,SR317,,Den,3,L,2,6,19,28,8,9,2,2785,1,3,10.43,,,,CBL,,,,,,,,,,,,,,,
Ruper,CBL,FAC,SR317,,Den,3,L,2,6,17,27,17,9,3,2775,1,2,10.43,,,,CBL,,,,,,,,,,,,,,,
Abe,TBG,OMB,SR318,,Exposure,3,L,3,6,29,22,4,19,5,3098,0,0,9.52,,,,TBG,TBG,OMB,SR318,,Exposure,3,L,3,6,,,,,,
Fire,TBG,OMB,SR318,,Exposure,3,L,3,6,13,25,9,11,3,2325,1,1,9.52,,,,TBG,,,,,,,,,,,,,,,
Owakening,TBG,OMB,SR318,,Exposure,3,L,3,6,19,20,5,14,4,2868,1,0,9.52,,,,TBG,,,,,,,,,,,,,,,
Prolute,TBG,OMB,SR318,,Exposure,3,L,3,6,19,23,8,14,4,2409,1,1,9.52,,,,TBG,,,,,,,,,,,,,,,
Asim,OMB,TBG,SR318,,Exposure,3,W,6,3,23,22,6,16,3,3351,2,3,9.52,,,,OMB,OMB,TBG,SR318,,Exposure,3,W,6,3,,,,,,
Brack,OMB,TBG,SR318,,Exposure,3,W,6,3,20,19,10,16,6,2770,2,0,9.52,,,,OMB,,,,,,,,,,,,,,,
Cammy,OMB,TBG,SR318,,Exposure,3,W,6,3,17,19,12,8,3,2213,1,3,9.52,,,,OMB,,,,,,,,,,,,,,,
ReeaL,OMB,TBG,SR318,,Exposure,3,W,6,3,30,20,5,20,4,3367,1,4,9.52,,,,OMB,,,,,,,,,,,,,,,
Darksived,CBL,FIB,SR319,,Den,3,W,6,5,33,24,9,18,4,3725,0,2,11.85,,,,CBL,CBL,FIB,SR319,,Den,3,W,6,5,,,,,,
KB,CBL,FIB,SR319,,Den,3,W,6,5,28,21,10,19,4,3874,1,1,11.85,,,,CBL,,,,,,,,,,,,,,,
Phantomz,CBL,FIB,SR319,,Den,3,W,6,5,29,23,6,19,7,3118,1,2,11.85,,,,CBL,,,,,,,,,,,,,,,
Ruper,CBL,FIB,SR319,,Den,3,W,6,5,28,28,12,11,4,3779,4,2,11.85,,,,CBL,,,,,,,,,,,,,,,
Cruze,FIB,CBL,SR319,,Den,3,L,5,6,24,33,9,16,3,3521,0,2,11.85,,,,FIB,FIB,CBL,SR319,,Den,3,L,5,6,,,,,,
Gunless,FIB,CBL,SR319,,Den,3,L,5,6,20,30,5,10,2,2747,0,0,11.85,,,,FIB,,,,,,,,,,,,,,,
Gunsiii,FIB,CBL,SR319,,Den,3,L,5,6,28,26,5,18,3,2841,2,5,11.85,,,,FIB,,,,,,,,,,,,,,,
Nate,FIB,CBL,SR319,,Den,3,L,5,6,23,29,15,15,3,3087,3,3,11.85,,,,FIB,,,,,,,,,,,,,,,
Dak,DBC,FAC,SR320,,Scar,3,W,4,2,29,24,8,18,5,3681,0,2,10.00,,,,DBC,DBC,FAC,SR320,,Scar,3,W,4,2,,,,,,
Manny,DBC,FAC,SR320,,Scar,3,W,4,2,26,22,14,19,4,3598,1,3,10.00,,,,DBC,,,,,,,,,,,,,,,
Vik,DBC,FAC,SR320,,Scar,3,W,4,2,23,25,8,12,3,2463,2,3,10.00,,,,DBC,,,,,,,,,,,,,,,
Wrecks,DBC,FAC,SR320,,Scar,3,W,4,2,18,24,8,13,3,2860,1,0,10.00,,,,DBC,,,,,,,,,,,,,,,
Alluka,FAC,DBC,SR320,,Scar,3,L,2,4,23,24,8,18,5,3130,1,3,10.00,,,,FAC,FAC,DBC,SR320,,Scar,3,L,2,4,,,,,,
Flames,FAC,DBC,SR320,,Scar,3,L,2,4,26,27,7,16,4,3104,0,2,10.00,,,,FAC,,,,,,,,,,,,,,,
QK4B,FAC,DBC,SR320,,Scar,3,L,2,4,25,18,12,16,4,3346,1,0,10.00,,,,FAC,,,,,,,,,,,,,,,
Standy,FAC,DBC,SR320,,Scar,3,L,2,4,21,27,10,14,2,2923,0,0,10.00,,,,FAC,,,,,,,,,,,,,,,
Gio,FUN,FFF,SR321,,Scar,3,L,1,2,19,23,14,13,3,2901,0,3,10.25,,,,FUN,FUN,FFF,SR321,,Scar,3,L,1,2,,,,,,
Mack,FUN,FFF,SR321,,Scar,3,L,1,2,18,27,5,8,2,2589,0,2,10.25,,,,FUN,,,,,,,,,,,,,,,
Uli,FUN,FFF,SR321,,Scar,3,L,1,2,20,21,7,16,3,2751,0,2,10.25,,,,FUN,,,,,,,,,,,,,,,
Vivid,FUN,FFF,SR321,,Scar,3,L,1,2,21,23,8,15,4,2720,1,3,10.25,,,,FUN,,,,,,,,,,,,,,,
2Real,FFF,FUN,SR321,,Scar,3,W,2,1,24,26,10,12,3,3064,1,0,10.25,,,,FFF,FFF,FUN,SR321,,Scar,3,W,2,1,,,,,,
Arcitys,FFF,FUN,SR321,,Scar,3,W,2,1,24,15,11,20,4,3308,0,2,10.25,,,,FFF,,,,,,,,,,,,,,,
FeLo,FFF,FUN,SR321,,Scar,3,W,2,1,21,18,9,15,3,2433,1,3,10.25,,,,FFF,,,,,,,,,,,,,,,
PaulEhx,FFF,FUN,SR321,,Scar,3,W,2,1,25,19,6,19,3,3312,0,0,10.25,,,,FFF,,,,,,,,,,,,,,,
GntL,FZF,HUN,SR322,,Scar,3,W,6,1,26,19,9,19,5,2607,2,3,10.08,,,,FZF,FZF,HUN,SR322,,Scar,3,W,6,1,,,,,,
KingAbody,FZF,HUN,SR322,,Scar,3,W,6,1,26,25,12,18,3,3136,0,1,10.08,,,,FZF,,,,,,,,,,,,,,,
KnoX,FZF,HUN,SR322,,Scar,3,W,6,1,38,26,12,26,7,5100,1,3,10.08,,,,FZF,,,,,,,,,,,,,,,
Swooty,FZF,HUN,SR322,,Scar,3,W,6,1,23,24,13,16,4,3434,3,0,10.08,,,,FZF,,,,,,,,,,,,,,,
Johnny,HUN,FZF,SR322,,Scar,3,L,1,6,23,30,15,14,3,3687,0,1,10.08,,,,HUN,HUN,FZF,SR322,,Scar,3,L,1,6,,,,,,
Nemensions,HUN,FZF,SR322,,Scar,3,L,1,6,22,30,10,13,3,3088,0,2,10.08,,,,HUN,,,,,,,,,,,,,,,
Renegade,HUN,FZF,SR322,,Scar,3,L,1,6,34,21,6,23,4,3410,0,4,10.08,,,,HUN,,,,,,,,,,,,,,,
Rspi,HUN,FZF,SR322,,Scar,3,L,1,6,15,32,11,8,3,2361,1,1,10.08,,,,HUN,,,,,,,,,,,,,,,
Cimbels,FCB,P7N,SR323,,Den,3,L,3,6,22,22,4,15,4,2275,2,4,9.58,,,,FCB,FCB,P7N,SR323,,Den,3,L,3,6,,,,,,
Milly,FCB,P7N,SR323,,Den,3,L,3,6,18,27,6,12,3,2764,0,2,9.58,,,,FCB,,,,,,,,,,,,,,,
Peel,FCB,P7N,SR323,,Den,3,L,3,6,14,31,11,7,4,2251,0,2,9.58,,,,FCB,,,,,,,,,,,,,,,
Ryann,FCB,P7N,SR323,,Den,3,L,3,6,19,27,7,10,4,2706,1,3,9.58,,,,FCB,,,,,,,,,,,,,,,
Afro,P7N,FCB,SR323,,Den,3,W,6,3,30,20,8,18,4,3638,0,3,9.58,,,,P7N,P7N,FCB,SR323,,Den,3,W,6,3,,,,,,
Beans,P7N,FCB,SR323,,Den,3,W,6,3,25,17,8,19,6,2719,3,2,9.58,,,,P7N,,,,,,,,,,,,,,,
DC,P7N,FCB,SR323,,Den,3,W,6,3,21,21,10,14,3,2558,1,2,9.58,,,,P7N,,,,,,,,,,,,,,,
ErikBoom,P7N,FCB,SR323,,Den,3,W,6,3,31,15,10,24,8,3554,2,2,9.58,,,,P7N,,,,,,,,,,,,,,,
Blade,ABL,FFE,SR324,,Exposure,3,L,3,4,22,24,10,17,3,2964,0,2,10.07,,,,ABL,ABL,FFE,SR324,,Exposure,3,L,3,4,,,,,,
Clutch,ABL,FFE,SR324,,Exposure,3,L,3,4,21,23,7,16,4,2122,2,3,10.07,,,,ABL,,,,,,,,,,,,,,,
dk,ABL,FFE,SR324,,Exposure,3,L,3,4,24,22,11,13,3,3502,1,5,10.07,,,,ABL,,,,,,,,,,,,,,,
Scythe,ABL,FFE,SR324,,Exposure,3,L,3,4,17,27,8,11,3,3071,0,0,10.07,,,,ABL,,,,,,,,,,,,,,,
Denza,FFE,ABL,SR324,,Exposure,3,W,4,3,20,18,8,15,4,2736,0,1,10.07,,,,FFE,FFE,ABL,SR324,,Exposure,3,W,4,3,,,,,,
Detain,FFE,ABL,SR324,,Exposure,3,W,4,3,26,24,8,17,7,3128,1,1,10.07,,,,FFE,,,,,,,,,,,,,,,
Mighty,FFE,ABL,SR324,,Exposure,3,W,4,3,27,22,7,17,3,3266,1,4,10.07,,,,FFE,,,,,,,,,,,,,,,
Syqz,FFE,ABL,SR324,,Exposure,3,W,4,3,23,20,9,18,6,2893,2,2,10.07,,,,FFE,,,,,,,,,,,,,,,
Henry,MAJ,VIC,SR325,,Exposure,3,L,2,3,24,22,6,20,4,2808,0,4,10.00,,,,MAJ,MAJ,VIC,SR325,,Exposure,3,L,2,3,,,,,,
Lqgend,MAJ,VIC,SR325,,Exposure,3,L,2,3,18,23,5,14,3,2407,1,1,10.00,,,,MAJ,,,,,,,,,,,,,,,
Twisted,MAJ,VIC,SR325,,Exposure,3,L,2,3,19,25,10,12,3,3014,1,4,10.00,,,,MAJ,,,,,,,,,,,,,,,
Wailers,MAJ,VIC,SR325,,Exposure,3,L,2,3,21,25,5,14,4,2720,0,5,10.00,,,,MAJ,,,,,,,,,,,,,,,
BBConor,VIC,MAJ,SR325,,Exposure,3,W,3,2,21,21,9,16,4,2776,1,5,10.00,,,,VIC,VIC,MAJ,SR325,,Exposure,3,W,3,2,,,,,,
Disarray,VIC,MAJ,SR325,,Exposure,3,W,3,2,16,26,6,12,2,2079,0,3,10.00,,,,VIC,,,,,,,,,,,,,,,
Faisal,VIC,MAJ,SR325,,Exposure,3,W,3,2,36,19,6,27,6,4136,1,3,10.00,,,,VIC,,,,,,,,,,,,,,,
Yafty,VIC,MAJ,SR325,,Exposure,3,W,3,2,22,17,6,19,4,2990,1,3,10.00,,,,VIC,,,,,,,,,,,,,,,
D7oomx,ROC,R8E,SR326,,Scar,3,W,7,2,28,22,13,20,5,3629,2,4,10.02,,,,ROC,ROC,R8E,SR326,,Scar,3,W,7,2,,,,,,
D7om,ROC,R8E,SR326,,Scar,3,W,7,2,22,31,4,10,3,2400,3,0,10.02,,,,ROC,,,,,,,,,,,,,,,
Khhx,ROC,R8E,SR326,,Scar,3,W,7,2,39,18,8,33,9,3927,2,0,10.02,,,,ROC,,,,,,,,,,,,,,,
Rxld,ROC,R8E,SR326,,Scar,3,W,7,2,29,25,8,21,5,3308,1,3,10.02,,,,ROC,,,,,,,,,,,,,,,
A9eelx,R8E,ROC,SR326,,Scar,3,L,2,7,20,33,9,11,3,2869,0,3,10.02,,,,R8E,R8E,ROC,SR326,,Scar,3,L,2,7,,,,,,
Abdullatif,R8E,ROC,SR326,,Scar,3,L,2,7,26,33,9,13,3,2600,0,2,10.02,,,,R8E,,,,,,,,,,,,,,,
Clox,R8E,ROC,SR326,,Scar,3,L,2,7,20,26,13,16,4,3532,1,1,10.02,,,,R8E,,,,,,,,,,,,,,,
Sway,R8E,ROC,SR326,,Scar,3,L,2,7,30,26,6,18,5,3025,1,3,10.02,,,,R8E,,,,,,,,,,,,,,,
Kez,T1G,DCM,SR327,,Scar,3,L,4,5,24,29,10,13,2,3540,0,4,10.05,,,,T1G,T1G,DCM,SR327,,Scar,3,L,4,5,,,,,,
Lampy,T1G,DCM,SR327,,Scar,3,L,4,5,30,25,10,23,6,3791,1,3,10.05,,,,T1G,,,,,,,,,,,,,,,
Ovrlay,T1G,DCM,SR327,,Scar,3,L,4,5,29,26,8,21,4,3701,2,4,10.05,,,,T1G,,,,,,,,,,,,,,,
Rush,T1G,DCM,SR327,,Scar,3,L,4,5,19,30,10,11,4,3189,1,4,10.05,,,,T1G,,,,,,,,,,,,,,,
D3,DCM,T1G,SR327,,Scar,3,W,5,4,23,25,12,16,5,3031,1,3,10.05,,,,DCM,DCM,T1G,SR327,,Scar,3,W,5,4,,,,,,
Dany,DCM,T1G,SR327,,Scar,3,W,5,4,36,26,10,26,5,3917,1,4,10.05,,,,DCM,,,,,,,,,,,,,,,
Depa,DCM,T1G,SR327,,Scar,3,W,5,4,23,26,14,18,5,3639,1,3,10.05,,,,DCM,,,,,,,,,,,,,,,
Nadox,DCM,T1G,SR327,,Scar,3,W,5,4,28,25,10,21,4,3115,2,2,10.05,,,,DCM,,,,,,,,,,,,,,,
Breszy,ORG,AVE,SR328,,Den,3,W,5,3,22,23,5,18,3,3034,1,0,9.47,,,,ORG,ORG,AVE,SR328,,Den,3,W,5,3,,,,,,
Cobra,ORG,AVE,SR328,,Den,3,W,5,3,22,23,11,13,3,3144,0,6,9.47,,,,ORG,,,,,,,,,,,,,,,
Lynz,ORG,AVE,SR328,,Den,3,W,5,3,34,18,10,30,4,4283,1,3,9.47,,,,ORG,,,,,,,,,,,,,,,
Melko,ORG,AVE,SR328,,Den,3,W,5,3,29,21,6,21,6,3055,3,5,9.47,,,,ORG,,,,,,,,,,,,,,,
RazeSoul,AVE,ORG,SR328,,Den,3,L,3,5,16,28,4,7,3,1800,1,0,9.47,,,,AVE,AVE,ORG,SR328,,Den,3,L,3,5,,,,,,
RealCharm,AVE,ORG,SR328,,Den,3,L,3,5,16,23,4,7,3,1800,1,0,9.47,,,,AVE,,,,,,,,,,,,,,,
Shay,AVE,ORG,SR328,,Den,3,L,3,5,20,33,4,9,3,2200,0,0,9.47,,,,AVE,,,,,,,,,,,,,,,
Synergy,AVE,ORG,SR328,,Den,3,L,3,5,33,23,9,23,9,3577,1,5,9.47,,,,AVE,,,,,,,,,,,,,,,
Aspekt,P7E,VTZ,SR329,,Exposure,3,W,6,0,25,22,13,19,4,3143,1,2,10.10,,,,P7E,P7E,VTZ,SR329,,Exposure,3,W,6,0,,,,,,
FDot,P7E,VTZ,SR329,,Exposure,3,W,6,0,28,22,11,21,7,3519,2,2,10.10,,,,P7E,,,,,,,,,,,,,,,
Harry,P7E,VTZ,SR329,,Exposure,3,W,6,0,32,17,5,26,4,3569,1,6,10.10,,,,P7E,,,,,,,,,,,,,,,
Mythix,P7E,VTZ,SR329,,Exposure,3,W,6,0,35,22,7,25,5,3823,2,2,10.10,,,,P7E,,,,,,,,,,,,,,,
Avo,VTZ,P7E,SR329,,Exposure,3,W,0,6,19,28,7,11,3,2421,0,2,10.10,,,,VTZ,VTZ,P7E,SR329,,Exposure,3,W,0,6,,,,,,
Infinity,VTZ,P7E,SR329,,Exposure,3,W,0,6,15,31,6,10,2,2186,0,2,10.10,,,,VTZ,,,,,,,,,,,,,,,
Izaac,VTZ,P7E,SR329,,Exposure,3,W,0,6,20,30,8,13,3,3225,0,2,10.10,,,,VTZ,,,,,,,,,,,,,,,
SmolZila,VTZ,P7E,SR329,,Exposure,3,W,0,6,29,31,8,15,3,3610,0,4,10.10,,,,VTZ,,,,,,,,,,,,,,,
Abe,TBG,FAC,SR330,,Den,3,L,2,4,25,24,7,20,5,2974,1,5,10.00,,,,TBG,TBG,FAC,SR330,,Den,3,L,2,4,,,,,,
Fire,TBG,FAC,SR330,,Den,3,L,2,4,21,18,8,13,4,2761,1,3,10.00,,,,TBG,,,,,,,,,,,,,,,
Owakening,TBG,FAC,SR330,,Den,3,L,2,4,17,26,10,11,3,2383,0,1,10.00,,,,TBG,,,,,,,,,,,,,,,
Prolute,TBG,FAC,SR330,,Den,3,L,2,4,20,28,8,15,3,2764,0,2,10.00,,,,TBG,,,,,,,,,,,,,,,
Alluka,FAC,TBG,SR330,,Den,3,W,4,2,22,20,9,14,4,3072,1,3,10.00,,,,FAC,FAC,TBG,SR330,,Den,3,W,4,2,,,,,,
QK4B,FAC,TBG,SR330,,Den,3,W,4,2,27,18,10,19,5,3400,0,6,10.00,,,,FAC,,,,,,,,,,,,,,,
Roxas,FAC,TBG,SR330,,Den,3,W,4,2,21,23,10,13,5,2346,2,2,10.00,,,,FAC,,,,,,,,,,,,,,,
Standy,FAC,TBG,SR330,,Den,3,W,4,2,26,22,8,19,4,3033,1,2,10.00,,,,FAC,,,,,,,,,,,,,,,
Cruze,FIB,DBC,SR331,,Den,3,L,3,4,19,27,13,13,4,2840,1,2,10.05,,,,FIB,FIB,DBC,SR331,,Den,3,L,3,4,,,,,,
Gunless,FIB,DBC,SR331,,Den,3,L,3,4,24,24,8,20,3,3138,1,3,10.05,,,,FIB,,,,,,,,,,,,,,,
Gunsiii,FIB,DBC,SR331,,Den,3,L,3,4,28,27,4,16,4,2878,0,3,10.05,,,,FIB,,,,,,,,,,,,,,,
Nate,FIB,DBC,SR331,,Den,3,L,3,4,25,24,7,18,8,3460,1,3,10.05,,,,FIB,,,,,,,,,,,,,,,
Dak,DBC,FIB,SR331,,Den,3,W,4,3,16,24,11,13,4,2477,1,4,10.05,,,,DBC,DBC,FIB,SR331,,Den,3,W,4,3,,,,,,
Manny,DBC,FIB,SR331,,Den,3,W,4,3,26,23,10,14,5,3307,2,2,10.05,,,,DBC,,,,,,,,,,,,,,,
Vik,DBC,FIB,SR331,,Den,3,W,4,3,27,23,11,20,3,3370,0,8,10.05,,,,DBC,,,,,,,,,,,,,,,
Wrecks,DBC,FIB,SR331,,Den,3,W,4,3,33,26,6,26,5,3968,1,6,10.05,,,,DBC,,,,,,,,,,,,,,,
Asim,OMB,CBL,SR332,,Exposure,3,W,6,3,30,21,10,22,8,3426,0,3,9.18,,,,OMB,OMB,CBL,SR332,,Exposure,3,W,6,3,,,,,,
Brack,OMB,CBL,SR332,,Exposure,3,W,6,3,20,17,8,16,4,2396,1,0,9.18,,,,OMB,,,,,,,,,,,,,,,
Cammy,OMB,CBL,SR332,,Exposure,3,W,6,3,24,17,11,17,4,3121,5,5,9.18,,,,OMB,,,,,,,,,,,,,,,
ReeaL,OMB,CBL,SR332,,Exposure,3,W,6,3,26,18,7,22,5,2953,0,1,9.18,,,,OMB,,,,,,,,,,,,,,,
Darksived,CBL,OMB,SR332,,Exposure,3,W,3,6,22,24,2,17,4,2983,0,2,9.18,,,,CBL,CBL,OMB,SR332,,Exposure,3,W,3,6,,,,,,
KB,CBL,OMB,SR332,,Exposure,3,W,3,6,22,26,3,12,3,2591,0,0,9.18,,,,CBL,,,,,,,,,,,,,,,
Phantomz,CBL,OMB,SR332,,Exposure,3,W,3,6,16,24,8,11,3,2838,1,0,9.18,,,,CBL,,,,,,,,,,,,,,,
Ruper,CBL,OMB,SR332,,Exposure,3,W,3,6,13,29,4,6,2,1500,2,0,9.18,,,,CBL,,,,,,,,,,,,,,,
Afro,P7N,FZF,SR333,,Scar,3,W,2,1,28,23,9,19,7,3525,1,2,10.00,,,,P7N,P7N,FZF,SR333,,Scar,3,W,2,1,,,,,,
Beans,P7N,FZF,SR333,,Scar,3,W,2,1,30,27,12,20,5,3676,0,2,10.00,,,,P7N,,,,,,,,,,,,,,,
DC,P7N,FZF,SR333,,Scar,3,W,2,1,26,24,8,20,5,3434,0,3,10.00,,,,P7N,,,,,,,,,,,,,,,
ErikBoom,P7N,FZF,SR333,,Scar,3,W,2,1,22,27,7,16,2,3405,1,3,10.00,,,,P7N,,,,,,,,,,,,,,,
GntL,FZF,P7N,SR333,,Scar,3,L,1,2,25,25,9,16,3,3227,1,1,10.00,,,,FZF,FZF,P7N,SR333,,Scar,3,L,1,2,,,,,,
KingAbody,FZF,P7N,SR333,,Scar,3,L,1,2,22,25,10,13,3,2948,0,1,10.00,,,,FZF,,,,,,,,,,,,,,,
KnoX,FZF,P7N,SR333,,Scar,3,L,1,2,32,27,11,21,3,3807,0,4,10.00,,,,FZF,,,,,,,,,,,,,,,
Swooty,FZF,P7N,SR333,,Scar,3,L,1,2,22,29,11,13,3,3428,0,5,10.00,,,,FZF,,,,,,,,,,,,,,,
Johnny,HUN,FUN,SR334,,Scar,3,L,3,4,30,27,7,23,4,3633,0,4,10.35,,,,HUN,HUN,FUN,SR334,,Scar,3,L,3,4,,,,,,
Nemensions,HUN,FUN,SR334,,Scar,3,L,3,4,28,29,11,18,5,3684,1,2,10.35,,,,HUN,,,,,,,,,,,,,,,
Renegade,HUN,FUN,SR334,,Scar,3,L,3,4,20,28,12,12,3,2873,1,3,10.35,,,,HUN,,,,,,,,,,,,,,,
Rspi,HUN,FUN,SR334,,Scar,3,L,3,4,23,28,6,18,4,2745,1,2,10.35,,,,HUN,,,,,,,,,,,,,,,
Gio,FUN,HUN,SR334,,Scar,3,W,4,3,31,25,9,24,5,3678,0,3,10.35,,,,FUN,FUN,HUN,SR334,,Scar,3,W,4,3,,,,,,
Mack,FUN,HUN,SR334,,Scar,3,W,4,3,23,25,17,14,3,3296,1,2,10.35,,,,FUN,,,,,,,,,,,,,,,
Uli,FUN,HUN,SR334,,Scar,3,W,4,3,26,28,7,19,6,3033,3,5,10.35,,,,FUN,,,,,,,,,,,,,,,
Vivid,FUN,HUN,SR334,,Scar,3,W,4,3,32,23,11,25,4,3725,0,7,10.35,,,,FUN,,,,,,,,,,,,,,,
Cimbels,FCB,FFF,SR335,,Scar,3,W,4,3,29,24,9,20,4,3399,1,4,10.15,,,,FCB,FCB,FFF,SR335,,Scar,3,W,4,3,,,,,,
Milly,FCB,FFF,SR335,,Scar,3,W,4,3,32,28,12,20,3,3642,1,1,10.15,,,,FCB,,,,,,,,,,,,,,,
Peel,FCB,FFF,SR335,,Scar,3,W,4,3,27,30,10,15,5,3096,2,4,10.15,,,,FCB,,,,,,,,,,,,,,,
Ryann,FCB,FFF,SR335,,Scar,3,W,4,3,24,29,14,16,3,3440,0,3,10.15,,,,FCB,,,,,,,,,,,,,,,
2Real,FFF,FCB,SR335,,Scar,3,L,3,4,31,29,5,13,5,3181,0,3,10.15,,,,FFF,FFF,FCB,SR335,,Scar,3,L,3,4,,,,,,
Arcitys,FFF,FCB,SR335,,Scar,3,L,3,4,27,30,17,15,3,3822,2,3,10.15,,,,FFF,,,,,,,,,,,,,,,
FeLo,FFF,FCB,SR335,,Scar,3,L,3,4,27,26,7,17,4,3490,1,0,10.15,,,,FFF,,,,,,,,,,,,,,,
PaulEhx,FFF,FCB,SR335,,Scar,3,L,3,4,26,27,14,14,6,3557,0,1,10.15,,,,FFF,,,,,,,,,,,,,,,
Breszy,ORG,ABL,SR336,,Den,3,L,5,6,25,29,6,16,4,3458,1,1,10.43,,,,ORG,ORG,ABL,SR336,,Den,3,L,5,6,,,,,,
Cobra,ORG,ABL,SR336,,Den,3,L,5,6,21,32,13,11,4,3673,1,5,10.43,,,,ORG,,,,,,,,,,,,,,,
Lynz,ORG,ABL,SR336,,Den,3,L,5,6,39,27,7,28,4,3860,0,6,10.43,,,,ORG,,,,,,,,,,,,,,,
Melko,ORG,ABL,SR336,,Den,3,L,5,6,21,26,7,11,5,2501,3,5,10.43,,,,ORG,,,,,,,,,,,,,,,
Blade,ABL,ORG,SR336,,Den,3,W,6,5,34,24,16,24,6,3925,2,2,10.43,,,,ABL,ABL,ORG,SR336,,Den,3,W,6,5,,,,,,
Clutch,ABL,ORG,SR336,,Den,3,W,6,5,24,30,18,15,4,3350,1,2,10.43,,,,ABL,,,,,,,,,,,,,,,
DK,ABL,ORG,SR336,,Den,3,W,6,5,29,27,7,20,4,2787,2,6,10.43,,,,ABL,,,,,,,,,,,,,,,
Scythe,ABL,ORG,SR336,,Den,3,W,6,5,27,25,14,19,5,3614,1,3,10.43,,,,ABL,,,,,,,,,,,,,,,
D7oomx,ROC,T1G,SR337,,Scar,3,L,6,2,28,17,7,20,5,3130,1,5,10.08,,,,ROC,ROC,T1G,SR337,,Scar,3,L,6,2,,,,,,
D7om,ROC,T1G,SR337,,Scar,3,L,6,2,28,21,6,22,5,3315,3,4,10.08,,,,ROC,,,,,,,,,,,,,,,
Khhx,ROC,T1G,SR337,,Scar,3,L,6,2,26,18,12,17,5,3492,2,0,10.08,,,,ROC,,,,,,,,,,,,,,,
Rxld,ROC,T1G,SR337,,Scar,3,L,6,2,26,18,11,19,5,3498,0,1,10.08,,,,ROC,,,,,,,,,,,,,,,
Kez,T1G,ROC,SR337,,Scar,3,L,2,6,25,29,4,20,5,3290,0,4,10.08,,,,T1G,T1G,ROC,SR337,,Scar,3,L,2,6,,,,,,
Lampy,T1G,ROC,SR337,,Scar,3,L,2,6,14,28,2,9,3,1938,1,0,10.08,,,,T1G,,,,,,,,,,,,,,,
Ovrlay,T1G,ROC,SR337,,Scar,3,L,2,6,17,28,8,11,3,2782,1,3,10.08,,,,T1G,,,,,,,,,,,,,,,
Rush,T1G,ROC,SR337,,Scar,3,L,2,6,18,23,9,11,3,2630,0,2,10.08,,,,T1G,,,,,,,,,,,,,,,
Aspekt,P7E,MAJ,SR338,,Den,3,L,1,4,21,26,8,14,3,2650,1,3,10.03,,,,P7E,P7E,MAJ,SR338,,Den,3,L,1,4,,,,,,
FDot,P7E,MAJ,SR338,,Den,3,L,1,4,23,26,8,17,4,3131,0,2,10.03,,,,P7E,,,,,,,,,,,,,,,
Harry,P7E,MAJ,SR338,,Den,3,L,1,4,19,26,11,14,3,2846,0,2,10.03,,,,P7E,,,,,,,,,,,,,,,
Mythix,P7E,MAJ,SR338,,Den,3,L,1,4,28,26,8,19,4,3659,0,7,10.03,,,,P7E,,,,,,,,,,,,,,,
Henry,MAJ,P7E,SR338,,Den,3,W,4,1,27,22,1,19,4,2931,1,1,10.03,,,,MAJ,MAJ,P7E,SR338,,Den,3,W,4,1,,,,,,
Lqgend,MAJ,P7E,SR338,,Den,3,W,4,1,28,23,9,19,6,3515,0,2,10.03,,,,MAJ,,,,,,,,,,,,,,,
Twisted,MAJ,P7E,SR338,,Den,3,W,4,1,21,25,12,17,3,3301,2,1,10.03,,,,MAJ,,,,,,,,,,,,,,,
Wailers,MAJ,P7E,SR338,,Den,3,W,4,1,28,21,6,21,3,3433,1,6,10.03,,,,MAJ,,,,,,,,,,,,,,,
Denza,FFE,DCM,SR339,,Exposure,3,W,7,3,23,26,11,13,3,3452,2,3,10.00,,,,FFE,FFE,DCM,SR339,,Exposure,3,W,7,3,,,,,,
Detain,FFE,DCM,SR339,,Exposure,3,W,7,3,26,15,7,20,3,2794,1,2,10.00,,,,FFE,,,,,,,,,,,,,,,
Mighty,FFE,DCM,SR339,,Exposure,3,W,7,3,35,19,7,22,5,3415,2,6,10.00,,,,FFE,,,,,,,,,,,,,,,
Syqz,FFE,DCM,SR339,,Exposure,3,W,7,3,30,20,6,26,6,3605,2,1,10.00,,,,FFE,,,,,,,,,,,,,,,
D3,DCM,FFE,SR339,,Exposure,3,L,3,7,11,30,6,8,2,1960,1,1,10.00,,,,DCM,DCM,FFE,SR339,,Exposure,3,L,3,7,,,,,,
Dany,DCM,FFE,SR339,,Exposure,3,L,3,7,23,30,8,13,3,2837,0,3,10.00,,,,DCM,,,,,,,,,,,,,,,
Depa,DCM,FFE,SR339,,Exposure,3,L,3,7,19,28,8,12,3,2422,1,5,10.00,,,,DCM,,,,,,,,,,,,,,,
Nadox,DCM,FFE,SR339,,Exposure,3,L,3,7,27,26,6,19,3,2951,1,4,10.00,,,,DCM,,,,,,,,,,,,,,,
Breszy,ORG,T1G,SR340,,Scar,3,L,0,2,27,28,10,13,3,3451,0,2,10.00,,,,ORG,ORG,T1G,SR340,,Scar,3,L,0,2,,,,,,
Cobra,ORG,T1G,SR340,,Scar,3,L,0,2,25,29,11,13,4,3036,0,3,10.00,,,,ORG,,,,,,,,,,,,,,,
Lynz,ORG,T1G,SR340,,Scar,3,L,0,2,26,25,10,15,3,3632,0,0,10.00,,,,ORG,,,,,,,,,,,,,,,
Melko,ORG,T1G,SR340,,Scar,3,L,0,2,22,27,7,12,2,2430,0,3,10.00,,,,ORG,,,,,,,,,,,,,,,
Kez,T1G,ORG,SR340,,Scar,3,W,2,0,26,27,13,11,2,3516,0,4,10.00,,,,T1G,T1G,ORG,SR340,,Scar,3,W,2,0,,,,,,
Lampy,T1G,ORG,SR340,,Scar,3,W,2,0,24,25,9,18,4,2781,0,1,10.00,,,,T1G,,,,,,,,,,,,,,,
Ovrlay,T1G,ORG,SR340,,Scar,3,W,2,0,34,24,12,21,5,3676,2,11,10.00,,,,T1G,,,,,,,,,,,,,,,
Rush,T1G,ORG,SR340,,Scar,3,W,2,0,25,24,9,17,3,3134,0,2,10.00,,,,T1G,,,,,,,,,,,,,,,
D3,DCM,MAJ,SR341,,Scar,3,L,2,3,14,26,12,9,3,2433,0,3,10.02,,,,DCM,DCM,MAJ,SR341,,Scar,3,L,2,3,,,,,,
Dany,DCM,MAJ,SR341,,Scar,3,L,2,3,32,29,14,19,5,4346,0,1,10.02,,,,DCM,,,,,,,,,,,,,,,
Depa,DCM,MAJ,SR341,,Scar,3,L,2,3,29,29,6,21,5,2687,2,8,10.02,,,,DCM,,,,,,,,,,,,,,,
Nadox,DCM,MAJ,SR341,,Scar,3,L,2,3,25,24,4,12,3,2700,0,0,10.02,,,,DCM,,,,,,,,,,,,,,,
Henry,MAJ,DCM,SR341,,Scar,3,W,3,2,29,26,14,20,4,3526,2,3,10.02,,,,MAJ,MAJ,DCM,SR341,,Scar,3,W,3,2,,,,,,
Lqgend,MAJ,DCM,SR341,,Scar,3,W,3,2,25,25,5,15,3,2612,0,3,10.02,,,,MAJ,,,,,,,,,,,,,,,
Twisted,MAJ,DCM,SR341,,Scar,3,W,3,2,23,29,8,12,3,2650,1,1,10.02,,,,MAJ,,,,,,,,,,,,,,,
Wailers,MAJ,DCM,SR341,,Scar,3,W,3,2,31,20,12,22,4,4415,0,4,10.02,,,,MAJ,,,,,,,,,,,,,,,
D7oomx,ROC,ABL,SR342,,Den,3,W,6,0,29,20,9,22,3,3609,2,5,10.00,,,,ROC,ROC,ABL,SR342,,Den,3,W,6,0,,,,,,
D7om,ROC,ABL,SR342,,Den,3,W,6,0,37,23,7,30,9,3858,3,5,10.00,,,,ROC,,,,,,,,,,,,,,,
Khhx,ROC,ABL,SR342,,Den,3,W,6,0,25,18,9,18,5,3118,1,3,10.00,,,,ROC,,,,,,,,,,,,,,,
Rxld,ROC,ABL,SR342,,Den,3,W,6,0,28,21,4,19,4,3133,0,3,10.00,,,,ROC,,,,,,,,,,,,,,,
Blade,ABL,ROC,SR342,,Den,3,L,0,6,15,34,13,9,3,2888,0,1,10.00,,,,ABL,ABL,ROC,SR342,,Den,3,L,0,6,,,,,,
Clutch,ABL,ROC,SR342,,Den,3,L,0,6,18,30,9,11,3,2520,0,5,10.00,,,,ABL,,,,,,,,,,,,,,,
dk,ABL,ROC,SR342,,Den,3,L,0,6,27,25,5,21,4,3400,0,2,10.00,,,,ABL,,,,,,,,,,,,,,,
Scythe,ABL,ROC,SR342,,Den,3,L,0,6,22,30,6,13,3,2689,0,4,10.00,,,,ABL,,,,,,,,,,,,,,,
Denza,FFE,P7E,SR343,,Exposure,3,L,2,5,16,27,4,9,3,2366,1,2,10.00,,,,FFE,FFE,P7E,SR343,,Exposure,3,L,2,5,,,,,,
Detain,FFE,P7E,SR343,,Exposure,3,L,2,5,21,22,7,14,3,2797,0,1,10.00,,,,FFE,,,,,,,,,,,,,,,
Mighty,FFE,P7E,SR343,,Exposure,3,L,2,5,22,24,8,17,4,2897,1,3,10.00,,,,FFE,,,,,,,,,,,,,,,
Syqz,FFE,P7E,SR343,,Exposure,3,L,2,5,20,24,6,12,2,2789,0,1,10.00,,,,FFE,,,,,,,,,,,,,,,
Aspekt,P7E,FFE,SR343,,Exposure,3,W,5,2,19,22,8,14,4,2584,1,5,10.00,,,,P7E,P7E,FFE,SR343,,Exposure,3,W,5,2,,,,,,
FDot,P7E,FFE,SR343,,Exposure,3,W,5,2,23,23,5,17,3,3199,0,3,10.00,,,,P7E,,,,,,,,,,,,,,,
Harry,P7E,FFE,SR343,,Exposure,3,W,5,2,27,16,7,21,5,3272,4,5,10.00,,,,P7E,,,,,,,,,,,,,,,
Mythix,P7E,FFE,SR343,,Exposure,3,W,5,2,28,18,4,20,4,3084,0,0,10.00,,,,P7E,,,,,,,,,,,,,,,
2Real,FFF,DBC,SR344,,Scar,3,W,2,0,26,27,11,17,5,3091,2,3,10.18,,,,FFF,FFF,DBC,SR344,,Scar,3,W,2,0,,,,,,
Arcitys,FFF,DBC,SR344,,Scar,3,W,2,0,25,22,15,19,4,3408,0,3,10.18,,,,FFF,,,,,,,,,,,,,,,
FeLo,FFF,DBC,SR344,,Scar,3,W,2,0,32,24,7,23,4,3590,0,5,10.18,,,,FFF,,,,,,,,,,,,,,,
PaulEhx,FFF,DBC,SR344,,Scar,3,W,2,0,32,22,11,22,4,2985,0,0,10.18,,,,FFF,,,,,,,,,,,,,,,
Dak,DBC,FFF,SR344,,Scar,3,L,0,2,19,27,8,9,3,2432,0,1,10.18,,,,DBC,DBC,FFF,SR344,,Scar,3,L,0,2,,,,,,
Manny,DBC,FFF,SR344,,Scar,3,L,0,2,30,29,6,17,5,3603,0,4,10.18,,,,DBC,,,,,,,,,,,,,,,
Vik,DBC,FFF,SR344,,Scar,3,L,0,2,23,31,4,12,3,3152,0,2,10.18,,,,DBC,,,,,,,,,,,,,,,
Wrecks,DBC,FFF,SR344,,Scar,3,L,0,2,23,28,10,13,3,3405,0,5,10.18,,,,DBC,,,,,,,,,,,,,,,
Abe,TBG,FZF,SR345,,Den,3,L,2,3,19,27,6,11,3,2632,0,3,10.00,,,,TBG,TBG,FZF,SR345,,Den,3,L,2,3,,,,,,
Fire,TBG,FZF,SR345,,Den,3,L,2,3,22,25,8,13,4,3381,1,3,10.00,,,,TBG,,,,,,,,,,,,,,,
Owakening,TBG,FZF,SR345,,Den,3,L,2,3,30,24,6,21,5,3961,0,2,10.00,,,,TBG,,,,,,,,,,,,,,,
Prolute,TBG,FZF,SR345,,Den,3,L,2,3,22,28,7,14,2,2624,1,2,10.00,,,,TBG,,,,,,,,,,,,,,,
GntL,FZF,TBG,SR345,,Den,3,W,3,2,21,19,12,15,5,2811,2,3,10.00,,,,FZF,FZF,TBG,SR345,,Den,3,W,3,2,,,,,,
KingAbody,FZF,TBG,SR345,,Den,3,W,3,2,17,28,13,11,2,2861,0,0,10.00,,,,FZF,,,,,,,,,,,,,,,
KnoX,FZF,TBG,SR345,,Den,3,W,3,2,38,24,9,28,5,3921,0,3,10.00,,,,FZF,,,,,,,,,,,,,,,
Swooty,FZF,TBG,SR345,,Den,3,W,3,2,28,22,11,15,5,2811,2,3,10.00,,,,FZF,,,,,,,,,,,,,,,
Afro,P7N,FAC,SR346,,Den,3,W,6,5,26,25,9,15,4,3284,1,2,10.02,,,,P7N,P7N,FAC,SR346,,Den,3,W,6,5,,,,,,
Beans,P7N,FAC,SR346,,Den,3,W,6,5,25,21,7,17,5,2974,4,6,10.02,,,,P7N,,,,,,,,,,,,,,,
DC,P7N,FAC,SR346,,Den,3,W,6,5,22,24,10,15,3,3150,1,1,10.02,,,,P7N,,,,,,,,,,,,,,,
ErikBoom,P7N,FAC,SR346,,Den,3,W,6,5,21,27,7,11,3,3299,0,1,10.02,,,,P7N,,,,,,,,,,,,,,,
Alluka,FAC,P7N,SR346,,Den,3,L,5,6,22,26,8,13,3,2969,2,5,10.02,,,,FAC,FAC,P7N,SR346,,Den,3,L,5,6,,,,,,
QK4B,FAC,P7N,SR346,,Den,3,L,5,6,30,21,6,21,5,3395,0,2,10.02,,,,FAC,,,,,,,,,,,,,,,
Roxas,FAC,P7N,SR346,,Den,3,L,5,6,23,26,7,19,4,2755,1,1,10.02,,,,FAC,,,,,,,,,,,,,,,
Standy,FAC,P7N,SR346,,Den,3,L,5,6,22,21,7,15,3,3040,2,5,10.02,,,,FAC,,,,,,,,,,,,,,,
Asim,OMB,FUN,SR347,,Scar,3,L,7,1,30,23,12,18,6,3455,2,6,10.00,,,,OMB,OMB,FUN,SR347,,Scar,3,L,7,1,,,,,,
Brack,OMB,FUN,SR347,,Scar,3,L,7,1,26,22,13,22,3,3764,2,1,10.00,,,,OMB,,,,,,,,,,,,,,,
Cammy,OMB,FUN,SR347,,Scar,3,L,7,1,40,22,10,32,9,4169,0,3,10.00,,,,OMB,,,,,,,,,,,,,,,
ReeaL,OMB,FUN,SR347,,Scar,3,L,7,1,22,27,7,17,3,3119,3,2,10.00,,,,OMB,,,,,,,,,,,,,,,
Gio,FUN,OMB,SR347,,Scar,3,L,1,7,23,24,10,17,3,2777,1,2,10.00,,,,FUN,FUN,OMB,SR347,,Scar,3,L,1,7,,,,,,
Mack,FUN,OMB,SR347,,Scar,3,L,1,7,23,34,9,14,3,3169,0,1,10.00,,,,FUN,,,,,,,,,,,,,,,
Uli,FUN,OMB,SR347,,Scar,3,L,1,7,29,31,6,15,5,3288,0,8,10.00,,,,FUN,,,,,,,,,,,,,,,
Vivid,FUN,OMB,SR347,,Scar,3,L,1,7,19,29,18,15,2,3252,0,1,10.00,,,,FUN,,,,,,,,,,,,,,,
Dak,DBC,FZF,SR348,,Scar,3,W,6,4,26,19,7,18,4,3234,2,2,0.00,,,,DBC,DBC,FZF,SR348,,Scar,3,W,6,4,,,,,,
Manny,DBC,FZF,SR348,,Scar,3,W,6,4,22,21,4,14,5,2640,2,2,0.00,,,,DBC,,,,,,,,,,,,,,,
Vik,DBC,FZF,SR348,,Scar,3,W,6,4,19,25,10,12,4,2811,1,1,0.00,,,,DBC,,,,,,,,,,,,,,,
Wrecks,DBC,FZF,SR348,,Scar,3,W,6,4,30,21,11,21,5,3493,1,1,0.00,,,,DBC,,,,,,,,,,,,,,,
GntL,FZF,DBC,SR348,,Scar,3,L,4,6,23,20,8,16,5,2919,1,3,0.00,,,,FZF,FZF,DBC,SR348,,Scar,3,L,4,6,,,,,,
KingAbody,FZF,DBC,SR348,,Scar,3,L,4,6,13,25,10,5,2,2067,2,1,0.00,,,,FZF,,,,,,,,,,,,,,,
KnoX,FZF,DBC,SR348,,Scar,3,L,4,6,26,26,8,20,4,2839,1,0,0.00,,,,FZF,,,,,,,,,,,,,,,
Swooty,FZF,DBC,SR348,,Scar,3,L,4,6,24,26,6,12,4,3517,0,0,0.00,,,,FZF,,,,,,,,,,,,,,,
Afro,P7N,FUN,SR349,,Exposure,3,W,5,2,29,19,4,14,4,3100,1,0,8.97,,,,P7N,P7N,FUN,SR349,,Exposure,3,W,5,2,,,,,,
Beans,P7N,FUN,SR349,,Exposure,3,W,5,2,19,20,6,9,3,2100,0,0,8.97,,,,P7N,,,,,,,,,,,,,,,
DC,P7N,FUN,SR349,,Exposure,3,W,5,2,21,19,5,10,3,2300,3,0,8.97,,,,P7N,,,,,,,,,,,,,,,
ErikBoom,P7N,FUN,SR349,,Exposure,3,W,5,2,18,23,6,9,3,2000,1,0,8.97,,,,P7N,,,,,,,,,,,,,,,
Gio,FUN,P7N,SR349,,Exposure,3,L,2,5,22,22,5,11,3,2400,0,0,8.97,,,,FUN,FUN,P7N,SR349,,Exposure,3,L,2,5,,,,,,
Mack,FUN,P7N,SR349,,Exposure,3,L,2,5,24,19,5,12,3,2600,1,0,8.97,,,,FUN,,,,,,,,,,,,,,,
Uli,FUN,P7N,SR349,,Exposure,3,L,2,5,17,25,6,8,3,1900,0,0,8.97,,,,FUN,,,,,,,,,,,,,,,
Vivid,FUN,P7N,SR349,,Exposure,3,L,2,5,18,21,6,9,3,2000,1,0,8.97,,,,FUN,,,,,,,,,,,,,,,
Alluka,FAC,OMB,SR350,,Scar,3,L,4,5,27,21,7,18,5,2999,2,7,8.98,,,,FAC,FAC,OMB,SR350,,Scar,3,L,4,5,,,,,,
QK4B,FAC,OMB,SR350,,Scar,3,L,4,5,24,24,7,15,3,3144,0,2,8.98,,,,FAC,,,,,,,,,,,,,,,
Roxas,FAC,OMB,SR350,,Scar,3,L,4,5,24,28,8,11,3,2974,0,3,8.98,,,,FAC,,,,,,,,,,,,,,,
Standy,FAC,OMB,SR350,,Scar,3,L,4,5,28,23,9,19,4,3171,2,2,8.98,,,,FAC,,,,,,,,,,,,,,,
Asim,OMB,FAC,SR350,,Scar,3,W,5,4,26,28,12,15,3,3592,2,3,8.98,,,,OMB,OMB,FAC,SR350,,Scar,3,W,5,4,,,,,,
Brack,OMB,FAC,SR350,,Scar,3,W,5,4,25,24,14,16,5,3156,1,3,8.98,,,,OMB,,,,,,,,,,,,,,,
Cammy,OMB,FAC,SR350,,Scar,3,W,5,4,27,25,5,16,7,3090,1,3,8.98,,,,OMB,,,,,,,,,,,,,,,
ReeaL,OMB,FAC,SR350,,Scar,3,W,5,4,18,26,8,10,3,2570,1,1,8.98,,,,OMB,,,,,,,,,,,,,,,
Abe,TBG,FFF,SR351,,Scar,3,W,3,1,26,25,7,18,4,3249,0,3,10.00,,,,TBG,TBG,FFF,SR351,,Scar,3,W,3,1,,,,,,
Fire,TBG,FFF,SR351,,Scar,3,W,3,1,26,19,7,20,3,2773,3,6,10.00,,,,TBG,,,,,,,,,,,,,,,
Owakening,TBG,FFF,SR351,,Scar,3,W,3,1,24,24,18,18,5,3873,0,4,10.00,,,,TBG,,,,,,,,,,,,,,,
Prolute,TBG,FFF,SR351,,Scar,3,W,3,1,25,24,8,16,4,2980,0,5,10.00,,,,TBG,,,,,,,,,,,,,,,
2Real,FFF,TBG,SR351,,Scar,3,L,1,3,21,29,13,12,3,3133,0,5,10.00,,,,FFF,FFF,TBG,SR351,,Scar,3,L,1,3,,,,,,
Arcitys,FFF,TBG,SR351,,Scar,3,L,1,3,18,25,11,10,3,2505,0,3,10.00,,,,FFF,,,,,,,,,,,,,,,
FeLo,FFF,TBG,SR351,,Scar,3,L,1,3,22,25,13,16,4,3172,1,2,10.00,,,,FFF,,,,,,,,,,,,,,,
PaulEhx,FFF,TBG,SR351,,Scar,3,L,1,3,29,23,12,21,4,3676,0,6,10.00,,,,FFF,,,,,,,,,,,,,,,
Denza,FFE,ORG,SR352,,Exposure,3,L,4,5,19,20,8,13,5,2410,2,1,8.25,,,,FFE,FFE,ORG,SR352,,Exposure,3,L,4,5,,,,,,
Detain,FFE,ORG,SR352,,Exposure,3,L,4,5,19,14,7,15,4,2216,0,1,8.25,,,,FFE,,,,,,,,,,,,,,,
Mighty,FFE,ORG,SR352,,Exposure,3,L,4,5,15,15,4,11,2,1806,0,1,8.25,,,,FFE,,,,,,,,,,,,,,,
Syqz,FFE,ORG,SR352,,Exposure,3,L,4,5,26,16,6,18,5,2791,3,3,8.25,,,,FFE,,,,,,,,,,,,,,,
Breszy,ORG,FFE,SR352,,Exposure,3,W,5,4,13,22,6,9,3,1785,0,0,8.25,,,,ORG,ORG,FFE,SR352,,Exposure,3,W,5,4,,,,,,
Cobra,ORG,FFE,SR352,,Exposure,3,W,5,4,15,19,7,9,2,2182,2,0,8.25,,,,ORG,,,,,,,,,,,,,,,
Lynz,ORG,FFE,SR352,,Exposure,3,W,5,4,21,21,6,14,4,2564,1,2,8.25,,,,ORG,,,,,,,,,,,,,,,
Melko,ORG,FFE,SR352,,Exposure,3,W,5,4,16,17,6,10,7,2400,1,0,8.25,,,,ORG,,,,,,,,,,,,,,,
Blade,ABL,MAJ,SR353,,Scar,3,W,8,0,21,20,11,15,4,2556,2,4,8.13,,,,ABL,ABL,MAJ,SR353,,Scar,3,W,8,0,,,,,,
Clutch,ABL,MAJ,SR353,,Scar,3,W,8,0,20,17,9,12,4,2396,4,0,8.13,,,,ABL,,,,,,,,,,,,,,,
dk,ABL,MAJ,SR353,,Scar,3,W,8,0,40,13,8,37,8,3804,2,0,8.13,,,,ABL,,,,,,,,,,,,,,,
Scythe,ABL,MAJ,SR353,,Scar,3,W,8,0,29,17,12,20,5,3555,0,1,8.13,,,,ABL,,,,,,,,,,,,,,,
Henry,MAJ,ABL,SR353,,Scar,3,L,0,8,26,27,6,17,4,3287,0,2,8.13,,,,MAJ,MAJ,ABL,SR353,,Scar,3,L,0,8,,,,,,
Lqgend,MAJ,ABL,SR353,,Scar,3,L,0,8,15,29,11,6,2,2408,0,2,8.13,,,,MAJ,,,,,,,,,,,,,,,
Twisted,MAJ,ABL,SR353,,Scar,3,L,0,8,13,28,6,6,3,2109,0,2,8.13,,,,MAJ,,,,,,,,,,,,,,,
Wailers,MAJ,ABL,SR353,,Scar,3,L,0,8,13,26,6,6,2,2116,0,2,8.13,,,,MAJ,,,,,,,,,,,,,,,
D7oomx,ROC,P7E,SR354,,Scar,3,W,2,1,31,25,14,20,4,3739,0,1,11.95,,,,ROC,ROC,P7E,SR354,,Scar,3,W,2,1,,,,,,
D7om,ROC,P7E,SR354,,Scar,3,W,2,1,35,27,6,25,5,3713,0,4,11.95,,,,ROC,,,,,,,,,,,,,,,
Khhx,ROC,P7E,SR354,,Scar,3,W,2,1,30,23,11,23,5,3672,0,0,11.95,,,,ROC,,,,,,,,,,,,,,,
Rxld,ROC,P7E,SR354,,Scar,3,W,2,1,18,29,12,11,4,2618,1,6,11.95,,,,ROC,,,,,,,,,,,,,,,
Aspekt,P7E,ROC,SR354,,Scar,3,L,1,2,23,31,5,12,3,2795,0,2,11.95,,,,P7E,P7E,ROC,SR354,,Scar,3,L,1,2,,,,,,
FDot,P7E,ROC,SR354,,Scar,3,L,1,2,24,31,15,12,3,3692,1,4,11.95,,,,P7E,,,,,,,,,,,,,,,
Harry,P7E,ROC,SR354,,Scar,3,L,1,2,29,24,12,20,3,3786,0,2,11.95,,,,P7E,,,,,,,,,,,,,,,
Mythix,P7E,ROC,SR354,,Scar,3,L,1,2,28,28,7,17,4,2825,0,4,11.95,,,,P7E,,,,,,,,,,,,,,,
Breszy,ORG,ABL,SR355,,Den,3,L,5,5,23,29,6,16,4,2756,1,2,10.32,,,,ORG,ORG,ABL,SR355,,Den,3,L,5,5,,,,,,
Cobra,ORG,ABL,SR355,,Den,3,L,5,5,24,27,13,13,4,3469,2,2,10.32,,,,ORG,,,,,,,,,,,,,,,
Lynz,ORG,ABL,SR355,,Den,3,L,5,5,24,32,11,16,3,3500,1,2,10.32,,,,ORG,,,,,,,,,,,,,,,
Melko,ORG,ABL,SR355,,Den,3,L,5,5,27,22,7,18,5,3546,1,3,10.32,,,,ORG,,,,,,,,,,,,,,,
Blade,ABL,ORG,SR355,,Den,3,W,5,5,29,22,11,19,4,3705,0,0,10.32,,,,ABL,ABL,ORG,SR355,,Den,3,W,5,5,,,,,,
Clutch,ABL,ORG,SR355,,Den,3,W,5,5,24,26,13,16,3,3047,4,4,10.32,,,,ABL,,,,,,,,,,,,,,,
dk,ABL,ORG,SR355,,Den,3,W,5,5,27,23,7,17,8,2925,1,1,10.32,,,,ABL,,,,,,,,,,,,,,,
Scythe,ABL,ORG,SR355,,Den,3,W,5,5,30,27,11,17,4,3723,0,0,10.32,,,,ABL,,,,,,,,,,,,,,,
Afro,P7N,FFF,SR356,,Den,3,W,5,2,28,23,8,17,5,3179,1,1,10.00,,,,P7N,P7N,FFF,SR356,,Den,3,W,5,2,,,,,,
Beans,P7N,FFF,SR356,,Den,3,W,5,2,21,24,15,15,4,3123,2,2,10.00,,,,P7N,,,,,,,,,,,,,,,
DC,P7N,FFF,SR356,,Den,3,W,5,2,25,20,8,18,3,3324,0,5,10.00,,,,P7N,,,,,,,,,,,,,,,
ErikBoom,P7N,FFF,SR356,,Den,3,W,5,2,25,22,9,18,5,3040,2,1,10.00,,,,P7N,,,,,,,,,,,,,,,
2Real,FFF,P7N,SR356,,Den,3,L,2,5,18,26,10,11,2,2775,1,2,10.00,,,,FFF,FFF,P7N,SR356,,Den,3,L,2,5,,,,,,
Arcitys,FFF,P7N,SR356,,Den,3,L,2,5,18,24,13,12,3,2859,1,5,10.00,,,,FFF,,,,,,,,,,,,,,,
FeLo,FFF,P7N,SR356,,Den,3,L,2,5,27,23,11,17,4,3270,0,4,10.00,,,,FFF,,,,,,,,,,,,,,,
PaulEhx,FFF,P7N,SR356,,Den,3,L,2,5,24,28,12,15,4,3922,0,0,10.00,,,,FFF,,,,,,,,,,,,,,,
Alluka,FAC,TBG,SR357,,Scar,3,L,4,2,22,28,9,14,3,3164,1,3,10.27,,,,FAC,FAC,TBG,SR357,,Scar,3,L,4,2,,,,,,
QK4B,FAC,TBG,SR357,,Scar,3,L,4,2,33,24,12,21,5,4295,1,2,10.27,,,,FAC,,,,,,,,,,,,,,,
Roxas,FAC,TBG,SR357,,Scar,3,L,4,2,31,26,9,24,6,3538,2,3,10.27,,,,FAC,,,,,,,,,,,,,,,
Standy,FAC,TBG,SR357,,Scar,3,L,4,2,28,24,4,19,5,2936,0,3,10.27,,,,FAC,,,,,,,,,,,,,,,
Abe,TBG,FAC,SR357,,Scar,3,L,2,4,32,26,7,22,4,3395,1,1,10.27,,,,TBG,TBG,FAC,SR357,,Scar,3,L,2,4,,,,,,
Fire,TBG,FAC,SR357,,Scar,3,L,2,4,22,29,15,15,2,2978,1,2,10.27,,,,TBG,,,,,,,,,,,,,,,
Owakening,TBG,FAC,SR357,,Scar,3,L,2,4,20,31,20,13,3,3779,0,2,10.27,,,,TBG,,,,,,,,,,,,,,,
Prolute,TBG,FAC,SR357,,Scar,3,L,2,4,28,29,6,20,3,3221,0,4,10.27,,,,TBG,,,,,,,,,,,,,,,
Asim,OMB,P7N,SR358,,Exposure,3,L,4,5,22,27,8,16,3,2811,0,2,10.00,,,,OMB,OMB,P7N,SR358,,Exposure,3,L,4,5,,,,,,
Brack,OMB,P7N,SR358,,Exposure,3,L,4,5,19,23,8,12,3,2561,1,3,10.00,,,,OMB,,,,,,,,,,,,,,,
Cammy,OMB,P7N,SR358,,Exposure,3,L,4,5,22,24,10,15,4,3245,2,0,10.00,,,,OMB,,,,,,,,,,,,,,,
ReeaL,OMB,P7N,SR358,,Exposure,3,L,4,5,18,27,4,11,3,2158,1,1,10.00,,,,OMB,,,,,,,,,,,,,,,
Afro,P7N,OMB,SR358,,Exposure,3,W,5,4,25,19,10,15,6,3123,1,2,10.00,,,,P7N,P7N,OMB,SR358,,Exposure,3,W,5,4,,,,,,
Beans,P7N,OMB,SR358,,Exposure,3,W,5,4,25,22,10,19,4,3174,1,1,10.00,,,,P7N,,,,,,,,,,,,,,,
DC,P7N,OMB,SR358,,Exposure,3,W,5,4,28,20,8,23,6,3066,0,1,10.00,,,,P7N,,,,,,,,,,,,,,,
ErikBoom,P7N,OMB,SR358,,Exposure,3,W,5,4,21,20,8,15,4,2559,3,3,10.00,,,,P7N,,,,,,,,,,,,,,,
Asim,OMB,DBC,SR359,,Scar,3,W,7,2,20,26,14,11,3,2788,0,1,10.30,,,,OMB,OMB,DBC,SR359,,Scar,3,W,7,2,,,,,,
Brack,OMB,DBC,SR359,,Scar,3,W,7,2,28,27,11,20,3,3709,1,3,10.30,,,,OMB,,,,,,,,,,,,,,,
Cammy,OMB,DBC,SR359,,Scar,3,W,7,2,32,22,10,27,10,3721,3,4,10.30,,,,OMB,,,,,,,,,,,,,,,
ReeaL,OMB,DBC,SR359,,Scar,3,W,7,2,33,21,9,25,4,3661,3,0,10.30,,,,OMB,,,,,,,,,,,,,,,
Dak,DBC,OMB,SR359,,Scar,3,L,2,7,18,30,12,10,3,2942,0,1,10.30,,,,DBC,DBC,OMB,SR359,,Scar,3,L,2,7,,,,,,
Manny,DBC,OMB,SR359,,Scar,3,L,2,7,24,29,9,19,4,3157,1,1,10.30,,,,DBC,,,,,,,,,,,,,,,
Vik,DBC,OMB,SR359,,Scar,3,L,2,7,23,27,14,18,3,3080,1,2,10.30,,,,DBC,,,,,,,,,,,,,,,
Wrecks,DBC,OMB,SR359,,Scar,3,L,2,7,31,28,10,20,4,3453,0,4,10.30,,,,DBC,,,,,,,,,,,,,,,
D7oomx,ROC,ORG,SR360,,Den,3,W,5,0,23,12,6,19,4,2877,3,2,8.17,,,,ROC,ROC,ORG,SR360,,Den,3,W,5,0,,,,,,
D7om,ROC,ORG,SR360,,Den,3,W,5,0,26,17,7,18,4,2738,1,5,8.17,,,,ROC,,,,,,,,,,,,,,,
Khhx,ROC,ORG,SR360,,Den,3,W,5,0,17,13,11,13,3,2051,1,1,8.17,,,,ROC,,,,,,,,,,,,,,,
Rxld,ROC,ORG,SR360,,Den,3,W,5,0,31,17,5,21,4,3597,0,6,8.17,,,,ROC,,,,,,,,,,,,,,,
Breszy,ORG,ROC,SR360,,Den,3,L,0,5,12,25,7,4,2,2162,0,1,8.17,,,,ORG,ORG,ROC,SR360,,Den,3,L,0,5,,,,,,
Cobra,ORG,ROC,SR360,,Den,3,L,0,5,16,23,7,8,2,2407,0,3,8.17,,,,ORG,,,,,,,,,,,,,,,
Lynz,ORG,ROC,SR360,,Den,3,L,0,5,15,24,4,11,2,1778,0,3,8.17,,,,ORG,,,,,,,,,,,,,,,
Melko,ORG,ROC,SR360,,Den,3,L,0,5,15,25,9,8,3,2067,0,1,8.17,,,,ORG,,,,,,,,,,,,,,,
Alluka,FAC,P7N,SR361,,Den,3,L,2,4,25,24,5,16,5,3056,0,4,10.00,,,,FAC,FAC,P7N,SR361,,Den,3,L,2,4,,,,,,
QK4B,FAC,P7N,SR361,,Den,3,L,2,4,27,21,11,20,5,3566,1,5,10.00,,,,FAC,,,,,,,,,,,,,,,
Roxas,FAC,P7N,SR361,,Den,3,L,2,4,25,24,8,16,4,3312,0,2,10.00,,,,FAC,,,,,,,,,,,,,,,
Standy,FAC,P7N,SR361,,Den,3,L,2,4,16,27,11,8,2,2097,1,1,10.00,,,,FAC,,,,,,,,,,,,,,,
Afro,P7N,FAC,SR361,,Den,3,W,4,2,21,27,6,14,4,3123,1,2,10.00,,,,P7N,P7N,FAC,SR361,,Den,3,W,4,2,,,,,,
Beans,P7N,FAC,SR361,,Den,3,W,4,2,23,20,12,20,3,3081,1,4,10.00,,,,P7N,,,,,,,,,,,,,,,
DC,P7N,FAC,SR361,,Den,3,W,4,2,21,23,10,14,3,2928,0,1,10.00,,,,P7N,,,,,,,,,,,,,,,
ErikBoom,P7N,FAC,SR361,,Den,3,W,4,2,31,23,6,20,5,3267,2,5,10.00,,,,P7N,,,,,,,,,,,,,,,
Aspekt,P7E,ROC,SR362,,Scar,3,W,4,4,29,29,6,17,6,3694,0,1,10.78,,,,P7E,P7E,ROC,SR362,,Scar,3,W,4,4,,,,,,
FDot,P7E,ROC,SR362,,Scar,3,W,4,4,23,29,7,18,2,2886,2,3,10.78,,,,P7E,,,,,,,,,,,,,,,
Harry,P7E,ROC,SR362,,Scar,3,W,4,4,30,21,9,22,4,3904,1,1,10.78,,,,P7E,,,,,,,,,,,,,,,
Mythix,P7E,ROC,SR362,,Scar,3,W,4,4,22,23,11,16,3,3091,1,3,10.78,,,,P7E,,,,,,,,,,,,,,,
D7oomx,ROC,P7E,SR362,,Scar,3,L,4,4,20,24,9,14,3,2847,0,4,10.78,,,,ROC,ROC,P7E,SR362,,Scar,3,L,4,4,,,,,,
D7om,ROC,P7E,SR362,,Scar,3,L,4,4,33,25,9,22,7,4044,1,3,10.78,,,,ROC,,,,,,,,,,,,,,,
Khhx,ROC,P7E,SR362,,Scar,3,L,4,4,25,24,6,17,5,2693,3,4,10.78,,,,ROC,,,,,,,,,,,,,,,
Rxld,ROC,P7E,SR362,,Scar,3,L,4,4,24,31,11,13,4,3445,0,2,10.78,,,,ROC,,,,,,,,,,,,,,,
,P7E,ROC,SR362,,,6,,,,,,,,,,,,0.00,,,,P7E,P7E,ROC,SR362,,,6,,,,,,,,,
,P7E,ROC,SR362,,,6,,,,,,,,,,,,0.00,,,,P7E,,,,,,,,,,,,,,,
,P7E,ROC,SR362,,,6,,,,,,,,,,,,0.00,,,,P7E,,,,,,,,,,,,,,,
,P7E,ROC,SR362,,,6,,,,,,,,,,,,0.00,,,,P7E,,,,,,,,,,,,,,,
,ROC,P7E,SR362,,,6,,,,,,,,,,,,0.00,,,,ROC,ROC,P7E,SR362,,,6,,,,,,,,,
,ROC,P7E,SR362,,,6,,,,,,,,,,,,0.00,,,,ROC,,,,,,,,,,,,,,,
,ROC,P7E,SR362,,,6,,,,,,,,,,,,0.00,,,,ROC,,,,,,,,,,,,,,,
,ROC,P7E,SR362,,,6,,,,,,,,,,,,0.00,,,,ROC,,,,,,,,,,,,,,,
Abe,TBG,P7N,SR363,,Exposure,3,W,5,4,25,16,6,21,7,2698,3,4,9.08,,,,TBG,TBG,P7N,SR363,,Exposure,3,W,5,4,,,,,,
Fire,TBG,P7N,SR363,,Exposure,3,W,5,4,22,15,6,18,10,2408,1,3,9.08,,,,TBG,,,,,,,,,,,,,,,
Owakening,TBG,P7N,SR363,,Exposure,3,W,5,4,18,20,7,14,4,2647,0,3,9.08,,,,TBG,,,,,,,,,,,,,,,
Prolute,TBG,P7N,SR363,,Exposure,3,W,5,4,17,21,10,11,4,2781,1,1,9.08,,,,TBG,,,,,,,,,,,,,,,
Afro,P7N,TBG,SR363,,Exposure,3,W,4,5,20,23,9,14,3,2679,0,2,9.08,,,,P7N,P7N,TBG,SR363,,Exposure,3,W,4,5,,,,,,
Beans,P7N,TBG,SR363,,Exposure,3,W,4,5,12,21,5,8,5,2076,2,1,9.08,,,,P7N,,,,,,,,,,,,,,,
DC,P7N,TBG,SR363,,Exposure,3,W,4,5,23,20,5,16,7,2880,1,2,9.08,,,,P7N,,,,,,,,,,,,,,,
ErikBoom,P7N,TBG,SR363,,Exposure,3,W,4,5,17,19,4,12,3,2239,1,4,9.08,,,,P7N,,,,,,,,,,,,,,,
Abe,TBG,P7N,SR363,,Scar,6,L,5,3,27,25,15,16,6,3334,0,1,10.05,,,,TBG,TBG,P7N,SR363,,Scar,6,L,5,3,,,,,,
Fire,TBG,P7N,SR363,,Scar,6,L,5,3,30,22,8,23,4,3624,2,12,10.05,,,,TBG,,,,,,,,,,,,,,,
Owakening,TBG,P7N,SR363,,Scar,6,L,5,3,30,25,18,24,4,4134,1,3,10.05,,,,TBG,,,,,,,,,,,,,,,
Prolute,TBG,P7N,SR363,,Scar,6,L,5,3,26,26,4,15,2,2955,2,5,10.05,,,,TBG,,,,,,,,,,,,,,,
Afro,P7N,TBG,SR363,,Scar,6,L,3,5,17,28,15,9,3,2735,1,2,10.05,,,,P7N,P7N,TBG,SR363,,Scar,6,L,3,5,,,,,,
Beans,P7N,TBG,SR363,,Scar,6,L,3,5,33,27,7,19,3,3416,1,2,10.05,,,,P7N,,,,,,,,,,,,,,,
DC,P7N,TBG,SR363,,Scar,6,L,3,5,21,27,12,15,5,3330,0,3,10.05,,,,P7N,,,,,,,,,,,,,,,
ErikBoom,P7N,TBG,SR363,,Scar,6,L,3,5,27,31,8,12,4,3493,1,6,10.05,,,,P7N,,,,,,,,,,,,,,,
,BEL,BLV,SR364,,,3,,,,,,,,,,,,0.00,,,,BEL,BEL,BLV,SR364,,,3,,,,,,,,,
,BEL,BLV,SR364,,,3,,,,,,,,,,,,0.00,,,,BEL,,,,,,,,,,,,,,,
,BEL,BLV,SR364,,,3,,,,,,,,,,,,0.00,,,,BEL,,,,,,,,,,,,,,,
,BEL,BLV,SR364,,,3,,,,,,,,,,,,0.00,,,,BEL,,,,,,,,,,,,,,,
,BLV,BEL,SR364,,,3,,,,,,,,,,,,0.00,,,,BLV,BLV,BEL,SR364,,,3,,,,,,,,,
,BLV,BEL,SR364,,,3,,,,,,,,,,,,0.00,,,,BLV,,,,,,,,,,,,,,,
,BLV,BEL,SR364,,,3,,,,,,,,,,,,0.00,,,,BLV,,,,,,,,,,,,,,,
,BLV,BEL,SR364,,,3,,,,,,,,,,,,0.00,,,,BLV,,,,,,,,,,,,,,,
,SUR,FDB,SR365,,,3,,,,,,,,,,,,0.00,,,,SUR,SUR,FDB,SR365,,,3,,,,,,,,,
,SUR,FDB,SR365,,,3,,,,,,,,,,,,0.00,,,,SUR,,,,,,,,,,,,,,,
,SUR,FDB,SR365,,,3,,,,,,,,,,,,0.00,,,,SUR,,,,,,,,,,,,,,,
,SUR,FDB,SR365,,,3,,,,,,,,,,,,0.00,,,,SUR,,,,,,,,,,,,,,,
,FDB,SUR,SR365,,,3,,,,,,,,,,,,0.00,,,,FDB,FDB,SUR,SR365,,,3,,,,,,,,,
,FDB,SUR,SR365,,,3,,,,,,,,,,,,0.00,,,,FDB,,,,,,,,,,,,,,,
,FDB,SUR,SR365,,,3,,,,,,,,,,,,0.00,,,,FDB,,,,,,,,,,,,,,,
,FDB,SUR,SR365,,,3,,,,,,,,,,,,0.00,,,,FDB,,,,,,,,,,,,,,,
Synical,SRM,EBU,SR366,,Den,3,L,4,6,21,28,10,15,3,2760,0,1,10.35,,,,SRM,SRM,EBU,SR366,,Den,3,L,4,6,,,,,,
Elzo,SRM,EBU,SR366,,Den,3,L,4,6,27,26,9,19,4,3094,2,3,10.35,,,,SRM,,,,,,,,,,,,,,,
Eros,SRM,EBU,SR366,,Den,3,L,4,6,19,26,5,13,3,2655,2,2,10.35,,,,SRM,,,,,,,,,,,,,,,
Audacity,SRM,EBU,SR366,,Den,3,L,4,6,29,25,10,21,7,3571,0,4,10.35,,,,SRM,,,,,,,,,,,,,,,
Quake,EBU,SRM,SR366,,Den,3,W,6,4,21,28,10,17,3,3122,1,2,10.35,,,,EBU,EBU,SRM,SR366,,Den,3,W,6,4,,,,,,
Gezi,EBU,SRM,SR366,,Den,3,W,6,4,27,26,8,16,5,3181,0,2,10.35,,,,EBU,,,,,,,,,,,,,,,
Djyoses,EBU,SRM,SR366,,Den,3,W,6,4,25,22,9,20,5,3480,2,4,10.35,,,,EBU,,,,,,,,,,,,,,,
Midgxt,EBU,SRM,SR366,,Den,3,W,6,4,32,21,7,25,6,3133,3,6,10.35,,,,EBU,,,,,,,,,,,,,,,
JSN,CIM,NEI,SR367,,Scar,3,W,6,1,24,23,10,19,6,3197,2,2,10.02,,,,CIM,CIM,NEI,SR367,,Scar,3,W,6,1,,,,,,
Challenger 130,CIM,NEI,SR367,,Scar,3,W,6,1,33,28,12,19,7,4122,1,1,10.02,,,,CIM,,,,,,,,,,,,,,,
11,CIM,NEI,SR367,,Scar,3,W,6,1,29,20,5,19,5,3109,1,0,10.02,,,,CIM,,,,,,,,,,,,,,,
Lewis,CIM,NEI,SR367,,Scar,3,W,6,1,30,23,12,22,6,3569,2,2,10.02,,,,CIM,,,,,,,,,,,,,,,
Challenger 131,NEI,CIM,SR367,,Scar,3,L,1,6,24,28,8,13,4,3145,0,3,10.02,,,,NEI,NEI,CIM,SR367,,Scar,3,L,1,6,,,,,,
Challenger 132,NEI,CIM,SR367,,Scar,3,L,1,6,32,32,8,15,4,3851,0,2,10.02,,,,NEI,,,,,,,,,,,,,,,
Challenger 133,NEI,CIM,SR367,,Scar,3,L,1,6,22,28,8,15,3,2649,0,4,10.02,,,,NEI,,,,,,,,,,,,,,,
Challenger 134,NEI,CIM,SR367,,Scar,3,L,1,6,15,28,6,8,2,2199,1,1,10.02,,,,NEI,,,,,,,,,,,,,,,
,FXR,ALL,SR368,,,3,L,,,,,,,,,,,0.00,,,,FXR,FXR,ALL,SR368,,,3,L,,,,,,,,
,FXR,ALL,SR368,,,3,L,,,,,,,,,,,0.00,,,,FXR,,,,,,,,,,,,,,,
,FXR,ALL,SR368,,,3,L,,,,,,,,,,,0.00,,,,FXR,,,,,,,,,,,,,,,
,FXR,ALL,SR368,,,3,L,,,,,,,,,,,0.00,,,,FXR,,,,,,,,,,,,,,,
,ALL,FXR,SR368,,,3,L,,,,,,,,,,,0.00,,,,ALL,ALL,FXR,SR368,,,3,L,,,,,,,,
,ALL,FXR,SR368,,,3,L,,,,,,,,,,,0.00,,,,ALL,,,,,,,,,,,,,,,
,ALL,FXR,SR368,,,3,L,,,,,,,,,,,0.00,,,,ALL,,,,,,,,,,,,,,,
,ALL,FXR,SR368,,,3,L,,,,,,,,,,,0.00,,,,ALL,,,,,,,,,,,,,,,
,RET,FUN,SR369,,,3,L,,,,,,,,,,,0.00,,,,RET,RET,FUN,SR369,,,3,L,,,,,,,,
,RET,FUN,SR369,,,3,L,,,,,,,,,,,0.00,,,,RET,,,,,,,,,,,,,,,
,RET,FUN,SR369,,,3,L,,,,,,,,,,,0.00,,,,RET,,,,,,,,,,,,,,,
,RET,FUN,SR369,,,3,L,,,,,,,,,,,0.00,,,,RET,,,,,,,,,,,,,,,
,FUN,RET,SR369,,,3,L,,,,,,,,,,,0.00,,,,FUN,FUN,RET,SR369,,,3,L,,,,,,,,
,FUN,RET,SR369,,,3,L,,,,,,,,,,,0.00,,,,FUN,,,,,,,,,,,,,,,
,FUN,RET,SR369,,,3,L,,,,,,,,,,,0.00,,,,FUN,,,,,,,,,,,,,,,
,FUN,RET,SR369,,,3,L,,,,,,,,,,,0.00,,,,FUN,,,,,,,,,,,,,,,
,CHE,TBG,SR370,,,3,L,,,,,,,,,,,0.00,,,,CHE,CHE,TBG,SR370,,,3,L,,,,,,,,
,CHE,TBG,SR370,,,3,L,,,,,,,,,,,0.00,,,,CHE,,,,,,,,,,,,,,,
,CHE,TBG,SR370,,,3,L,,,,,,,,,,,0.00,,,,CHE,,,,,,,,,,,,,,,
,CHE,TBG,SR370,,,3,L,,,,,,,,,,,0.00,,,,CHE,,,,,,,,,,,,,,,
,TBG,CHE,SR370,,,3,L,,,,,,,,,,,0.00,,,,TBG,TBG,CHE,SR370,,,3,L,,,,,,,,
,TBG,CHE,SR370,,,3,L,,,,,,,,,,,0.00,,,,TBG,,,,,,,,,,,,,,,
,TBG,CHE,SR370,,,3,L,,,,,,,,,,,0.00,,,,TBG,,,,,,,,,,,,,,,
,TBG,CHE,SR370,,,3,L,,,,,,,,,,,0.00,,,,TBG,,,,,,,,,,,,,,,
,CRY,,SR371,,,3,L,,,,,,,,,,,0.00,,,,CRY,CRY,,SR371,,,3,L,,,,,,,,
,CRY,,SR371,,,3,L,,,,,,,,,,,0.00,,,,CRY,,,,,,,,,,,,,,,
,CRY,,SR371,,,3,L,,,,,,,,,,,0.00,,,,CRY,,,,,,,,,,,,,,,
,CRY,,SR371,,,3,L,,,,,,,,,,,0.00,,,,CRY,,,,,,,,,,,,,,,
,,CRY,SR371,,,3,L,,,,,,,,,,,0.00,,,,,,CRY,SR371,,,3,L,,,,,,,,
,,CRY,SR371,,,3,L,,,,,,,,,,,0.00,,,,,,,,,,,,,,,,,,,
,,CRY,SR371,,,3,L,,,,,,,,,,,0.00,,,,,,,,,,,,,,,,,,,
,,CRY,SR371,,,3,L,,,,,,,,,,,0.00,,,,,,,,,,,,,,,,,,,
,SME,TGX,SR372,,,3,L,,,,,,,,,,,0.00,,,,SME,SME,TGX,SR372,,,3,L,,,,,,,,
,SME,TGX,SR372,,,3,L,,,,,,,,,,,0.00,,,,SME,,,,,,,,,,,,,,,
,SME,TGX,SR372,,,3,L,,,,,,,,,,,0.00,,,,SME,,,,,,,,,,,,,,,
,SME,TGX,SR372,,,3,L,,,,,,,,,,,0.00,,,,SME,,,,,,,,,,,,,,,
,TGX,SME,SR372,,,3,L,,,,,,,,,,,0.00,,,,TGX,TGX,SME,SR372,,,3,L,,,,,,,,
,TGX,SME,SR372,,,3,L,,,,,,,,,,,0.00,,,,TGX,,,,,,,,,,,,,,,
,TGX,SME,SR372,,,3,L,,,,,,,,,,,0.00,,,,TGX,,,,,,,,,,,,,,,
,TGX,SME,SR372,,,3,L,,,,,,,,,,,0.00,,,,TGX,,,,,,,,,,,,,,,
,EBU,P7E,SR373,,,3,L,,,,,,,,,,,0.00,,,,EBU,EBU,P7E,SR373,,,3,L,,,,,,,,
,EBU,P7E,SR373,,,3,L,,,,,,,,,,,0.00,,,,EBU,,,,,,,,,,,,,,,
,EBU,P7E,SR373,,,3,L,,,,,,,,,,,0.00,,,,EBU,,,,,,,,,,,,,,,
,EBU,P7E,SR373,,,3,L,,,,,,,,,,,0.00,,,,EBU,,,,,,,,,,,,,,,
,P7E,EBU,SR373,,,3,L,,,,,,,,,,,0.00,,,,P7E,P7E,EBU,SR373,,,3,L,,,,,,,,
,P7E,EBU,SR373,,,3,L,,,,,,,,,,,0.00,,,,P7E,,,,,,,,,,,,,,,
,P7E,EBU,SR373,,,3,L,,,,,,,,,,,0.00,,,,P7E,,,,,,,,,,,,,,,
,P7E,EBU,SR373,,,3,L,,,,,,,,,,,0.00,,,,P7E,,,,,,,,,,,,,,,
,TBG,TRN,SR374,,,3,L,,,,,,,,,,,0.00,,,,TBG,TBG,TRN,SR374,,,3,L,,,,,,,,
,TBG,TRN,SR374,,,3,L,,,,,,,,,,,0.00,,,,TBG,,,,,,,,,,,,,,,
,TBG,TRN,SR374,,,3,L,,,,,,,,,,,0.00,,,,TBG,,,,,,,,,,,,,,,
,TBG,TRN,SR374,,,3,L,,,,,,,,,,,0.00,,,,TBG,,,,,,,,,,,,,,,
,TRN,TBG,SR374,,,3,L,,,,,,,,,,,0.00,,,,TRN,TRN,TBG,SR374,,,3,L,,,,,,,,
,TRN,TBG,SR374,,,3,L,,,,,,,,,,,0.00,,,,TRN,,,,,,,,,,,,,,,
,TRN,TBG,SR374,,,3,L,,,,,,,,,,,0.00,,,,TRN,,,,,,,,,,,,,,,
,TRN,TBG,SR374,,,3,L,,,,,,,,,,,0.00,,,,TRN,,,,,,,,,,,,,,,
,OBV,STA,SR375,,,3,L,,,,,,,,,,,0.00,,,,OBV,OBV,STA,SR375,,,3,L,,,,,,,,
,OBV,STA,SR375,,,3,L,,,,,,,,,,,0.00,,,,OBV,,,,,,,,,,,,,,,
,OBV,STA,SR375,,,3,L,,,,,,,,,,,0.00,,,,OBV,,,,,,,,,,,,,,,
,OBV,STA,SR375,,,3,L,,,,,,,,,,,0.00,,,,OBV,,,,,,,,,,,,,,,
,STA,OBV,SR375,,,3,L,,,,,,,,,,,0.00,,,,STA,STA,OBV,SR375,,,3,L,,,,,,,,
,STA,OBV,SR375,,,3,L,,,,,,,,,,,0.00,,,,STA,,,,,,,,,,,,,,,
,STA,OBV,SR375,,,3,L,,,,,,,,,,,0.00,,,,STA,,,,,,,,,,,,,,,
,STA,OBV,SR375,,,3,L,,,,,,,,,,,0.00,,,,STA,,,,,,,,,,,,,,,
,,EXO,SR376,,,3,L,,,,,,,,,,,0.00,,,,,,EXO,SR376,,,3,L,,,,,,,,
,,EXO,SR376,,,3,L,,,,,,,,,,,0.00,,,,,,,,,,,,,,,,,,,
,,EXO,SR376,,,3,L,,,,,,,,,,,0.00,,,,,,,,,,,,,,,,,,,
,,EXO,SR376,,,3,L,,,,,,,,,,,0.00,,,,,,,,,,,,,,,,,,,
,EXO,,SR376,,,3,L,,,,,,,,,,,0.00,,,,EXO,EXO,,SR376,,,3,L,,,,,,,,
,EXO,,SR376,,,3,L,,,,,,,,,,,0.00,,,,EXO,,,,,,,,,,,,,,,
,EXO,,SR376,,,3,L,,,,,,,,,,,0.00,,,,EXO,,,,,,,,,,,,,,,
,EXO,,SR376,,,3,L,,,,,,,,,,,0.00,,,,EXO,,,,,,,,,,,,,,,
,,,SR377,,,3,L,,,,,,,,,,,0.00,,,,,,,SR377,,,3,L,,,,,,,,
,,,SR377,,,3,L,,,,,,,,,,,0.00,,,,,,,,,,,,,,,,,,,
,,,SR377,,,3,L,,,,,,,,,,,0.00,,,,,,,,,,,,,,,,,,,
,,,SR377,,,3,L,,,,,,,,,,,0.00,,,,,,,,,,,,,,,,,,,
,,,SR377,,,3,L,,,,,,,,,,,0.00,,,,,,,SR377,,,3,L,,,,,,,,
,,,SR377,,,3,L,,,,,,,,,,,0.00,,,,,,,,,,,,,,,,,,,
,,,SR377,,,3,L,,,,,,,,,,,0.00,,,,,,,,,,,,,,,,,,,
,,,SR377,,,3,L,,,,,,,,,,,0.00,,,,,,,,,,,,,,,,,,,
Powerhouse,BEL,ALL,SR378,,Den,3,W,5,2,16,18,9,11,2,2102,1,0,9.55,,,,BEL,BEL,ALL,SR378,,Den,3,W,5,2,,,,,,
DylanCOD,BEL,ALL,SR378,,Den,3,W,5,2,36,22,10,21,5,3989,0,2,9.55,,,,BEL,,,,,,,,,,,,,,,
JMeemo,BEL,ALL,SR378,,Den,3,W,5,2,32,21,11,24,7,3315,2,3,9.55,,,,BEL,,,,,,,,,,,,,,,
ManLikeRyan,BEL,ALL,SR378,,Den,3,W,5,2,26,19,9,16,4,2884,2,5,9.55,,,,BEL,,,,,,,,,,,,,,,
Dizzyy,ALL,BEL,SR378,,Den,3,L,2,5,13,28,10,6,2,1874,1,4,9.55,,,,ALL,ALL,BEL,SR378,,Den,3,L,2,5,,,,,,
NiveA,ALL,BEL,SR378,,Den,3,L,2,5,18,26,6,11,3,2281,0,0,9.55,,,,ALL,,,,,,,,,,,,,,,
VeeQ,ALL,BEL,SR378,,Den,3,L,2,5,27,30,10,18,4,3177,0,2,9.55,,,,ALL,,,,,,,,,,,,,,,
Tezcat,ALL,BEL,SR378,,Den,3,L,2,5,20,26,10,12,3,2523,1,1,9.55,,,,ALL,,,,,,,,,,,,,,,
,HUN,L8U,SR379,,,3,L,,,,,,,,,,,0.00,,,,HUN,HUN,L8U,SR379,,,3,L,,,,,,,,
,HUN,L8U,SR379,,,3,L,,,,,,,,,,,0.00,,,,HUN,,,,,,,,,,,,,,,
,HUN,L8U,SR379,,,3,L,,,,,,,,,,,0.00,,,,HUN,,,,,,,,,,,,,,,
,HUN,L8U,SR379,,,3,L,,,,,,,,,,,0.00,,,,HUN,,,,,,,,,,,,,,,
,L8U,HUN,SR379,,,3,L,,,,,,,,,,,0.00,,,,L8U,L8U,HUN,SR379,,,3,L,,,,,,,,
,L8U,HUN,SR379,,,3,L,,,,,,,,,,,0.00,,,,L8U,,,,,,,,,,,,,,,
,L8U,HUN,SR379,,,3,L,,,,,,,,,,,0.00,,,,L8U,,,,,,,,,,,,,,,
,L8U,HUN,SR379,,,3,L,,,,,,,,,,,0.00,,,,L8U,,,,,,,,,,,,,,,
Mirage,TNG,FCS,SR380,,Den,3,L,2,5,22,28,12,14,5,2824,0,2,10.00,,,,TNG,TNG,FCS,SR380,,Den,3,L,2,5,,,,,,
Prodahh,TNG,FCS,SR380,,Den,3,L,2,5,18,25,12,13,5,2807,0,1,10.00,,,,TNG,,,,,,,,,,,,,,,
DTG,TNG,FCS,SR380,,Den,3,L,2,5,21,28,12,12,3,2748,1,1,10.00,,,,TNG,,,,,,,,,,,,,,,
Zooner,TNG,FCS,SR380,,Den,3,L,2,5,27,22,10,18,4,3299,1,4,10.00,,,,TNG,,,,,,,,,,,,,,,
Iconz,FCS,TNG,SR380,,Den,3,W,5,2,27,23,9,19,6,3219,2,4,10.00,,,,FCS,FCS,TNG,SR380,,Den,3,W,5,2,,,,,,
kB,FCS,TNG,SR380,,Den,3,W,5,2,24,20,10,20,4,2159,1,2,10.00,,,,FCS,,,,,,,,,,,,,,,
Ruper,FCS,TNG,SR380,,Den,3,W,5,2,26,23,8,15,3,3664,1,1,10.00,,,,FCS,,,,,,,,,,,,,,,
Milly,FCS,TNG,SR380,,Den,3,W,5,2,24,25,9,14,3,3090,1,1,10.00,,,,FCS,,,,,,,,,,,,,,,
,MAJ,DCM,SR381,,,3,L,,,,,,,,,,,0.00,,,,MAJ,MAJ,DCM,SR381,,,3,L,,,,,,,,
,MAJ,DCM,SR381,,,3,L,,,,,,,,,,,0.00,,,,MAJ,,,,,,,,,,,,,,,
,MAJ,DCM,SR381,,,3,L,,,,,,,,,,,0.00,,,,MAJ,,,,,,,,,,,,,,,
,MAJ,DCM,SR381,,,3,L,,,,,,,,,,,0.00,,,,MAJ,,,,,,,,,,,,,,,
,DCM,MAJ,SR381,,,3,L,,,,,,,,,,,0.00,,,,DCM,DCM,MAJ,SR381,,,3,L,,,,,,,,
,DCM,MAJ,SR381,,,3,L,,,,,,,,,,,0.00,,,,DCM,,,,,,,,,,,,,,,
,DCM,MAJ,SR381,,,3,L,,,,,,,,,,,0.00,,,,DCM,,,,,,,,,,,,,,,
,DCM,MAJ,SR381,,,3,L,,,,,,,,,,,0.00,,,,DCM,,,,,,,,,,,,,,,
,TRN,,SR382,,,3,L,,,,,,,,,,,0.00,,,,TRN,TRN,,SR382,,,3,L,,,,,,,,
,TRN,,SR382,,,3,L,,,,,,,,,,,0.00,,,,TRN,,,,,,,,,,,,,,,
,TRN,,SR382,,,3,L,,,,,,,,,,,0.00,,,,TRN,,,,,,,,,,,,,,,
,TRN,,SR382,,,3,L,,,,,,,,,,,0.00,,,,TRN,,,,,,,,,,,,,,,
,,TRN,SR382,,,3,L,,,,,,,,,,,0.00,,,,,,TRN,SR382,,,3,L,,,,,,,,
,,TRN,SR382,,,3,L,,,,,,,,,,,0.00,,,,,,,,,,,,,,,,,,,
,,TRN,SR382,,,3,L,,,,,,,,,,,0.00,,,,,,,,,,,,,,,,,,,
,,TRN,SR382,,,3,L,,,,,,,,,,,0.00,,,,,,,,,,,,,,,,,,,
,ANX,CON,SR383,,,3,L,,,,,,,,,,,0.00,,,,ANX,ANX,CON,SR383,,,3,L,,,,,,,,
,ANX,CON,SR383,,,3,L,,,,,,,,,,,0.00,,,,ANX,,,,,,,,,,,,,,,
,ANX,CON,SR383,,,3,L,,,,,,,,,,,0.00,,,,ANX,,,,,,,,,,,,,,,
,ANX,CON,SR383,,,3,L,,,,,,,,,,,0.00,,,,ANX,,,,,,,,,,,,,,,
,CON,ANX,SR383,,,3,L,,,,,,,,,,,0.00,,,,CON,CON,ANX,SR383,,,3,L,,,,,,,,
,CON,ANX,SR383,,,3,L,,,,,,,,,,,0.00,,,,CON,,,,,,,,,,,,,,,
,CON,ANX,SR383,,,3,L,,,,,,,,,,,0.00,,,,CON,,,,,,,,,,,,,,,
,CON,ANX,SR383,,,3,L,,,,,,,,,,,0.00,,,,CON,,,,,,,,,,,,,,,
,,,SR384,,,3,L,,,,,,,,,,,0.00,,,,,,,SR384,,,3,L,,,,,,,,
,,,SR384,,,3,L,,,,,,,,,,,0.00,,,,,,,,,,,,,,,,,,,
,,,SR384,,,3,L,,,,,,,,,,,0.00,,,,,,,,,,,,,,,,,,,
,,,SR384,,,3,L,,,,,,,,,,,0.00,,,,,,,,,,,,,,,,,,,
,,,SR384,,,3,L,,,,,,,,,,,0.00,,,,,,,SR384,,,3,L,,,,,,,,
,,,SR384,,,3,L,,,,,,,,,,,0.00,,,,,,,,,,,,,,,,,,,
,,,SR384,,,3,L,,,,,,,,,,,0.00,,,,,,,,,,,,,,,,,,,
,,,SR384,,,3,L,,,,,,,,,,,0.00,,,,,,,,,,,,,,,,,,,
,DCM,AVG,SR385,,,3,L,,,,,,,,,,,0.00,,,,DCM,DCM,AVG,SR385,,,3,L,,,,,,,,
,DCM,AVG,SR385,,,3,L,,,,,,,,,,,0.00,,,,DCM,,,,,,,,,,,,,,,
,DCM,AVG,SR385,,,3,L,,,,,,,,,,,0.00,,,,DCM,,,,,,,,,,,,,,,
,DCM,AVG,SR385,,,3,L,,,,,,,,,,,0.00,,,,DCM,,,,,,,,,,,,,,,
,AVG,DCM,SR385,,,3,L,,,,,,,,,,,0.00,,,,AVG,AVG,DCM,SR385,,,3,L,,,,,,,,
,AVG,DCM,SR385,,,3,L,,,,,,,,,,,0.00,,,,AVG,,,,,,,,,,,,,,,
,AVG,DCM,SR385,,,3,L,,,,,,,,,,,0.00,,,,AVG,,,,,,,,,,,,,,,
,AVG,DCM,SR385,,,3,L,,,,,,,,,,,0.00,,,,AVG,,,,,,,,,,,,,,,
KingAbody,FXR,ROC,SR386,,Den,3,L,2,3,21,27,8,12,4,2298,0,3,10.22,,,,FXR,FXR,ROC,SR386,,Den,3,L,2,3,,,,,,
Clox,FXR,ROC,SR386,,Den,3,L,2,3,32,20,8,27,8,3328,1,3,10.22,,,,FXR,,,,,,,,,,,,,,,
Abdullatif,FXR,ROC,SR386,,Den,3,L,2,3,17,27,18,12,4,2992,1,2,10.22,,,,FXR,,,,,,,,,,,,,,,
GNTL,FXR,ROC,SR386,,Den,3,L,2,3,16,23,13,12,2,2353,0,3,10.22,,,,FXR,,,,,,,,,,,,,,,
Khhx,ROC,FXR,SR386,,Den,3,W,3,2,29,20,8,20,4,3491,1,3,10.22,,,,ROC,ROC,FXR,SR386,,Den,3,W,3,2,,,,,,
d7oomx,ROC,FXR,SR386,,Den,3,W,3,2,24,22,8,14,4,2768,0,0,10.22,,,,ROC,,,,,,,,,,,,,,,
d7om,ROC,FXR,SR386,,Den,3,W,3,2,23,21,12,18,3,2983,2,4,10.22,,,,ROC,,,,,,,,,,,,,,,
Rxld,ROC,FXR,SR386,,Den,3,W,3,2,20,24,8,13,4,2855,0,1,10.22,,,,ROC,,,,,,,,,,,,,,,
Prolute,TBG,ABL,SR387,,Scar,3,W,4,3,23,28,17,10,3,3436,3,1,10.12,,,,TBG,TBG,ABL,SR387,,Scar,3,W,4,3,,,,,,
Owakening,TBG,ABL,SR387,,Scar,3,W,4,3,22,31,10,13,4,3130,0,1,10.12,,,,TBG,,,,,,,,,,,,,,,
Abe,TBG,ABL,SR387,,Scar,3,W,4,3,29,29,8,21,7,3223,1,2,10.12,,,,TBG,,,,,,,,,,,,,,,
Fire,TBG,ABL,SR387,,Scar,3,W,4,3,25,21,5,21,8,2846,0,5,10.12,,,,TBG,,,,,,,,,,,,,,,
dk,ABL,TBG,SR387,,Scar,3,L,3,4,24,23,13,18,7,3648,2,2,10.12,,,,ABL,ABL,TBG,SR387,,Scar,3,L,3,4,,,,,,
Cimbels,ABL,TBG,SR387,,Scar,3,L,3,4,25,28,14,14,4,3152,0,5,10.12,,,,ABL,,,,,,,,,,,,,,,
Clutch,ABL,TBG,SR387,,Scar,3,L,3,4,25,25,10,17,4,3271,1,3,10.12,,,,ABL,,,,,,,,,,,,,,,
Scythe,ABL,TBG,SR387,,Scar,3,L,3,4,33,23,5,23,5,3657,0,3,10.12,,,,ABL,,,,,,,,,,,,,,,
Cammy,OMB,FZF,SR388,,Den,3,W,6,3,23,22,8,18,5,3020,1,1,10.03,,,,OMB,OMB,FZF,SR388,,Den,3,W,6,3,,,,,,
Brack,OMB,FZF,SR388,,Den,3,W,6,3,24,21,6,14,3,3211,3,4,10.03,,,,OMB,,,,,,,,,,,,,,,
ReeaL,OMB,FZF,SR388,,Den,3,W,6,3,22,22,8,16,4,2550,1,3,10.03,,,,OMB,,,,,,,,,,,,,,,
Asim,OMB,FZF,SR388,,Den,3,W,6,3,27,21,5,20,6,3131,1,0,10.03,,,,OMB,,,,,,,,,,,,,,,
Knox,FZF,OMB,SR388,,Den,3,L,3,6,25,23,5,21,6,3049,1,2,10.03,,,,FZF,FZF,OMB,SR388,,Den,3,L,3,6,,,,,,
PaulEhx,FZF,OMB,SR388,,Den,3,L,3,6,27,26,9,18,3,3220,0,2,10.03,,,,FZF,,,,,,,,,,,,,,,
Arcitys,FZF,OMB,SR388,,Den,3,L,3,6,14,25,13,10,2,2459,1,0,10.03,,,,FZF,,,,,,,,,,,,,,,
2Real,FZF,OMB,SR388,,Den,3,L,3,6,19,25,11,11,3,2608,1,4,10.03,,,,FZF,,,,,,,,,,,,,,,
Renegade,HUN,P7N,SR389,,Den,3,L,3,5,19,24,6,12,3,2743,2,0,9.20,,,,HUN,HUN,P7N,SR389,,Den,3,L,3,5,,,,,,
Nemensions,HUN,P7N,SR389,,Den,3,L,3,5,22,22,12,14,6,3394,0,1,9.20,,,,HUN,,,,,,,,,,,,,,,
RSPI,HUN,P7N,SR389,,Den,3,L,3,5,21,27,5,9,5,2065,1,4,9.20,,,,HUN,,,,,,,,,,,,,,,
Johnny,HUN,P7N,SR389,,Den,3,L,3,5,25,26,4,13,4,2967,0,3,9.20,,,,HUN,,,,,,,,,,,,,,,
Beans,P7N,HUN,SR389,,Den,3,W,5,3,20,25,16,12,5,3184,1,1,9.20,,,,P7N,P7N,HUN,SR389,,Den,3,W,5,3,,,,,,
ErikBoom,P7N,HUN,SR389,,Den,3,W,5,3,20,21,14,14,3,2634,2,2,9.20,,,,P7N,,,,,,,,,,,,,,,
DC,P7N,HUN,SR389,,Den,3,W,5,3,27,21,6,20,4,2605,1,2,9.20,,,,P7N,,,,,,,,,,,,,,,
Afro,P7N,HUN,SR389,,Den,3,W,5,3,31,21,10,23,6,3254,1,4,9.20,,,,P7N,,,,,,,,,,,,,,,
Kez,T1G,HUN,SR390,,Scar,3,L,2,3,20,31,13,12,2,3089,0,1,10.32,,,,T1G,T1G,HUN,SR390,,Scar,3,L,2,3,,,,,,
Rush,T1G,HUN,SR390,,Scar,3,L,2,3,33,26,9,22,5,3546,0,5,10.32,,,,T1G,,,,,,,,,,,,,,,
Disarray,T1G,HUN,SR390,,Scar,3,L,2,3,20,34,14,12,2,2931,0,2,10.32,,,,T1G,,,,,,,,,,,,,,,
BBConor,T1G,HUN,SR390,,Scar,3,L,2,3,29,25,10,18,3,3539,2,3,10.32,,,,T1G,,,,,,,,,,,,,,,
Renegade,HUN,T1G,SR390,,Scar,3,W,3,2,33,22,11,23,4,3816,1,2,10.32,,,,HUN,HUN,T1G,SR390,,Scar,3,W,3,2,,,,,,
Nemensions,HUN,T1G,SR390,,Scar,3,W,3,2,30,22,14,20,8,3341,2,2,10.32,,,,HUN,,,,,,,,,,,,,,,
RSPI,HUN,T1G,SR390,,Scar,3,W,3,2,28,31,15,17,3,3580,0,1,10.32,,,,HUN,,,,,,,,,,,,,,,
Johnny,HUN,T1G,SR390,,Scar,3,W,3,2,25,27,15,19,4,3365,0,0,10.32,,,,HUN,,,,,,,,,,,,,,,
Swooty,OXS,OCO,SR391,,Scar,3,L,1,2,27,27,9,16,3,3577,0,0,10.00,,,,OXS,OXS,OCO,SR391,,Scar,3,L,1,2,,,,,,
Flames,OXS,OCO,SR391,,Scar,3,L,1,2,22,22,9,15,3,3177,0,2,10.00,,,,OXS,,,,,,,,,,,,,,,
Dak,OXS,OCO,SR391,,Scar,3,L,1,2,20,24,7,12,3,2416,1,4,10.00,,,,OXS,,,,,,,,,,,,,,,
Darksived,OXS,OCO,SR391,,Scar,3,L,1,2,22,25,8,12,3,2932,0,1,10.00,,,,OXS,,,,,,,,,,,,,,,
Wrecks,OCO,OXS,SR391,,Scar,3,W,2,1,35,21,13,25,6,3965,2,4,10.00,,,,OCO,OCO,OXS,SR391,,Scar,3,W,2,1,,,,,,
Manny,OCO,OXS,SR391,,Scar,3,W,2,1,18,27,5,12,3,2315,0,1,10.00,,,,OCO,,,,,,,,,,,,,,,
Felo,OCO,OXS,SR391,,Scar,3,W,2,1,23,23,8,13,3,3017,0,5,10.00,,,,OCO,,,,,,,,,,,,,,,
Alfa,OCO,OXS,SR391,,Scar,3,W,2,1,22,21,10,20,4,2968,0,3,10.00,,,,OCO,,,,,,,,,,,,,,,
KingAbody,FXR,L8U,SR392,,Den,3,L,4,5,24,29,12,12,3,2993,0,0,10.00,,,,FXR,FXR,L8U,SR392,,Den,3,L,4,5,,,,,,
Clox,FXR,L8U,SR392,,Den,3,L,4,5,21,20,13,17,4,3195,1,1,10.00,,,,FXR,,,,,,,,,,,,,,,
Abdullatif,FXR,L8U,SR392,,Den,3,L,4,5,32,24,8,23,6,3399,0,2,10.00,,,,FXR,,,,,,,,,,,,,,,
GNTL,FXR,L8U,SR392,,Den,3,L,4,5,22,27,8,16,3,2553,3,2,10.00,,,,FXR,,,,,,,,,,,,,,,
RealCharm,L8U,FXR,SR392,,Den,3,W,5,4,31,21,13,21,10,3603,1,4,10.00,,,,L8U,L8U,FXR,SR392,,Den,3,W,5,4,,,,,,
Dany,L8U,FXR,SR392,,Den,3,W,5,4,26,30,10,18,4,3278,1,1,10.00,,,,L8U,,,,,,,,,,,,,,,
Aiden,L8U,FXR,SR392,,Den,3,W,5,4,22,24,10,10,3,2630,3,2,10.00,,,,L8U,,,,,,,,,,,,,,,
Cleemzi,L8U,FXR,SR392,,Den,3,W,5,4,21,24,10,14,3,2679,0,7,10.00,,,,L8U,,,,,,,,,,,,,,,
dk,ABL,CRE,SR393,,Scar,3,W,5,4,24,26,13,15,3,3509,1,2,10.00,,,,FCB,FCB,HUN,SR214,,Scar,3,L,2,4,,,,,,
Cimbels,ABL,CRE,SR393,,Scar,3,W,5,4,22,25,12,15,6,2738,2,3,10.00,,,,FCB,,,,,,,,,,,,,,,
Clutch,ABL,CRE,SR393,,Scar,3,W,5,4,30,25,11,19,4,2707,2,2,10.00,,,,FCB,,,,,,,,,,,,,,,
Scythe,ABL,CRE,SR393,,Scar,3,W,5,4,31,28,14,19,5,4219,0,3,10.00,,,,FCB,,,,,,,,,,,,,,,
Leib,CRE,ABL,SR393,,Scar,3,L,4,5,32,28,9,21,5,3797,1,0,10.00,,,,HUN,HUN,FCB,SR214,,Scar,3,W,4,2,,,,,,
Ovrlay,CRE,ABL,SR393,,Scar,3,L,4,5,21,21,14,17,5,2539,2,1,10.00,,,,HUN,,,,,,,,,,,,,,,
Veilleux,CRE,ABL,SR393,,Scar,3,L,4,5,29,29,9,21,3,3645,1,1,10.00,,,,HUN,,,,,,,,,,,,,,,
Reaper,CRE,ABL,SR393,,Scar,3,L,4,5,22,29,12,12,4,3198,0,0,10.00,,,,HUN,,,,,,,,,,,,,,,
Roxas,FAC,ROC,SR394,,Den,3,W,6,3,26,24,11,20,5,3209,1,3,10.00,,,,GAL,GAL,TBG,SR215,,Scar,3,L,2,4,,,,,,
Standy,FAC,ROC,SR394,,Den,3,W,6,3,21,22,6,17,6,2541,2,1,10.00,,,,GAL,,,,,,,,,,,,,,,
Alluka,FAC,ROC,SR394,,Den,3,W,6,3,25,24,8,13,3,3165,2,3,10.00,,,,GAL,,,,,,,,,,,,,,,
QK4B,FAC,ROC,SR394,,Den,3,W,6,3,27,21,7,19,7,3124,1,2,10.00,,,,GAL,,,,,,,,,,,,,,,
Khhx,ROC,FAC,SR394,,Den,3,L,3,6,22,25,12,16,3,3170,0,0,10.00,,,,TBG,TBG,GAL,SR215,,Scar,3,W,4,2,,,,,,
d7oomx,ROC,FAC,SR394,,Den,3,L,3,6,25,26,7,15,5,3064,1,2,10.00,,,,TBG,,,,,,,,,,,,,,,
d7om,ROC,FAC,SR394,,Den,3,L,3,6,25,24,5,14,5,2636,2,3,10.00,,,,TBG,,,,,,,,,,,,,,,
Rxld,ROC,FAC,SR394,,Den,3,L,3,6,18,26,12,13,4,2942,0,3,10.00,,,,TBG,,,,,,,,,,,,,,,
Beans,P7N,P7E,SR395,,Exposure,3,W,8,1,12,10,3,7,3,1469,4,0,6.15,,,,P7N,P7N,P7E,SR395,,Exposure,3,W,8,1,,,,,,
ErikBoom,P7N,P7E,SR395,,Exposure,3,W,8,1,17,13,3,14,4,1977,0,1,6.15,,,,P7N,,,,,,,,,,,,,,,
DC,P7N,P7E,SR395,,Exposure,3,W,8,1,17,12,3,12,4,1878,2,0,6.15,,,,P7N,,,,,,,,,,,,,,,
Afro,P7N,P7E,SR395,,Exposure,3,W,8,1,18,12,4,15,5,2373,2,0,6.15,,,,P7N,,,,,,,,,,,,,,,
Mythix,P7E,P7N,SR395,,Exposure,3,L,1,8,13,18,5,10,5,1894,0,0,6.15,,,,P7E,P7E,P7N,SR395,,Exposure,3,L,1,8,,,,,,
FDot,P7E,P7N,SR395,,Exposure,3,L,1,8,10,16,6,7,3,1347,1,3,6.15,,,,P7E,,,,,,,,,,,,,,,
Aspekt,P7E,P7N,SR395,,Exposure,3,L,1,8,15,14,5,11,4,2133,0,1,6.15,,,,P7E,,,,,,,,,,,,,,,
Harry,P7E,P7N,SR395,,Exposure,3,L,1,8,9,16,2,7,3,1357,0,1,6.15,,,,P7E,,,,,,,,,,,,,,,
Cammy,OMB,TBG,SR396,,Scar,3,W,8,2,30,18,10,22,11,3446,0,2,8.73,,,,OMB,OMB,TBG,SR396,,Scar,3,W,8,2,,,,,,
Brack,OMB,TBG,SR396,,Scar,3,W,8,2,29,25,6,18,4,3109,2,0,8.73,,,,OMB,,,,,,,,,,,,,,,
ReeaL,OMB,TBG,SR396,,Scar,3,W,8,2,26,20,14,22,7,3411,3,2,8.73,,,,OMB,,,,,,,,,,,,,,,
Asim,OMB,TBG,SR396,,Scar,3,W,8,2,16,24,15,9,4,2630,3,1,8.73,,,,OMB,,,,,,,,,,,,,,,
Prolute,TBG,OMB,SR396,,Scar,3,L,2,8,19,26,6,12,3,2239,0,0,8.73,,,,TBG,TBG,OMB,SR396,,Scar,3,L,2,8,,,,,,
Owakening,TBG,OMB,SR396,,Scar,3,L,2,8,25,21,13,16,4,3277,1,1,8.73,,,,TBG,,,,,,,,,,,,,,,
Abe,TBG,OMB,SR396,,Scar,3,L,2,8,18,29,8,11,4,2499,1,1,8.73,,,,TBG,,,,,,,,,,,,,,,
Fire,TBG,OMB,SR396,,Scar,3,L,2,8,25,26,9,13,6,2908,0,2,8.73,,,,TBG,,,,,,,,,,,,,,,
Vivid,FUN,FCS,SR397,,Den,3,L,5,6,17,27,14,11,4,2607,1,1,10.30,,,,FUN,FUN,FCS,SR397,,Den,3,L,5,6,,,,,,
Uli,FUN,FCS,SR397,,Den,3,L,5,6,23,21,8,17,7,2747,1,3,10.30,,,,FUN,,,,,,,,,,,,,,,
Mack,FUN,FCS,SR397,,Den,3,L,5,6,22,27,11,14,3,2889,1,2,10.30,,,,FUN,,,,,,,,,,,,,,,
Gio,FUN,FCS,SR397,,Den,3,L,5,6,24,22,5,16,3,2702,2,5,10.30,,,,FUN,,,,,,,,,,,,,,,
Iconz,FCS,FUN,SR397,,Den,3,W,6,5,24,20,9,16,4,3320,0,1,10.30,,,,FCS,FCS,FUN,SR397,,Den,3,W,6,5,,,,,,
kB,FCS,FUN,SR397,,Den,3,W,6,5,24,21,7,19,3,2586,0,3,10.30,,,,FCS,,,,,,,,,,,,,,,
Ruper,FCS,FUN,SR397,,Den,3,W,6,5,20,25,12,13,2,2767,2,2,10.30,,,,FCS,,,,,,,,,,,,,,,
Milly,FCS,FUN,SR397,,Den,3,W,6,5,28,21,8,22,4,3269,3,1,10.30,,,,FCS,,,,,,,,,,,,,,,
Renegade,HUN,FUN,SR398,,Den,3,L,2,3,23,25,6,16,3,2762,0,5,10.53,,,,HUN,HUN,FUN,SR398,,Den,3,L,2,3,,,,,,
Nemensions,HUN,FUN,SR398,,Den,3,L,2,3,23,26,12,15,3,3454,0,2,10.53,,,,HUN,,,,,,,,,,,,,,,
RSPI,HUN,FUN,SR398,,Den,3,L,2,3,26,27,9,16,3,3364,1,2,10.53,,,,HUN,,,,,,,,,,,,,,,
Johnny,HUN,FUN,SR398,,Den,3,L,2,3,25,28,7,10,3,3076,1,3,10.53,,,,HUN,,,,,,,,,,,,,,,
Vivid,FUN,HUN,SR398,,Den,3,W,3,2,25,24,11,21,4,3062,1,2,10.53,,,,FUN,FUN,HUN,SR398,,Den,3,W,3,2,,,,,,
Uli,FUN,HUN,SR398,,Den,3,W,3,2,21,26,9,17,4,2614,1,1,10.53,,,,FUN,,,,,,,,,,,,,,,
Mack,FUN,HUN,SR398,,Den,3,W,3,2,29,26,10,20,4,3830,0,3,10.53,,,,FUN,,,,,,,,,,,,,,,
Gio,FUN,HUN,SR398,,Den,3,W,3,2,31,21,16,24,6,4152,1,4,10.53,,,,FUN,,,,,,,,,,,,,,,
Prolute,TBG,FFE,SR399,,Exposure,3,W,5,3,19,27,7,10,4,2342,3,0,10.18,,,,TBG,TBG,FFE,SR399,,Exposure,3,W,5,3,,,,,,
Owakening,TBG,FFE,SR399,,Exposure,3,W,5,3,18,20,7,13,3,2761,0,1,10.18,,,,TBG,,,,,,,,,,,,,,,
Abe,TBG,FFE,SR399,,Exposure,3,W,5,3,21,23,11,15,5,2586,0,2,10.18,,,,TBG,,,,,,,,,,,,,,,
Fire,TBG,FFE,SR399,,Exposure,3,W,5,3,35,15,8,32,8,3444,2,2,10.18,,,,TBG,,,,,,,,,,,,,,,
Mighty,FFE,TBG,SR399,,Exposure,3,L,3,5,23,25,5,17,5,2940,0,0,10.18,,,,FFE,FFE,TBG,SR399,,Exposure,3,L,3,5,,,,,,
syqz,FFE,TBG,SR399,,Exposure,3,L,3,5,26,21,7,18,4,2854,3,2,10.18,,,,FFE,,,,,,,,,,,,,,,
Denza,FFE,TBG,SR399,,Exposure,3,L,3,5,16,25,10,9,3,2459,0,1,10.18,,,,FFE,,,,,,,,,,,,,,,
Detain,FFE,TBG,SR399,,Exposure,3,L,3,5,20,23,4,13,2,2354,0,0,10.18,,,,FFE,,,,,,,,,,,,,,,
Roxas,FAC,ABL,SR400,,Den,3,W,4,3,21,24,11,15,3,3130,1,2,10.07,,,,FAC,FAC,ABL,SR400,,Den,3,W,4,3,,,,,,
Standy,FAC,ABL,SR400,,Den,3,W,4,3,24,25,7,20,3,2534,2,3,10.07,,,,FAC,,,,,,,,,,,,,,,
Alluka,FAC,ABL,SR400,,Den,3,W,4,3,28,24,8,19,3,3204,0,4,10.07,,,,FAC,,,,,,,,,,,,,,,
QK4B,FAC,ABL,SR400,,Den,3,W,4,3,28,21,8,18,6,3308,1,2,10.07,,,,FAC,,,,,,,,,,,,,,,
dk,ABL,FAC,SR400,,Den,3,L,3,4,25,26,11,21,6,3204,1,6,10.07,,,,ABL,ABL,FAC,SR400,,Den,3,L,3,4,,,,,,
Cimbels,ABL,FAC,SR400,,Den,3,L,3,4,21,27,14,13,4,3137,0,3,10.07,,,,ABL,,,,,,,,,,,,,,,
Clutch,ABL,FAC,SR400,,Den,3,L,3,4,23,24,8,19,3,2549,2,2,10.07,,,,ABL,,,,,,,,,,,,,,,
Scythe,ABL,FAC,SR400,,Den,3,L,3,4,25,25,7,17,4,3111,0,3,10.07,,,,ABL,,,,,,,,,,,,,,,
Wrecks,OCO,P7E,SR401,,Scar,3,L,2,3,25,30,11,14,4,3056,0,2,10.00,,,,OCO,OCO,P7E,SR401,,Scar,3,L,2,3,,,,,,
Manny,OCO,P7E,SR401,,Scar,3,L,2,3,24,28,18,14,4,3459,1,2,10.00,,,,OCO,,,,,,,,,,,,,,,
Felo,OCO,P7E,SR401,,Scar,3,L,2,3,30,24,9,24,3,3396,0,4,10.00,,,,OCO,,,,,,,,,,,,,,,
Alfa,OCO,P7E,SR401,,Scar,3,L,2,3,27,27,13,17,3,3529,1,0,10.00,,,,OCO,,,,,,,,,,,,,,,
Mythix,P7E,OCO,SR401,,Scar,3,W,3,2,33,26,9,23,4,3788,0,3,10.00,,,,P7E,P7E,OCO,SR401,,Scar,3,W,3,2,,,,,,
FDot,P7E,OCO,SR401,,Scar,3,W,3,2,28,27,13,17,4,4058,1,4,10.00,,,,P7E,,,,,,,,,,,,,,,
Aspekt,P7E,OCO,SR401,,Scar,3,W,3,2,22,28,9,10,3,2936,1,1,10.00,,,,P7E,,,,,,,,,,,,,,,
Harry,P7E,OCO,SR401,,Scar,3,W,3,2,26,25,4,19,3,3310,1,1,10.00,,,,P7E,,,,,,,,,,,,,,,
Beans,P7N,OMB,SR402,,Den,3,W,4,1,26,23,9,19,4,3278,0,4,10.27,,,,P7N,P7N,OMB,SR402,,Den,3,W,4,1,,,,,,
ErikBoom,P7N,OMB,SR402,,Den,3,W,4,1,26,26,10,18,5,3156,3,3,10.27,,,,P7N,,,,,,,,,,,,,,,
DC,P7N,OMB,SR402,,Den,3,W,4,1,29,26,13,20,4,3500,1,3,10.27,,,,P7N,,,,,,,,,,,,,,,
Afro,P7N,OMB,SR402,,Den,3,W,4,1,32,22,8,22,4,3453,0,3,10.27,,,,P7N,,,,,,,,,,,,,,,
Cammy,OMB,P7N,SR402,,Den,3,L,1,4,27,28,11,13,3,3506,0,4,10.27,,,,OMB,OMB,P7N,SR402,,Den,3,L,1,4,,,,,,
Brack,OMB,P7N,SR402,,Den,3,L,1,4,22,26,14,14,4,3379,0,5,10.27,,,,OMB,,,,,,,,,,,,,,,
ReeaL,OMB,P7N,SR402,,Den,3,L,1,4,27,31,12,17,3,3350,0,4,10.27,,,,OMB,,,,,,,,,,,,,,,
Asim,OMB,P7N,SR402,,Den,3,L,1,4,20,28,5,13,3,2456,1,2,10.27,,,,OMB,,,,,,,,,,,,,,,
Khhx,ROC,FCS,SR403,,Den,3,L,3,6,18,19,4,15,5,2031,1,1,7.82,,,,ROC,ROC,FCS,SR403,,Den,3,L,3,6,,,,,,
d7oomx,ROC,FCS,SR403,,Den,3,L,3,6,13,19,8,8,2,2420,0,0,7.82,,,,ROC,,,,,,,,,,,,,,,
d7om,ROC,FCS,SR403,,Den,3,L,3,6,21,19,4,15,4,2217,2,5,7.82,,,,ROC,,,,,,,,,,,,,,,
Rxld,ROC,FCS,SR403,,Den,3,L,3,6,12,25,5,6,2,1937,0,3,7.82,,,,ROC,,,,,,,,,,,,,,,
Iconz,FCS,ROC,SR403,,Den,3,W,6,3,18,21,7,12,2,2485,1,0,7.82,,,,FCS,FCS,ROC,SR403,,Den,3,W,6,3,,,,,,
kB,FCS,ROC,SR403,,Den,3,W,6,3,18,13,4,14,4,2157,2,4,7.82,,,,FCS,,,,,,,,,,,,,,,
Ruper,FCS,ROC,SR403,,Den,3,W,6,3,27,15,7,22,4,2744,0,6,7.82,,,,FCS,,,,,,,,,,,,,,,
Milly,FCS,ROC,SR403,,Den,3,W,6,3,18,16,6,15,5,2315,3,2,7.82,,,,FCS,,,,,,,,,,,,,,,
Prolute,TBG,P7E,SR404,,Scar,3,L,2,6,19,26,12,8,5,2797,0,1,8.85,,,,TBG,TBG,P7E,SR404,,Scar,3,L,2,6,,,,,,
Owakening,TBG,P7E,SR404,,Scar,3,L,2,6,23,22,13,17,5,3165,0,0,8.85,,,,TBG,,,,,,,,,,,,,,,
Abe,TBG,P7E,SR404,,Scar,3,L,2,6,21,25,10,14,3,2542,1,1,8.85,,,,TBG,,,,,,,,,,,,,,,
Fire,TBG,P7E,SR404,,Scar,3,L,2,6,19,23,8,11,3,2652,1,0,8.85,,,,TBG,,,,,,,,,,,,,,,
Mythix,P7E,TBG,SR404,,Scar,3,W,6,2,27,19,14,18,5,3415,0,1,8.85,,,,P7E,P7E,TBG,SR404,,Scar,3,W,6,2,,,,,,
FDot,P7E,TBG,SR404,,Scar,3,W,6,2,20,21,10,13,4,2425,2,4,8.85,,,,P7E,,,,,,,,,,,,,,,
Aspekt,P7E,TBG,SR404,,Scar,3,W,6,2,28,24,10,18,8,2897,3,1,8.85,,,,P7E,,,,,,,,,,,,,,,
Harry,P7E,TBG,SR404,,Scar,3,W,6,2,21,18,11,13,4,2828,1,2,8.85,,,,P7E,,,,,,,,,,,,,,,
Roxas,FAC,FUN,SR405,,Den,3,L,2,7,21,26,11,10,4,3362,0,4,10.07,,,,FAC,FAC,FUN,SR405,,Den,3,L,2,7,,,,,,
Standy,FAC,FUN,SR405,,Den,3,L,2,7,20,28,4,14,5,2231,2,1,10.07,,,,FAC,,,,,,,,,,,,,,,
Alluka,FAC,FUN,SR405,,Den,3,L,2,7,22,32,9,11,4,2971,0,2,10.07,,,,FAC,,,,,,,,,,,,,,,
QK4B,FAC,FUN,SR405,,Den,3,L,2,7,21,28,8,11,2,2939,0,2,10.07,,,,FAC,,,,,,,,,,,,,,,
Vivid,FUN,FAC,SR405,,Den,3,W,7,2,25,21,15,17,4,3814,0,2,10.07,,,,FUN,FUN,FAC,SR405,,Den,3,W,7,2,,,,,,
Uli,FUN,FAC,SR405,,Den,3,W,7,2,35,17,8,26,8,3637,3,2,10.07,,,,FUN,,,,,,,,,,,,,,,
Mack,FUN,FAC,SR405,,Den,3,W,7,2,27,22,4,24,3,2853,3,5,10.07,,,,FUN,,,,,,,,,,,,,,,
Gio,FUN,FAC,SR405,,Den,3,W,7,2,27,24,8,18,5,3002,1,2,10.07,,,,FUN,,,,,,,,,,,,,,,
Vivid,FUN,OMB,SR406,,Den,3,L,3,5,16,28,13,9,2,2411,1,2,10.00,,,,FUN,FUN,OMB,SR406,,Den,3,L,3,5,,,,,,
Uli,FUN,OMB,SR406,,Den,3,L,3,5,27,21,9,22,5,3210,0,1,10.00,,,,FUN,,,,,,,,,,,,,,,
Mack,FUN,OMB,SR406,,Den,3,L,3,5,30,29,7,14,3,3550,2,2,10.00,,,,FUN,,,,,,,,,,,,,,,
Gio,FUN,OMB,SR406,,Den,3,L,3,5,21,28,10,13,4,2663,0,2,10.00,,,,FUN,,,,,,,,,,,,,,,
Cammy,OMB,FUN,SR406,,Den,3,W,5,3,31,23,8,23,6,3884,1,5,10.00,,,,OMB,OMB,FUN,SR406,,Den,3,W,5,3,,,,,,
Brack,OMB,FUN,SR406,,Den,3,W,5,3,21,23,7,14,4,2426,1,0,10.00,,,,OMB,,,,,,,,,,,,,,,
ReeaL,OMB,FUN,SR406,,Den,3,W,5,3,29,21,10,20,3,3577,1,2,10.00,,,,OMB,,,,,,,,,,,,,,,
Asim,OMB,FUN,SR406,,Den,3,W,5,3,23,27,12,11,3,3068,2,1,10.00,,,,OMB,,,,,,,,,,,,,,,
Iconz,FCS,P7E,SR407,,Scar,3,W,8,2,24,24,9,13,3,2968,3,0,9.92,,,,FCS,FCS,P7E,SR407,,Scar,3,W,8,2,,,,,,
kB,FCS,P7E,SR407,,Scar,3,W,8,2,27,28,15,17,4,3862,1,2,9.92,,,,FCS,,,,,,,,,,,,,,,
Ruper,FCS,P7E,SR407,,Scar,3,W,8,2,26,24,13,19,4,3434,1,0,9.92,,,,FCS,,,,,,,,,,,,,,,
Milly,FCS,P7E,SR407,,Scar,3,W,8,2,30,26,7,24,5,3533,3,3,9.92,,,,FCS,,,,,,,,,,,,,,,
Mythix,P7E,FCS,SR407,,Scar,3,L,2,8,23,25,14,13,4,2980,2,1,9.92,,,,P7E,P7E,FCS,SR407,,Scar,3,L,2,8,,,,,,
FDot,P7E,FCS,SR407,,Scar,3,L,2,8,32,29,6,21,5,3189,0,1,9.92,,,,P7E,,,,,,,,,,,,,,,
Aspekt,P7E,FCS,SR407,,Scar,3,L,2,8,21,30,11,11,3,3446,0,1,9.92,,,,P7E,,,,,,,,,,,,,,,
Harry,P7E,FCS,SR407,,Scar,3,L,2,8,23,23,10,15,4,3216,0,0,9.92,,,,P7E,,,,,,,,,,,,,,,
Iconz,FCS,FUN,SR408,,Den,3,L,4,8,25,29,9,18,4,3173,2,0,10.10,,,,FCS,FCS,FUN,SR408,,Den,3,L,4,8,,,,,,
kB,FCS,FUN,SR408,,Den,3,L,4,8,18,23,10,15,3,2584,2,3,10.10,,,,FCS,,,,,,,,,,,,,,,
Ruper,FCS,FUN,SR408,,Den,3,L,4,8,20,27,10,13,5,2827,0,0,10.10,,,,FCS,,,,,,,,,,,,,,,
Milly,FCS,FUN,SR408,,Den,3,L,4,8,28,24,10,18,4,3460,0,2,10.10,,,,FCS,,,,,,,,,,,,,,,
Vivid,FUN,FCS,SR408,,Den,3,W,8,4,28,22,11,22,4,3837,0,0,10.10,,,,FUN,FUN,FCS,SR408,,Den,3,W,8,4,,,,,,
Uli,FUN,FCS,SR408,,Den,3,W,8,4,25,22,11,17,5,2714,5,2,10.10,,,,FUN,,,,,,,,,,,,,,,
Mack,FUN,FCS,SR408,,Den,3,W,8,4,27,23,6,22,3,3287,3,1,10.10,,,,FUN,,,,,,,,,,,,,,,
Gio,FUN,FCS,SR408,,Den,3,W,8,4,22,24,10,16,6,2758,0,0,10.10,,,,FUN,,,,,,,,,,,,,,,
Beans,P7N,ROC,SR409,,Den,3,W,6,0,28,15,9,21,6,3099,2,2,8.52,,,,P7N,P7N,ROC,SR409,,Den,3,W,6,0,,,,,,
ErikBoom,P7N,ROC,SR409,,Den,3,W,6,0,24,19,14,17,5,2776,1,3,8.52,,,,P7N,,,,,,,,,,,,,,,
DC,P7N,ROC,SR409,,Den,3,W,6,0,15,20,8,10,3,2101,2,2,8.52,,,,P7N,,,,,,,,,,,,,,,
Afro,P7N,ROC,SR409,,Den,3,W,6,0,31,18,8,19,9,3352,1,4,8.52,,,,P7N,,,,,,,,,,,,,,,
Khhx,ROC,P7N,SR409,,Den,3,L,0,6,14,24,12,10,2,2335,0,1,8.52,,,,ROC,ROC,P7N,SR409,,Den,3,L,0,6,,,,,,
d7oomx,ROC,P7N,SR409,,Den,3,L,0,6,17,25,11,7,2,2378,0,3,8.52,,,,ROC,,,,,,,,,,,,,,,
d7om,ROC,P7N,SR409,,Den,3,L,0,6,21,24,9,15,3,2313,0,4,8.52,,,,ROC,,,,,,,,,,,,,,,
Rxld,ROC,P7N,SR409,,Den,3,L,0,6,19,26,11,12,4,2409,0,2,8.52,,,,ROC,,,,,,,,,,,,,,,
Iconz,FCS,P7N,SR410,,Den,3,L,3,5,19,23,11,11,3,2894,3,3,9.92,,,,FCS,FCS,P7N,SR410,,Den,3,L,3,5,,,,,,
kB,FCS,P7N,SR410,,Den,3,L,3,5,22,22,9,16,4,2690,0,2,9.92,,,,FCS,,,,,,,,,,,,,,,
Ruper,FCS,P7N,SR410,,Den,3,L,3,5,23,27,8,13,3,3335,0,3,9.92,,,,FCS,,,,,,,,,,,,,,,
Milly,FCS,P7N,SR410,,Den,3,L,3,5,18,29,10,7,3,2610,0,2,9.92,,,,FCS,,,,,,,,,,,,,,,
Beans,P7N,FCS,SR410,,Den,3,W,5,3,20,23,7,14,4,2822,0,2,9.92,,,,P7N,P7N,FCS,SR410,,Den,3,W,5,3,,,,,,
ErikBoom,P7N,FCS,SR410,,Den,3,W,5,3,33,17,6,26,4,4042,2,4,9.92,,,,P7N,,,,,,,,,,,,,,,
DC,P7N,FCS,SR410,,Den,3,W,5,3,17,19,11,8,3,2644,2,2,9.92,,,,P7N,,,,,,,,,,,,,,,
Afro,P7N,FCS,SR410,,Den,3,W,5,3,29,23,9,20,3,3218,1,4,9.92,,,,P7N,,,,,,,,,,,,,,,
,,,,,,3,L,,,,,,,,,,,0.00,,,,,,,,,,3,L,,,,,,,,
,,,,,,3,L,,,,,,,,,,,0.00,,,,,,,,,,,,,,,,,,,
,,,,,,3,L,,,,,,,,,,,0.00,,,,,,,,,,,,,,,,,,,
,,,,,,3,L,,,,,,,,,,,0.00,,,,,,,,,,,,,,,,,,,
,,,,,,3,L,,,,,,,,,,,0.00,,,,,,,,,,3,L,,,,,,,,
,,,,,,3,L,,,,,,,,,,,0.00,,,,,,,,,,,,,,,,,,,
,,,,,,3,L,,,,,,,,,,,0.00,,,,,,,,,,,,,,,,,,,
,,,,,,3,L,,,,,,,,,,,0.00,,,,,,,,,,,,,,,,,,,
,,,,,,3,L,,,,,,,,,,,0.00,,,,,,,,,,3,L,,,,,,,,
,,,,,,3,L,,,,,,,,,,,0.00,,,,,,,,,,,,,,,,,,,
,,,,,,3,L,,,,,,,,,,,0.00,,,,,,,,,,,,,,,,,,,
,,,,,,3,L,,,,,,,,,,,0.00,,,,,,,,,,,,,,,,,,,
,,,,,,3,L,,,,,,,,,,,0.00,,,,,,,,,,3,L,,,,,,,,
,,,,,,3,L,,,,,,,,,,,0.00,,,,,,,,,,,,,,,,,,,
,,,,,,3,L,,,,,,,,,,,0.00,,,,,,,,,,,,,,,,,,,
,,,,,,3,L,,,,,,,,,,,0.00,,,,,,,,,,,,,,,,,,,
,,,,,,3,L,,,,,,,,,,,0.00,,,,,,,,,,3,L,,,,,,,,
,,,,,,3,L,,,,,,,,,,,0.00,,,,,,,,,,,,,,,,,,,
,,,,,,3,L,,,,,,,,,,,0.00,,,,,,,,,,,,,,,,,,,
,,,,,,3,L,,,,,,,,,,,0.00,,,,,,,,,,,,,,,,,,,
,,,,,,3,L,,,,,,,,,,,0.00,,,,,,,,,,3,L,,,,,,,,
,,,,,,3,L,,,,,,,,,,,0.00,,,,,,,,,,,,,,,,,,,
,,,,,,3,L,,,,,,,,,,,0.00,,,,,,,,,,,,,,,,,,,
,,,,,,3,L,,,,,,,,,,,0.00,,,,,,,,,,,,,,,,,,,
,,,,,,3,L,,,,,,,,,,,0.00,,,,,,,,,,3,L,,,,,,,,
,,,,,,3,L,,,,,,,,,,,0.00,,,,,,,,,,,,,,,,,,,
,,,,,,3,L,,,,,,,,,,,0.00,,,,,,,,,,,,,,,,,,,
,,,,,,3,L,,,,,,,,,,,0.00,,,,,,,,,,,,,,,,,,,
,,,,,,3,L,,,,,,,,,,,0.00,,,,,,,,,,3,L,,,,,,,,
,,,,,,3,L,,,,,,,,,,,0.00,,,,,,,,,,,,,,,,,,,
,,,,,,3,L,,,,,,,,,,,0.00,,,,,,,,,,,,,,,,,,,
,,,,,,3,L,,,,,,,,,,,0.00,,,,,,,,,,,,,,,,,,,
,,,,,,3,L,,,,,,,,,,,0.00,,,,,,,,,,3,L,,,,,,,,
,,,,,,3,L,,,,,,,,,,,0.00,,,,,,,,,,,,,,,,,,,
,,,,,,3,L,,,,,,,,,,,0.00,,,,,,,,,,,,,,,,,,,
,,,,,,3,L,,,,,,,,,,,0.00,,,,,,,,,,,,,,,,,,,
,,,,,,3,L,,,,,,,,,,,0.00,,,,,,,,,,3,L,,,,,,,,
,,,,,,3,L,,,,,,,,,,,0.00,,,,,,,,,,,,,,,,,,,
,,,,,,3,L,,,,,,,,,,,0.00,,,,,,,,,,,,,,,,,,,
,,,,,,3,L,,,,,,,,,,,0.00,,,,,,,,,,,,,,,,,,,
,,,,,,3,L,,,,,,,,,,,0.00,,,,,,,,,,3,L,,,,,,,,
,,,,,,3,L,,,,,,,,,,,0.00,,,,,,,,,,,,,,,,,,,
,,,,,,3,L,,,,,,,,,,,0.00,,,,,,,,,,,,,,,,,,,
,,,,,,3,L,,,,,,,,,,,0.00,,,,,,,,,,,,,,,,,,,
,,,,,,3,L,,,,,,,,,,,0.00,,,,,,,,,,3,L,,,,,,,,
,,,,,,3,L,,,,,,,,,,,0.00,,,,,,,,,,,,,,,,,,,
,,,,,,3,L,,,,,,,,,,,0.00,,,,,,,,,,,,,,,,,,,
,,,,,,3,L,,,,,,,,,,,0.00,,,,,,,,,,,,,,,,,,,
,,,,,,3,L,,,,,,,,,,,0.00,,,,,,,,,,3,L,,,,,,,,
,,,,,,3,L,,,,,,,,,,,0.00,,,,,,,,,,,,,,,,,,,
,,,,,,3,L,,,,,,,,,,,0.00,,,,,,,,,,,,,,,,,,,
,,,,,,3,L,,,,,,,,,,,0.00,,,,,,,,,,,,,,,,,,,
,,,,,,3,L,,,,,,,,,,,0.00,,,,,,,,,,3,L,,,,,,,,
,,,,,,3,L,,,,,,,,,,,0.00,,,,,,,,,,,,,,,,,,,
,,,,,,3,L,,,,,,,,,,,0.00,,,,,,,,,,,,,,,,,,,
,,,,,,3,L,,,,,,,,,,,0.00,,,,,,,,,,,,,,,,,,,
,,,,,,3,L,,,,,,,,,,,0.00,,,,,,,,,,3,L,,,,,,,,
,,,,,,3,L,,,,,,,,,,,0.00,,,,,,,,,,,,,,,,,,,
,,,,,,3,L,,,,,,,,,,,0.00,,,,,,,,,,,,,,,,,,,
,,,,,,3,L,,,,,,,,,,,0.00,,,,,,,,,,,,,,,,,,,
,,,,,,3,L,,,,,,,,,,,0.00,,,,,,,,,,3,L,,,,,,,,
,,,,,,3,L,,,,,,,,,,,0.00,,,,,,,,,,,,,,,,,,,
,,,,,,3,L,,,,,,,,,,,0.00,,,,,,,,,,,,,,,,,,,
,,,,,,3,L,,,,,,,,,,,0.00,,,,,,,,,,,,,,,,,,,
,,,,,,3,L,,,,,,,,,,,0.00,,,,,,,,,,3,L,,,,,,,,
,,,,,,3,L,,,,,,,,,,,0.00,,,,,,,,,,,,,,,,,,,
,,,,,,3,L,,,,,,,,,,,0.00,,,,,,,,,,,,,,,,,,,
,,,,,,3,L,,,,,,,,,,,0.00,,,,,,,,,,,,,,,,,,,
,,,,,,3,L,,,,,,,,,,,0.00,,,,,,,,,,3,L,,,,,,,,
,,,,,,3,L,,,,,,,,,,,0.00,,,,,,,,,,,,,,,,,,,
,,,,,,3,L,,,,,,,,,,,0.00,,,,,,,,,,,,,,,,,,,
,,,,,,3,L,,,,,,,,,,,0.00,,,,,,,,,,,,,,,,,,,
,,,,,,3,L,,,,,,,,,,,0.00,,,,,,,,,,3,L,,,,,,,,
,,,,,,3,L,,,,,,,,,,,0.00,,,,,,,,,,,,,,,,,,,
,,,,,,3,L,,,,,,,,,,,0.00,,,,,,,,,,,,,,,,,,,
,,,,,,3,L,,,,,,,,,,,0.00,,,,,,,,,,,,,,,,,,,
,,,,,,3,L,,,,,,,,,,,0.00,,,,,,,,,,3,L,,,,,,,,
,,,,,,3,L,,,,,,,,,,,0.00,,,,,,,,,,,,,,,,,,,
,,,,,,3,L,,,,,,,,,,,0.00,,,,,,,,,,,,,,,,,,,
,,,,,,3,L,,,,,,,,,,,0.00,,,,,,,,,,,,,,,,,,,
,,,,,,3,L,,,,,,,,,,,0.00,,,,,,,,,,3,L,,,,,,,,
,,,,,,3,L,,,,,,,,,,,0.00,,,,,,,,,,,,,,,,,,,
,,,,,,3,L,,,,,,,,,,,0.00,,,,,,,,,,,,,,,,,,,
,,,,,,3,L,,,,,,,,,,,0.00,,,,,,,,,,,,,,,,,,,
,,,,,,3,L,,,,,,,,,,,0.00,,,,,,,,,,3,L,,,,,,,,
,,,,,,3,L,,,,,,,,,,,0.00,,,,,,,,,,,,,,,,,,,
,,,,,,3,L,,,,,,,,,,,0.00,,,,,,,,,,,,,,,,,,,
,,,,,,3,L,,,,,,,,,,,0.00,,,,,,,,,,,,,,,,,,,
,,,,,,3,L,,,,,,,,,,,0.00,,,,,,,,,,3,L,,,,,,,,
,,,,,,3,L,,,,,,,,,,,0.00,,,,,,,,,,,,,,,,,,,
,,,,,,3,L,,,,,,,,,,,0.00,,,,,,,,,,,,,,,,,,,
,,,,,,3,L,,,,,,,,,,,0.00,,,,,,,,,,,,,,,,,,,
,,,,,,3,L,,,,,,,,,,,0.00,,,,,,,,,,3,L,,,,,,,,
,,,,,,3,L,,,,,,,,,,,0.00,,,,,,,,,,,,,,,,,,,
,,,,,,3,L,,,,,,,,,,,0.00,,,,,,,,,,,,,,,,,,,
,,,,,,3,L,,,,,,,,,,,0.00,,,,,,,,,,,,,,,,,,,
,,,,,,3,L,,,,,,,,,,,0.00,,,,,,,,,,3,L,,,,,,,,
,,,,,,3,L,,,,,,,,,,,0.00,,,,,,,,,,,,,,,,,,,
,,,,,,3,L,,,,,,,,,,,0.00,,,,,,,,,,,,,,,,,,,
,,,,,,3,L,,,,,,,,,,,0.00,,,,,,,,,,,,,,,,,,,
,,,,,,3,L,,,,,,,,,,,0.00,,,,,,,,,,3,L,,,,,,,,
,,,,,,3,L,,,,,,,,,,,0.00,,,,,,,,,,,,,,,,,,,
,,,,,,3,L,,,,,,,,,,,0.00,,,,,,,,,,,,,,,,,,,
,,,,,,3,L,,,,,,,,,,,0.00,,,,,,,,,,,,,,,,,,,
,,,,,,3,L,,,,,,,,,,,0.00,,,,,,,,,,3,L,,,,,,,,
,,,,,,3,L,,,,,,,,,,,0.00,,,,,,,,,,,,,,,,,,,
,,,,,,3,L,,,,,,,,,,,0.00,,,,,,,,,,,,,,,,,,,
,,,,,,3,L,,,,,,,,,,,0.00,,,,,,,,,,,,,,,,,,,
,,,,,,3,L,,,,,,,,,,,0.00,,,,,,,,,,3,L,,,,,,,,
,,,,,,3,L,,,,,,,,,,,0.00,,,,,,,,,,,,,,,,,,,
,,,,,,3,L,,,,,,,,,,,0.00,,,,,,,,,,,,,,,,,,,
,,,,,,3,L,,,,,,,,,,,0.00,,,,,,,,,,,,,,,,,,,
,,,,,,3,L,,,,,,,,,,,0.00,,,,,,,,,,3,L,,,,,,,,
,,,,,,3,L,,,,,,,,,,,0.00,,,,,,,,,,,,,,,,,,,
,,,,,,3,L,,,,,,,,,,,0.00,,,,,,,,,,,,,,,,,,,
,,,,,,3,L,,,,,,,,,,,0.00,,,,,,,,,,,,,,,,,,,
,,,,,,3,L,,,,,,,,,,,0.00,,,,,,,,,,3,L,,,,,,,,
,,,,,,3,L,,,,,,,,,,,0.00,,,,,,,,,,,,,,,,,,,
,,,,,,3,L,,,,,,,,,,,0.00,,,,,,,,,,,,,,,,,,,
,,,,,,3,L,,,,,,,,,,,0.00,,,,,,,,,,,,,,,,,,,
,,,,,,3,L,,,,,,,,,,,0.00,,,,,,,,,,3,L,,,,,,,,
,,,,,,3,L,,,,,,,,,,,0.00,,,,,,,,,,,,,,,,,,,
,,,,,,3,L,,,,,,,,,,,0.00,,,,,,,,,,,,,,,,,,,
,,,,,,3,L,,,,,,,,,,,0.00,,,,,,,,,,,,,,,,,,,
,,,,,,3,L,,,,,,,,,,,0.00,,,,,,,,,,3,L,,,,,,,,
,,,,,,3,L,,,,,,,,,,,0.00,,,,,,,,,,,,,,,,,,,
,,,,,,3,L,,,,,,,,,,,0.00,,,,,,,,,,,,,,,,,,,
,,,,,,3,L,,,,,,,,,,,0.00,,,,,,,,,,,,,,,,,,,
Beans,P7N,ROC,SR411,,Exposure,3,W,5,1,25,18,7,14,4,3028,1,3,10.18,,,,P7N,P7N,ROC,SR411,,Exposure,3,W,5,1,,,,,,
ErikBoom,P7N,ROC,SR411,,Exposure,3,W,5,1,22,20,5,14,3,2608,4,4,10.18,,,,P7N,,,,,,,,,,,,,,,
DC,P7N,ROC,SR411,,Exposure,3,W,5,1,23,24,11,14,3,2928,0,3,10.18,,,,P7N,,,,,,,,,,,,,,,
Afro,P7N,ROC,SR411,,Exposure,3,W,5,1,26,19,10,23,5,3323,0,0,10.18,,,,P7N,,,,,,,,,,,,,,,
Khhx,ROC,P7N,SR411,,Exposure,3,L,1,5,23,22,5,15,3,3312,1,4,10.18,,,,ROC,ROC,P7N,SR411,,Exposure,3,L,1,5,,,,,,
d7oomx,ROC,P7N,SR411,,Exposure,3,L,1,5,23,26,11,13,2,3152,0,5,10.18,,,,ROC,,,,,,,,,,,,,,,
d7om,ROC,P7N,SR411,,Exposure,3,L,1,5,18,26,4,9,2,2338,0,3,10.18,,,,ROC,,,,,,,,,,,,,,,
Rxld,ROC,P7N,SR411,,Exposure,3,L,1,5,17,22,6,12,2,2271,0,2,10.18,,,,ROC,,,,,,,,,,,,,,,
Beans,P7N,ROC,SR411,,Scar,6,W,5,3,24,30,7,14,3,2760,1,5,10.00,,,,P7N,P7N,ROC,SR411,,Scar,6,W,5,3,,,,,,
ErikBoom,P7N,ROC,SR411,,Scar,6,W,5,3,21,27,5,14,3,2840,2,3,10.00,,,,P7N,,,,,,,,,,,,,,,
DC,P7N,ROC,SR411,,Scar,6,W,5,3,25,25,11,17,6,3077,1,3,10.00,,,,P7N,,,,,,,,,,,,,,,
Afro,P7N,ROC,SR411,,Scar,6,W,5,3,28,29,9,18,5,3410,1,3,10.00,,,,P7N,,,,,,,,,,,,,,,
Khhx,ROC,P7N,SR411,,Scar,6,L,3,5,27,23,11,20,6,3359,1,4,10.00,,,,ROC,ROC,P7N,SR411,,Scar,6,L,3,5,,,,,,
d7oomx,ROC,P7N,SR411,,Scar,6,L,3,5,17,27,11,11,2,2872,2,3,10.00,,,,ROC,,,,,,,,,,,,,,,
d7om,ROC,P7N,SR411,,Scar,6,L,3,5,30,25,6,21,5,3221,0,2,10.00,,,,ROC,,,,,,,,,,,,,,,
Rxld,ROC,P7N,SR411,,Scar,6,L,3,5,37,23,9,26,7,3876,0,0,10.00,,,,ROC,,,,,,,,,,,,,,,
,,,,,,3,L,,,,,,,,,,,0.00,,,,,,,,,,3,L,,,,,,,,
,,,,,,3,L,,,,,,,,,,,0.00,,,,,,,,,,,,,,,,,,,
,,,,,,3,L,,,,,,,,,,,0.00,,,,,,,,,,,,,,,,,,,
,,,,,,3,L,,,,,,,,,,,0.00,,,,,,,,,,,,,,,,,,,
,,,,,,3,L,,,,,,,,,,,0.00,,,,,,,,,,3,L,,,,,,,,
,,,,,,3,L,,,,,,,,,,,0.00,,,,,,,,,,,,,,,,,,,
,,,,,,3,L,,,,,,,,,,,0.00,,,,,,,,,,,,,,,,,,,
,,,,,,3,L,,,,,,,,,,,0.00,,,,,,,,,,,,,,,,,,,
,,,,,,3,L,,,,,,,,,,,0.00,,,,,,,,,,3,L,,,,,,,,
,,,,,,3,L,,,,,,,,,,,0.00,,,,,,,,,,,,,,,,,,,
,,,,,,3,L,,,,,,,,,,,0.00,,,,,,,,,,,,,,,,,,,
,,,,,,3,L,,,,,,,,,,,0.00,,,,,,,,,,,,,,,,,,,
,,,,,,3,L,,,,,,,,,,,0.00,,,,,,,,,,3,L,,,,,,,,
,,,,,,3,L,,,,,,,,,,,0.00,,,,,,,,,,,,,,,,,,,
,,,,,,3,L,,,,,,,,,,,0.00,,,,,,,,,,,,,,,,,,,
,,,,,,3,L,,,,,,,,,,,0.00,,,,,,,,,,,,,,,,,,,
Brainy,ALU,TWI,SR412,,Exposure,3,L,0,5,15,16,6,11,5,2081,0,2,7.15,,,,ALU,ALU,TWI,SR412,,Exposure,3,L,0,5,,,,,,
F9ly,ALU,TWI,SR412,,Exposure,3,L,0,5,12,22,3,8,2,1419,0,1,7.15,,,,ALU,,,,,,,,,,,,,,,
Littleboy,ALU,TWI,SR412,,Exposure,3,L,0,5,14,19,5,6,2,1655,0,1,7.15,,,,ALU,,,,,,,,,,,,,,,
Op,ALU,TWI,SR412,,Exposure,3,L,0,5,18,17,6,12,3,2580,0,3,7.15,,,,ALU,,,,,,,,,,,,,,,
Aspekt,TWI,ALU,SR412,,Exposure,3,W,5,0,22,16,5,15,3,2620,1,1,7.15,,,,TWI,TWI,ALU,SR412,,Exposure,3,W,5,0,,,,,,
BBConor,TWI,ALU,SR412,,Exposure,3,W,5,0,15,14,7,12,2,2342,1,1,7.15,,,,TWI,,,,,,,,,,,,,,,
Disarray,TWI,ALU,SR412,,Exposure,3,W,5,0,16,15,5,13,4,2051,0,1,7.15,,,,TWI,,,,,,,,,,,,,,,
Vortex,TWI,ALU,SR412,,Exposure,3,W,5,0,21,14,5,17,5,2280,3,3,7.15,,,,TWI,,,,,,,,,,,,,,,
Breszy,EXC,VTZ,SR413,,Exposure,3,W,5,4,28,23,9,19,4,3450,1,4,10.00,,,,EXC,EXC,VTZ,SR413,,Exposure,3,W,5,4,,,,,,
Cobra,EXC,VTZ,SR413,,Exposure,3,W,5,4,18,22,8,15,3,2456,4,1,10.00,,,,EXC,,,,,,,,,,,,,,,
Lynz,EXC,VTZ,SR413,,Exposure,3,W,5,4,28,29,6,23,5,3258,0,5,10.00,,,,EXC,,,,,,,,,,,,,,,
Melko,EXC,VTZ,SR413,,Exposure,3,W,5,4,28,22,9,20,5,3439,0,0,10.00,,,,EXC,,,,,,,,,,,,,,,
Infinity,VTZ,EXC,SR413,,Exposure,3,L,4,5,16,26,11,9,2,2474,3,1,10.00,,,,VTZ,VTZ,EXC,SR413,,Exposure,3,L,4,5,,,,,,
Izaac,VTZ,EXC,SR413,,Exposure,3,L,4,5,26,25,8,17,4,3049,0,4,10.00,,,,VTZ,,,,,,,,,,,,,,,
Kodasity,VTZ,EXC,SR413,,Exposure,3,L,4,5,20,27,8,14,3,2862,0,2,10.00,,,,VTZ,,,,,,,,,,,,,,,
SmolZila,VTZ,EXC,SR413,,Exposure,3,L,4,5,31,25,4,23,4,3497,1,0,10.00,,,,VTZ,,,,,,,,,,,,,,,
Blade,5G,KEZ,SR414,,Scar,3,L,2,2,25,30,12,15,3,3245,0,5,11.03,,,,5G,5G,KEZ,SR414,,Scar,3,L,2,2,,,,,,
Depa,5G,KEZ,SR414,,Scar,3,L,2,2,24,26,12,16,4,2975,0,5,11.03,,,,5G,,,,,,,,,,,,,,,
Nadox,5G,KEZ,SR414,,Scar,3,L,2,2,27,33,13,15,3,3626,1,1,11.03,,,,5G,,,,,,,,,,,,,,,
Ziddix,5G,KEZ,SR414,,Scar,3,L,2,2,36,27,15,22,4,3845,1,7,11.03,,,,5G,,,,,,,,,,,,,,,
Ethan,KEZ,5G,SR414,,Scar,3,L,2,2,33,27,21,21,5,4311,0,8,11.03,,,,KEZ,KEZ,5G,SR414,,Scar,3,L,2,2,,,,,,
Kez,KEZ,5G,SR414,,Scar,3,L,2,2,19,28,13,11,3,2696,0,0,11.03,,,,KEZ,,,,,,,,,,,,,,,
Lampy,KEZ,5G,SR414,,Scar,3,L,2,2,30,30,11,20,3,3652,0,5,11.03,,,,KEZ,,,,,,,,,,,,,,,
UH,KEZ,5G,SR414,,Scar,3,L,2,2,34,29,11,19,3,3792,2,7,11.03,,,,KEZ,,,,,,,,,,,,,,,
Aspekt,TWI,VTZ,SR415,,Exposure,3,W,4,3,22,25,9,15,4,3101,1,2,10.00,,,,TWI,TWI,VTZ,SR415,,Exposure,3,W,4,3,,,,,,
BBConor,TWI,VTZ,SR415,,Exposure,3,W,4,3,29,25,11,17,4,3904,1,3,10.00,,,,TWI,,,,,,,,,,,,,,,
Disarray,TWI,VTZ,SR415,,Exposure,3,W,4,3,21,25,8,17,3,3105,2,3,10.00,,,,TWI,,,,,,,,,,,,,,,
Vortex,TWI,VTZ,SR415,,Exposure,3,W,4,3,21,23,3,18,4,2482,0,2,10.00,,,,TWI,,,,,,,,,,,,,,,
Infinity,VTZ,TWI,SR415,,Exposure,3,L,3,4,21,28,7,13,3,2597,1,2,10.00,,,,VTZ,VTZ,TWI,SR415,,Exposure,3,L,3,4,,,,,,
Izaac,VTZ,TWI,SR415,,Exposure,3,L,3,4,23,20,9,18,3,2850,0,4,10.00,,,,VTZ,,,,,,,,,,,,,,,
Kodasity,VTZ,TWI,SR415,,Exposure,3,L,3,4,27,21,16,18,5,3411,1,6,10.00,,,,VTZ,,,,,,,,,,,,,,,
SmolZila,VTZ,TWI,SR415,,Exposure,3,L,3,4,27,26,13,19,7,3460,1,2,10.00,,,,VTZ,,,,,,,,,,,,,,,
AllEyez,SAU,KAB,SR416,,Scar,3,L,1,3,19,18,7,13,3,2320,0,0,6.88,,,,SAU,SAU,KAB,SR416,,Scar,3,L,1,3,,,,,,
NotTaad,SAU,KAB,SR416,,Scar,3,L,1,3,15,16,6,10,4,1819,0,0,6.88,,,,SAU,,,,,,,,,,,,,,,
RealCharm,SAU,KAB,SR416,,Scar,3,L,1,3,13,17,5,5,2,1428,1,3,6.88,,,,SAU,,,,,,,,,,,,,,,
Sway,SAU,KAB,SR416,,Scar,3,L,1,3,14,19,10,10,3,2015,0,0,6.88,,,,SAU,,,,,,,,,,,,,,,
Alfa,KAB,SAU,SR416,,Scar,3,W,3,1,14,13,6,11,3,1884,2,0,6.88,,,,KAB,KAB,SAU,SR416,,Scar,3,W,3,1,,,,,,
Detain,KAB,SAU,SR416,,Scar,3,W,3,1,15,15,8,11,4,1985,1,4,6.88,,,,KAB,,,,,,,,,,,,,,,
Mighty,KAB,SAU,SR416,,Scar,3,W,3,1,20,15,4,15,7,2093,0,2,6.88,,,,KAB,,,,,,,,,,,,,,,
Syqz,KAB,SAU,SR416,,Scar,3,W,3,1,20,18,9,15,4,2874,0,4,6.88,,,,KAB,,,,,,,,,,,,,,,
Brainy,ALU,EXC,SR417,,Den,3,L,2,8,18,19,5,11,5,2052,1,1,7.85,,,,ALU,ALU,EXC,SR417,,Den,3,L,2,8,,,,,,
F9ly,ALU,EXC,SR417,,Den,3,L,2,8,18,23,4,11,2,2125,0,4,7.85,,,,ALU,,,,,,,,,,,,,,,
Littleboy,ALU,EXC,SR417,,Den,3,L,2,8,10,24,9,5,3,2162,1,0,7.85,,,,ALU,,,,,,,,,,,,,,,
Op,ALU,EXC,SR417,,Den,3,L,2,8,18,22,8,13,3,2435,0,1,7.85,,,,ALU,,,,,,,,,,,,,,,
Breszy,EXC,ALU,SR417,,Den,3,W,8,2,18,15,7,15,6,2275,1,2,7.85,,,,EXC,EXC,ALU,SR417,,Den,3,W,8,2,,,,,,
Cobra,EXC,ALU,SR417,,Den,3,W,8,2,24,16,4,19,7,2341,5,2,7.85,,,,EXC,,,,,,,,,,,,,,,
Lynz,EXC,ALU,SR417,,Den,3,W,8,2,28,17,10,21,10,3418,2,2,7.85,,,,EXC,,,,,,,,,,,,,,,
Melko,EXC,ALU,SR417,,Den,3,W,8,2,15,17,8,9,3,2293,0,0,7.85,,,,EXC,,,,,,,,,,,,,,,
Brainy,ALU,KEZ,SR418,,Scar,3,L,1,6,25,31,12,13,3,3454,0,2,10.00,,,,ALU,ALU,KEZ,SR418,,Scar,3,L,1,6,,,,,,
F9ly,ALU,KEZ,SR418,,Scar,3,L,1,6,25,33,8,16,4,2970,1,5,10.00,,,,ALU,,,,,,,,,,,,,,,
Littleboy,ALU,KEZ,SR418,,Scar,3,L,1,6,20,32,13,12,4,2601,0,1,10.00,,,,ALU,,,,,,,,,,,,,,,
Op,ALU,KEZ,SR418,,Scar,3,L,1,6,26,34,7,15,3,3768,0,4,10.00,,,,ALU,,,,,,,,,,,,,,,
Ethan,KEZ,ALU,SR418,,Scar,3,W,6,1,39,27,14,27,8,4598,3,4,10.00,,,,KEZ,KEZ,ALU,SR418,,Scar,3,W,6,1,,,,,,
Kez,KEZ,ALU,SR418,,Scar,3,W,6,1,36,22,15,24,5,4484,2,1,10.00,,,,KEZ,,,,,,,,,,,,,,,
Lampy,KEZ,ALU,SR418,,Scar,3,W,6,1,23,26,13,14,4,2794,1,2,10.00,,,,KEZ,,,,,,,,,,,,,,,
UH,KEZ,ALU,SR418,,Scar,3,W,6,1,32,21,12,25,4,3585,0,4,10.00,,,,KEZ,,,,,,,,,,,,,,,
Alfa,KAB,TWI,SR419,,Exposure,3,W,5,3,30,16,4,25,4,3126,4,4,10.00,,,,KAB,KAB,TWI,SR419,,Exposure,3,W,5,3,,,,,,
Detain,KAB,TWI,SR419,,Exposure,3,W,5,3,28,19,6,22,5,3542,0,0,10.00,,,,KAB,,,,,,,,,,,,,,,
Mighty,KAB,TWI,SR419,,Exposure,3,W,5,3,21,24,14,15,3,2694,0,1,10.00,,,,KAB,,,,,,,,,,,,,,,
Syqz,KAB,TWI,SR419,,Exposure,3,W,5,3,19,21,9,15,4,2757,1,2,10.00,,,,KAB,,,,,,,,,,,,,,,
Aspekt,TWI,KAB,SR419,,Exposure,3,L,3,5,27,26,3,16,3,3383,0,2,10.00,,,,TWI,TWI,KAB,SR419,,Exposure,3,L,3,5,,,,,,
BBConor,TWI,KAB,SR419,,Exposure,3,L,3,5,14,24,8,10,2,2781,1,1,10.00,,,,TWI,,,,,,,,,,,,,,,
Disarray,TWI,KAB,SR419,,Exposure,3,L,3,5,16,22,3,10,4,2173,0,2,10.00,,,,TWI,,,,,,,,,,,,,,,
Vortex,TWI,KAB,SR419,,Exposure,3,L,3,5,21,26,7,13,3,2659,2,0,10.00,,,,TWI,,,,,,,,,,,,,,,
AllEyez,SAU,EXC,SR420,,Exposure,3,L,1,4,19,22,6,13,3,2309,1,1,10.00,,,,SAU,SAU,EXC,SR420,,Exposure,3,L,1,4,,,,,,
NotTaad,SAU,EXC,SR420,,Exposure,3,L,1,4,27,20,7,23,4,2885,0,3,10.00,,,,SAU,,,,,,,,,,,,,,,
RealCharm,SAU,EXC,SR420,,Exposure,3,L,1,4,19,24,9,13,4,2859,0,1,10.00,,,,SAU,,,,,,,,,,,,,,,
Sway,SAU,EXC,SR420,,Exposure,3,L,1,4,18,25,6,11,4,2842,0,2,10.00,,,,SAU,,,,,,,,,,,,,,,
Breszy,EXC,SAU,SR420,,Exposure,3,W,4,1,20,20,9,11,4,2970,0,3,10.00,,,,EXC,EXC,SAU,SR420,,Exposure,3,W,4,1,,,,,,
Cobra,EXC,SAU,SR420,,Exposure,3,W,4,1,28,23,6,21,4,2952,3,4,10.00,,,,EXC,,,,,,,,,,,,,,,
Lynz,EXC,SAU,SR420,,Exposure,3,W,4,1,23,25,10,18,4,3252,0,5,10.00,,,,EXC,,,,,,,,,,,,,,,
Melko,EXC,SAU,SR420,,Exposure,3,W,4,1,20,17,7,17,6,2772,1,2,10.00,,,,EXC,,,,,,,,,,,,,,,
Brainy,ALU,KAB,SR421,,Den,3,L,3,4,23,25,11,17,4,3415,0,2,10.00,,,,ALU,ALU,KAB,SR421,,Den,3,L,3,4,,,,,,
F9ly,ALU,KAB,SR421,,Den,3,L,3,4,22,25,2,14,4,2589,1,4,10.00,,,,ALU,,,,,,,,,,,,,,,
Littleboy,ALU,KAB,SR421,,Den,3,L,3,4,14,24,7,9,3,1981,2,2,10.00,,,,ALU,,,,,,,,,,,,,,,
Op,ALU,KAB,SR421,,Den,3,L,3,4,24,23,7,17,4,2880,0,2,10.00,,,,ALU,,,,,,,,,,,,,,,
Alfa,KAB,ALU,SR421,,Den,3,W,4,3,27,22,8,16,5,3116,0,5,10.00,,,,KAB,KAB,ALU,SR421,,Den,3,W,4,3,,,,,,
Detain,KAB,ALU,SR421,,Den,3,W,4,3,21,21,10,16,5,2893,1,5,10.00,,,,KAB,,,,,,,,,,,,,,,
Mighty,KAB,ALU,SR421,,Den,3,W,4,3,20,22,8,16,3,2375,3,4,10.00,,,,KAB,,,,,,,,,,,,,,,
Syqz,KAB,ALU,SR421,,Den,3,W,4,3,27,19,5,20,3,3293,1,5,10.00,,,,KAB,,,,,,,,,,,,,,,
AllEyez,SAU,KAB,SR422,,Den,3,W,6,3,32,20,5,27,4,3609,2,2,10.37,,,,SAU,SAU,KAB,SR422,,Den,3,W,6,3,,,,,,
NotTaad,SAU,KAB,SR422,,Den,3,W,6,3,26,24,10,18,5,3427,2,2,10.37,,,,SAU,,,,,,,,,,,,,,,
RealCharm,SAU,KAB,SR422,,Den,3,W,6,3,15,24,10,10,2,2361,1,2,10.37,,,,SAU,,,,,,,,,,,,,,,
Sway,SAU,KAB,SR422,,Den,3,W,6,3,27,23,7,22,4,3137,1,4,10.37,,,,SAU,,,,,,,,,,,,,,,
Alfa,KAB,SAU,SR422,,Den,3,L,3,6,35,23,9,25,5,4388,1,4,10.37,,,,KAB,KAB,SAU,SR422,,Den,3,L,3,6,,,,,,
Detain,KAB,SAU,SR422,,Den,3,L,3,6,21,25,5,16,4,2524,0,3,10.37,,,,KAB,,,,,,,,,,,,,,,
Mighty,KAB,SAU,SR422,,Den,3,L,3,6,21,24,9,11,3,3239,1,2,10.37,,,,KAB,,,,,,,,,,,,,,,
Syqz,KAB,SAU,SR422,,Den,3,L,3,6,14,29,3,5,2,2319,1,1,10.37,,,,KAB,,,,,,,,,,,,,,,
Breszy,EXC,KAB,SR423,,Den,3,W,3,4,21,23,6,13,3,2648,0,2,11.13,,,,EXC,EXC,KAB,SR423,,Den,3,W,3,4,,,,,,
Cobra,EXC,KAB,SR423,,Den,3,W,3,4,17,26,7,10,3,2605,3,3,11.13,,,,EXC,,,,,,,,,,,,,,,
Lynz,EXC,KAB,SR423,,Den,3,W,3,4,23,28,10,16,4,3345,0,4,11.13,,,,EXC,,,,,,,,,,,,,,,
Melko,EXC,KAB,SR423,,Den,3,W,3,4,27,23,5,17,7,3142,0,4,11.13,,,,EXC,,,,,,,,,,,,,,,
Alfa,KAB,EXC,SR423,,Den,3,W,4,3,12,25,9,9,2,2034,1,2,11.13,,,,KAB,KAB,EXC,SR423,,Den,3,W,4,3,,,,,,
Detain,KAB,EXC,SR423,,Den,3,W,4,3,21,24,9,13,4,2882,0,3,11.13,,,,KAB,,,,,,,,,,,,,,,
Mighty,KAB,EXC,SR423,,Den,3,W,4,3,34,21,12,27,5,4193,0,6,11.13,,,,KAB,,,,,,,,,,,,,,,
Syqz,KAB,EXC,SR423,,Den,3,W,4,3,31,21,5,23,5,3123,2,6,11.13,,,,KAB,,,,,,,,,,,,,,,
,EXC,KAB,SR423,,,6,,,,,,,,,,,,0.00,,,,EXC,EXC,KAB,SR423,,,6,,,,,,,,,
,EXC,KAB,SR423,,,6,,,,,,,,,,,,0.00,,,,EXC,,,,,,,,,,,,,,,
,EXC,KAB,SR423,,,6,,,,,,,,,,,,0.00,,,,EXC,,,,,,,,,,,,,,,
,EXC,KAB,SR423,,,6,,,,,,,,,,,,0.00,,,,EXC,,,,,,,,,,,,,,,
,KAB,EXC,SR423,,,6,,,,,,,,,,,,0.00,,,,KAB,KAB,EXC,SR423,,,6,,,,,,,,,
,KAB,EXC,SR423,,,6,,,,,,,,,,,,0.00,,,,KAB,,,,,,,,,,,,,,,
,KAB,EXC,SR423,,,6,,,,,,,,,,,,0.00,,,,KAB,,,,,,,,,,,,,,,
,KAB,EXC,SR423,,,6,,,,,,,,,,,,0.00,,,,KAB,,,,,,,,,,,,,,,
Gio,FUN,FCB,SR424,,Scar,3,W,4,2,34,22,7,25,5,3567,1,2,10.00,,,,FUN,FUN,FCB,SR424,,Scar,3,W,4,2,,,,,,
Mack,FUN,FCB,SR424,,Scar,3,W,4,2,25,30,9,14,3,3035,1,4,10.00,,,,FUN,,,,,,,,,,,,,,,
Owakening,FUN,FCB,SR424,,Scar,3,W,4,2,29,25,17,18,4,3962,1,5,10.00,,,,FUN,,,,,,,,,,,,,,,
Uli,FUN,FCB,SR424,,Scar,3,W,4,2,23,25,12,16,6,3000,1,4,10.00,,,,FUN,,,,,,,,,,,,,,,
Cimbels,FCB,FUN,SR424,,Scar,3,L,2,4,24,27,6,13,4,2783,1,5,10.00,,,,FCB,FCB,FUN,SR424,,Scar,3,L,2,4,,,,,,
Jua,FCB,FUN,SR424,,Scar,3,L,2,4,26,25,8,18,3,3521,0,1,10.00,,,,FCB,,,,,,,,,,,,,,,
Nemensions,FCB,FUN,SR424,,Scar,3,L,2,4,26,29,11,15,3,3260,1,5,10.00,,,,FCB,,,,,,,,,,,,,,,
Rspi,FCB,FUN,SR424,,Scar,3,L,2,4,26,31,15,13,3,3512,0,5,10.00,,,,FCB,,,,,,,,,,,,,,,
2Real,2RE,FAA,SR425,,Scar,3,L,6,7,27,25,10,22,9,2889,1,1,9.82,,,,2RE,2RE,FAA,SR425,,Scar,3,L,6,7,,,,,,
FeLo,2RE,FAA,SR425,,Scar,3,L,6,7,31,23,11,23,5,2830,1,2,9.82,,,,2RE,,,,,,,,,,,,,,,
Standy,2RE,FAA,SR425,,Scar,3,L,6,7,27,24,15,18,5,3800,3,2,9.82,,,,2RE,,,,,,,,,,,,,,,
Wrecks,2RE,FAA,SR425,,Scar,3,L,6,7,22,25,14,15,5,3424,1,0,9.82,,,,2RE,,,,,,,,,,,,,,,
Arcitys,FAA,2RE,SR425,,Scar,3,W,7,6,21,24,11,14,3,2793,3,2,9.82,,,,FAA,FAA,2RE,SR425,,Scar,3,W,7,6,,,,,,
Asim,FAA,2RE,SR425,,Scar,3,W,7,6,28,30,10,18,5,3474,1,2,9.82,,,,FAA,,,,,,,,,,,,,,,
Flames,FAA,2RE,SR425,,Scar,3,W,7,6,18,27,13,12,6,2678,2,2,9.82,,,,FAA,,,,,,,,,,,,,,,
Manny,FAA,2RE,SR425,,Scar,3,W,7,6,30,26,4,20,4,3400,1,2,9.82,,,,FAA,,,,,,,,,,,,,,,
,,,,,,3,,,,,,,,,,,,0.00,,,,,,,,,,3,,,,,,,,,
,,,,,,3,,,,,,,,,,,,0.00,,,,,,,,,,,,,,,,,,,
,,,,,,3,,,,,,,,,,,,0.00,,,,,,,,,,,,,,,,,,,
,,,,,,3,,,,,,,,,,,,0.00,,,,,,,,,,,,,,,,,,,
,,,,,,3,,,,,,,,,,,,0.00,,,,,,,,,,3,,,,,,,,,
,,,,,,3,,,,,,,,,,,,0.00,,,,,,,,,,,,,,,,,,,
,,,,,,3,,,,,,,,,,,,0.00,,,,,,,,,,,,,,,,,,,
,,,,,,3,,,,,,,,,,,,0.00,,,,,,,,,,,,,,,,,,,
Abe,TBG,FCS,SR426,,Scar,3,W,8,5,43,35,18,31,4,5952,0,1,12.85,,,,TBG,TBG,FCS,SR426,,Scar,3,W,8,5,,,,,,
Cammy,TBG,FCS,SR426,,Scar,3,W,8,5,32,36,15,22,3,3906,3,0,12.85,,,,TBG,,,,,,,,,,,,,,,
Capsidal,TBG,FCS,SR426,,Scar,3,W,8,5,44,35,13,33,5,4998,2,3,12.85,,,,TBG,,,,,,,,,,,,,,,
Prolute,TBG,FCS,SR426,,Scar,3,W,8,5,29,31,14,22,5,3948,3,2,12.85,,,,TBG,,,,,,,,,,,,,,,
IconZ,FCS,TBG,SR426,,Scar,3,L,5,8,35,38,15,24,4,4508,2,3,12.85,,,,FCS,FCS,TBG,SR426,,Scar,3,L,5,8,,,,,,
KB,FCS,TBG,SR426,,Scar,3,L,5,8,29,35,11,18,4,3752,1,0,12.85,,,,FCS,,,,,,,,,,,,,,,
Ruper,FCS,TBG,SR426,,Scar,3,L,5,8,34,38,14,24,4,5033,1,1,12.85,,,,FCS,,,,,,,,,,,,,,,
Swooty,FCS,TBG,SR426,,Scar,3,L,5,8,38,38,13,24,4,5069,1,3,12.85,,,,FCS,,,,,,,,,,,,,,,
Cimbels,FCB,2RE,SR427,,Scar,3,L,0,2,13,15,3,9,3,2122,0,1,5.98,,,,FCB,FCB,2RE,SR427,,Scar,3,L,0,2,,,,,,
Jua,FCB,2RE,SR427,,Scar,3,L,0,2,13,18,3,8,2,1136,0,2,5.98,,,,FCB,,,,,,,,,,,,,,,
Nemensions,FCB,2RE,SR427,,Scar,3,L,0,2,10,16,7,3,1,1627,0,3,5.98,,,,FCB,,,,,,,,,,,,,,,
Rspi,FCB,2RE,SR427,,Scar,3,L,0,2,14,18,5,6,3,2188,0,1,5.98,,,,FCB,,,,,,,,,,,,,,,
2Real,2RE,FCB,SR427,,Scar,3,W,2,0,17,13,9,12,6,2271,0,2,5.98,,,,2RE,2RE,FCB,SR427,,Scar,3,W,2,0,,,,,,
FeLo,2RE,FCB,SR427,,Scar,3,W,2,0,10,10,6,9,2,1830,2,0,5.98,,,,2RE,,,,,,,,,,,,,,,
Standy,2RE,FCB,SR427,,Scar,3,W,2,0,16,13,8,10,4,2059,0,1,5.98,,,,2RE,,,,,,,,,,,,,,,
Wrecks,2RE,FCB,SR427,,Scar,3,W,2,0,24,14,4,15,6,2249,0,2,5.98,,,,2RE,,,,,,,,,,,,,,,
Brack,HUN,FCS,SR428,,Scar,3,L,2,5,29,31,14,17,3,3411,0,7,10.37,,,,HUN,HUN,FCS,SR428,,Scar,3,L,2,5,,,,,,
Kenny,HUN,FCS,SR428,,Scar,3,L,2,5,24,31,13,18,4,3575,0,3,10.37,,,,HUN,,,,,,,,,,,,,,,
Johnny,HUN,FCS,SR428,,Scar,3,L,2,5,28,31,4,12,3,3000,1,0,10.37,,,,HUN,,,,,,,,,,,,,,,
Renegade,HUN,FCS,SR428,,Scar,3,L,2,5,27,32,15,17,4,3638,1,4,10.37,,,,HUN,,,,,,,,,,,,,,,
IconZ,FCS,HUN,SR428,,Scar,3,W,5,2,34,22,11,24,5,3860,1,6,10.37,,,,FCS,FCS,HUN,SR428,,Scar,3,W,5,2,,,,,,
KB,FCS,HUN,SR428,,Scar,3,W,5,2,36,29,13,22,3,4362,1,3,10.37,,,,FCS,,,,,,,,,,,,,,,
Ruper,FCS,HUN,SR428,,Scar,3,W,5,2,23,27,10,18,5,3264,2,4,10.37,,,,FCS,,,,,,,,,,,,,,,
Swooty,FCS,HUN,SR428,,Scar,3,W,5,2,29,31,8,17,4,3623,1,4,10.37,,,,FCS,,,,,,,,,,,,,,,
Gio,FUN,FAA,SR429,,Scar,3,L,1,3,21,34,12,15,4,2986,0,1,10.00,,,,FUN,FUN,FAA,SR429,,Scar,3,L,1,3,,,,,,
Mack,FUN,FAA,SR429,,Scar,3,L,1,3,21,31,12,13,4,3138,0,3,10.00,,,,FUN,,,,,,,,,,,,,,,
Owakening,FUN,FAA,SR429,,Scar,3,L,1,3,31,26,10,23,3,4095,1,6,10.00,,,,FUN,,,,,,,,,,,,,,,
Uli,FUN,FAA,SR429,,Scar,3,L,1,3,26,24,6,16,3,2466,0,6,10.00,,,,FUN,,,,,,,,,,,,,,,
Arcitys,FAA,FUN,SR429,,Scar,3,W,3,1,24,25,10,13,2,3290,1,5,10.00,,,,FAA,FAA,FUN,SR429,,Scar,3,W,3,1,,,,,,
Asim,FAA,FUN,SR429,,Scar,3,W,3,1,26,29,6,16,3,3561,0,1,10.00,,,,FAA,,,,,,,,,,,,,,,
Flames,FAA,FUN,SR429,,Scar,3,W,3,1,31,19,9,28,9,3675,1,5,10.00,,,,FAA,,,,,,,,,,,,,,,
Manny,FAA,FUN,SR429,,Scar,3,W,3,1,33,26,10,19,8,3588,1,8,10.00,,,,FAA,,,,,,,,,,,,,,,
Beans,P7N,TBG,SR430,,Den,3,W,8,1,20,16,10,12,5,2356,4,2,7.58,,,,P7N,P7N,TBG,SR430,,Den,3,W,8,1,,,,,,
DC,P7N,TBG,SR430,,Den,3,W,8,1,25,14,5,17,5,2507,1,2,7.58,,,,P7N,,,,,,,,,,,,,,,
ErikBoom,P7N,TBG,SR430,,Den,3,W,8,1,24,18,11,16,4,2719,1,2,7.58,,,,P7N,,,,,,,,,,,,,,,
Snoopy,P7N,TBG,SR430,,Den,3,W,8,1,28,16,13,21,5,3156,2,4,7.58,,,,P7N,,,,,,,,,,,,,,,
Abe,TBG,P7N,SR430,,Den,3,L,1,8,19,26,4,6,3,2100,0,0,7.58,,,,TBG,TBG,P7N,SR430,,Den,3,L,1,8,,,,,,
Cammy,TBG,P7N,SR430,,Den,3,L,1,8,17,23,6,11,5,2184,0,1,7.58,,,,TBG,,,,,,,,,,,,,,,
Capsidal,TBG,P7N,SR430,,Den,3,L,1,8,15,27,9,7,2,2271,1,0,7.58,,,,TBG,,,,,,,,,,,,,,,
Prolute,TBG,P7N,SR430,,Den,3,L,1,8,13,21,11,9,2,2171,0,1,7.58,,,,TBG,,,,,,,,,,,,,,,
Abe,TBG,2RE,SR431,,Scar,3,W,7,4,24,21,13,19,4,3584,0,0,9.57,,,,TBG,TBG,2RE,SR431,,Scar,3,W,7,4,,,,,,
Cammy,TBG,2RE,SR431,,Scar,3,W,7,4,28,25,11,19,5,3402,1,2,9.57,,,,TBG,,,,,,,,,,,,,,,
Capsidal,TBG,2RE,SR431,,Scar,3,W,7,4,36,21,6,27,7,3266,3,3,9.57,,,,TBG,,,,,,,,,,,,,,,
Prolute,TBG,2RE,SR431,,Scar,3,W,7,4,23,25,10,16,3,2875,3,1,9.57,,,,TBG,,,,,,,,,,,,,,,
2Real,2RE,TBG,SR431,,Scar,3,L,4,7,24,28,5,13,3,3129,2,4,9.57,,,,2RE,2RE,TBG,SR431,,Scar,3,L,4,7,,,,,,
FeLo,2RE,TBG,SR431,,Scar,3,L,4,7,22,29,12,13,3,3066,1,1,9.57,,,,2RE,,,,,,,,,,,,,,,
Standy,2RE,TBG,SR431,,Scar,3,L,4,7,23,29,11,14,5,2853,0,3,9.57,,,,2RE,,,,,,,,,,,,,,,
Wrecks,2RE,TBG,SR431,,Scar,3,L,4,7,22,25,8,16,5,3187,1,3,9.57,,,,2RE,,,,,,,,,,,,,,,
Arcitys,FAA,FCS,SR432,,Scar,3,L,3,4,17,32,21,12,3,3190,2,4,10.43,,,,FAA,FAA,FCS,SR432,,Scar,3,L,3,4,,,,,,
Asim,FAA,FCS,SR432,,Scar,3,L,3,4,34,29,16,21,5,4466,0,2,10.43,,,,FAA,,,,,,,,,,,,,,,
Flames,FAA,FCS,SR432,,Scar,3,L,3,4,31,28,4,20,6,3486,0,4,10.43,,,,FAA,,,,,,,,,,,,,,,
Manny,FAA,FCS,SR432,,Scar,3,L,3,4,32,27,3,20,5,3271,1,6,10.43,,,,FAA,,,,,,,,,,,,,,,
IconZ,FCS,FAA,SR432,,Scar,3,W,4,3,28,28,12,15,4,3503,1,3,10.43,,,,FCS,FCS,FAA,SR432,,Scar,3,W,4,3,,,,,,
KB,FCS,FAA,SR432,,Scar,3,W,4,3,24,25,10,16,4,3192,2,7,10.43,,,,FCS,,,,,,,,,,,,,,,
Ruper,FCS,FAA,SR432,,Scar,3,W,4,3,35,33,8,21,5,3971,0,2,10.43,,,,FCS,,,,,,,,,,,,,,,
Swooty,FCS,FAA,SR432,,Scar,3,W,4,3,29,28,12,19,5,3293,1,1,10.43,,,,FCS,,,,,,,,,,,,,,,
Gio,FUN,P7N,SR433,,Exposure,3,L,2,8,23,23,4,12,5,2478,1,5,8.78,,,,FUN,FUN,P7N,SR433,,Exposure,3,L,2,8,,,,,,
Mack,FUN,P7N,SR433,,Exposure,3,L,2,8,15,29,8,8,2,2204,0,6,8.78,,,,FUN,,,,,,,,,,,,,,,
Owakening,FUN,P7N,SR433,,Exposure,3,L,2,8,17,24,9,11,4,2908,1,1,8.78,,,,FUN,,,,,,,,,,,,,,,
Uli,FUN,P7N,SR433,,Exposure,3,L,2,8,21,24,10,14,5,2501,0,0,8.78,,,,FUN,,,,,,,,,,,,,,,
Beans,P7N,FUN,SR433,,Exposure,3,W,8,2,22,19,11,13,5,2798,2,6,8.78,,,,P7N,P7N,FUN,SR433,,Exposure,3,W,8,2,,,,,,
DC,P7N,FUN,SR433,,Exposure,3,W,8,2,28,15,5,22,5,2803,2,5,8.78,,,,P7N,,,,,,,,,,,,,,,
ErikBoom,P7N,FUN,SR433,,Exposure,3,W,8,2,21,23,14,16,4,2619,2,2,8.78,,,,P7N,,,,,,,,,,,,,,,
Snoopy,P7N,FUN,SR433,,Exposure,3,W,8,2,29,20,6,25,6,3209,2,3,8.78,,,,P7N,,,,,,,,,,,,,,,
Abe,TBG,FCS,SR434,,Scar,3,W,4,1,22,30,13,15,4,2906,2,5,10.20,,,,TBG,TBG,FCS,SR434,,Scar,3,W,4,1,,,,,,
Cammy,TBG,FCS,SR434,,Scar,3,W,4,1,36,24,13,26,4,4552,0,6,10.20,,,,TBG,,,,,,,,,,,,,,,
Capsidal,TBG,FCS,SR434,,Scar,3,W,4,1,27,23,11,18,4,3459,2,3,10.20,,,,TBG,,,,,,,,,,,,,,,
Prolute,TBG,FCS,SR434,,Scar,3,W,4,1,27,26,9,17,5,3069,0,2,10.20,,,,TBG,,,,,,,,,,,,,,,
IconZ,FCS,TBG,SR434,,Scar,3,L,1,4,32,28,11,20,3,4047,0,1,10.20,,,,FCS,FCS,TBG,SR434,,Scar,3,L,1,4,,,,,,
KB,FCS,TBG,SR434,,Scar,3,L,1,4,18,29,10,13,3,2246,0,3,10.20,,,,FCS,,,,,,,,,,,,,,,
Ruper,FCS,TBG,SR434,,Scar,3,L,1,4,30,27,10,24,4,3801,0,3,10.20,,,,FCS,,,,,,,,,,,,,,,
Swooty,FCS,TBG,SR434,,Scar,3,L,1,4,23,29,8,17,4,3035,1,5,10.20,,,,FCS,,,,,,,,,,,,,,,
Gio,FUN,TBG,SR435,,Scar,3,L,1,7,17,26,14,12,3,2795,0,0,10.10,,,,FUN,FUN,TBG,SR435,,Scar,3,L,1,7,,,,,,
Mack,FUN,TBG,SR435,,Scar,3,L,1,7,32,31,10,20,3,3598,0,5,10.10,,,,FUN,,,,,,,,,,,,,,,
Owakening,FUN,TBG,SR435,,Scar,3,L,1,7,25,23,15,16,5,3559,0,2,10.10,,,,FUN,,,,,,,,,,,,,,,
Uli,FUN,TBG,SR435,,Scar,3,L,1,7,24,31,5,15,2,2906,1,5,10.10,,,,FUN,,,,,,,,,,,,,,,
Abe,TBG,FUN,SR435,,Scar,3,W,7,1,33,23,14,22,4,4287,0,3,10.10,,,,TBG,TBG,FUN,SR435,,Scar,3,W,7,1,,,,,,
Cammy,TBG,FUN,SR435,,Scar,3,W,7,1,26,25,12,21,3,3194,2,4,10.10,,,,TBG,,,,,,,,,,,,,,,
Capsidal,TBG,FUN,SR435,,Scar,3,W,7,1,27,24,10,18,5,3037,3,0,10.10,,,,TBG,,,,,,,,,,,,,,,
Prolute,TBG,FUN,SR435,,Scar,3,W,7,1,25,27,11,18,3,3373,2,2,10.10,,,,TBG,,,,,,,,,,,,,,,
Beans,P7N,TBG,SR436,,Exposure,3,L,1,6,24,25,5,20,4,2837,0,2,9.85,,,,P7N,P7N,TBG,SR436,,Exposure,3,L,1,6,,,,,,
DC,P7N,TBG,SR436,,Exposure,3,L,1,6,15,27,10,5,4,2161,0,2,9.85,,,,P7N,,,,,,,,,,,,,,,
ErikBoom,P7N,TBG,SR436,,Exposure,3,L,1,6,20,30,9,9,2,2737,0,5,9.85,,,,P7N,,,,,,,,,,,,,,,
Snoopy,P7N,TBG,SR436,,Exposure,3,L,1,6,20,24,5,9,2,2556,1,3,9.85,,,,P7N,,,,,,,,,,,,,,,
Abe,TBG,P7N,SR436,,Exposure,3,W,6,1,33,18,10,29,5,3628,3,5,9.85,,,,TBG,TBG,P7N,SR436,,Exposure,3,W,6,1,,,,,,
Cammy,TBG,P7N,SR436,,Exposure,3,W,6,1,32,19,15,22,8,3228,2,1,9.85,,,,TBG,,,,,,,,,,,,,,,
Capsidal,TBG,P7N,SR436,,Exposure,3,W,6,1,18,20,10,11,4,2850,1,8,9.85,,,,TBG,,,,,,,,,,,,,,,
Prolute,TBG,P7N,SR436,,Exposure,3,W,6,1,22,22,9,14,4,2988,0,2,9.85,,,,TBG,,,,,,,,,,,,,,,
Beans,P7N,TBG,SR436,,Den,6,W,3,2,27,33,13,18,3,3836,1,5,11.42,,,,P7N,P7N,TBG,SR436,,Den,6,W,3,2,,,,,,
DC,P7N,TBG,SR436,,Den,6,W,3,2,32,26,11,23,6,3858,1,4,11.42,,,,P7N,,,,,,,,,,,,,,,
ErikBoom,P7N,TBG,SR436,,Den,6,W,3,2,24,30,15,14,3,3282,0,1,11.42,,,,P7N,,,,,,,,,,,,,,,
Snoopy,P7N,TBG,SR436,,Den,6,W,3,2,33,25,8,23,7,3756,1,3,11.42,,,,P7N,,,,,,,,,,,,,,,
Abe,TBG,P7N,SR436,,Den,6,L,2,3,28,32,13,17,4,4017,1,3,11.42,,,,TBG,TBG,P7N,SR436,,Den,6,L,2,3,,,,,,
Cammy,TBG,P7N,SR436,,Den,6,L,2,3,34,30,13,21,4,3919,0,3,11.42,,,,TBG,,,,,,,,,,,,,,,
Capsidal,TBG,P7N,SR436,,Den,6,L,2,3,23,31,7,16,3,2647,1,4,11.42,,,,TBG,,,,,,,,,,,,,,,
Prolute,TBG,P7N,SR436,,Den,6,L,2,3,25,26,8,17,4,3428,0,2,11.42,,,,TBG,,,,,,,,,,,,,,,
D7oomx,ROC,ONR,SR437,,Exposure,3,W,5,4,25,24,14,21,5,3454,2,4,10.07,,,,ROC,ROC,ONR,SR437,,Exposure,3,W,5,4,,,,,,
D7om,ROC,ONR,SR437,,Exposure,3,W,5,4,24,24,9,19,3,2846,1,4,10.07,,,,ROC,,,,,,,,,,,,,,,
Khhx,ROC,ONR,SR437,,Exposure,3,W,5,4,29,24,8,18,4,3516,2,3,10.07,,,,ROC,,,,,,,,,,,,,,,
Rxld,ROC,ONR,SR437,,Exposure,3,W,5,4,27,25,9,19,5,3151,0,1,10.07,,,,ROC,,,,,,,,,,,,,,,
Aspekt,ONR,ROC,SR437,,Exposure,3,L,4,5,27,26,7,20,4,3086,2,10,10.07,,,,ONR,ONR,ROC,SR437,,Exposure,3,L,4,5,,,,,,
Denza,ONR,ROC,SR437,,Exposure,3,L,4,5,22,24,4,13,4,2608,1,2,10.07,,,,ONR,,,,,,,,,,,,,,,
dk,ONR,ROC,SR437,,Exposure,3,L,4,5,19,26,8,13,2,2654,1,2,10.07,,,,ONR,,,,,,,,,,,,,,,
Ethan,ONR,ROC,SR437,,Exposure,3,L,4,5,28,29,8,14,3,3438,0,4,10.07,,,,ONR,,,,,,,,,,,,,,,
BBConor,HYB,LIN,SR438,,Scar,3,L,3,4,14,15,2,6,3,1600,1,0,6.00,,,,HYB,HYB,LIN,SR438,,Scar,3,L,3,4,,,,,,
Blade,HYB,LIN,SR438,,Scar,3,L,3,4,8,15,3,3,2,1000,2,0,6.00,,,,HYB,,,,,,,,,,,,,,,
Dany,HYB,LIN,SR438,,Scar,3,L,3,4,18,18,2,8,3,2000,0,0,6.00,,,,HYB,,,,,,,,,,,,,,,
Scythe,HYB,LIN,SR438,,Scar,3,L,3,4,21,15,2,10,2,2300,0,0,6.00,,,,HYB,,,,,,,,,,,,,,,
Jamal,LIN,HYB,SR438,,Scar,3,W,4,3,16,13,2,7,3,1800,0,0,6.00,,,,LIN,LIN,HYB,SR438,,Scar,3,W,4,3,,,,,,
Slade,LIN,HYB,SR438,,Scar,3,W,4,3,18,15,2,8,3,2000,2,0,6.00,,,,LIN,,,,,,,,,,,,,,,
UH,LIN,HYB,SR438,,Scar,3,W,4,3,12,17,3,5,2,1400,0,0,6.00,,,,LIN,,,,,,,,,,,,,,,
Weaths,LIN,HYB,SR438,,Scar,3,W,4,3,17,16,2,8,3,1900,2,0,6.00,,,,LIN,,,,,,,,,,,,,,,
D3,DCM,OMN,SR439,,Exposure,3,W,4,3,17,25,5,13,3,2071,1,3,10.63,,,,DCM,DCM,OMN,SR439,,Exposure,3,W,4,3,,,,,,
Depa,DCM,OMN,SR439,,Exposure,3,W,4,3,30,31,5,23,3,3555,0,2,10.63,,,,DCM,,,,,,,,,,,,,,,
Nadox,DCM,OMN,SR439,,Exposure,3,W,4,3,22,26,12,15,3,3333,1,4,10.63,,,,DCM,,,,,,,,,,,,,,,
Ziddix,DCM,OMN,SR439,,Exposure,3,W,4,3,26,26,11,17,4,3516,2,3,10.63,,,,DCM,,,,,,,,,,,,,,,
Alfa,OMN,DCM,SR439,,Exposure,3,L,3,4,32,23,10,25,6,3831,0,3,10.63,,,,OMN,OMN,DCM,SR439,,Exposure,3,L,3,4,,,,,,
Detain,OMN,DCM,SR439,,Exposure,3,L,3,4,30,23,9,19,4,3686,1,2,10.63,,,,OMN,,,,,,,,,,,,,,,
Mighty,OMN,DCM,SR439,,Exposure,3,L,3,4,24,25,9,17,4,3422,1,4,10.63,,,,OMN,,,,,,,,,,,,,,,
Syqz,OMN,DCM,SR439,,Exposure,3,L,3,4,20,24,9,12,3,2538,1,5,10.63,,,,OMN,,,,,,,,,,,,,,,
FDot,P7E,T1G,SR440,,Exposure,3,L,5,6,19,26,8,9,4,2994,0,1,10.00,,,,P7E,P7E,T1G,SR440,,Exposure,3,L,5,6,,,,,,
Harry,P7E,T1G,SR440,,Exposure,3,L,5,6,20,23,9,14,3,2563,2,2,10.00,,,,P7E,,,,,,,,,,,,,,,
Mythix,P7E,T1G,SR440,,Exposure,3,L,5,6,16,25,8,8,4,2614,2,0,10.00,,,,P7E,,,,,,,,,,,,,,,
ReeaL,P7E,T1G,SR440,,Exposure,3,L,5,6,32,23,5,24,6,3303,1,2,10.00,,,,P7E,,,,,,,,,,,,,,,
Henry,T1G,P7E,SR440,,Exposure,3,W,6,5,26,21,6,20,4,3260,1,6,10.00,,,,T1G,T1G,P7E,SR440,,Exposure,3,W,6,5,,,,,,
Ovrlay,T1G,P7E,SR440,,Exposure,3,W,6,5,19,22,14,12,4,2954,4,1,10.00,,,,T1G,,,,,,,,,,,,,,,
Rush,T1G,P7E,SR440,,Exposure,3,W,6,5,23,25,13,17,3,2835,1,0,10.00,,,,T1G,,,,,,,,,,,,,,,
Wailers,T1G,P7E,SR440,,Exposure,3,W,6,5,28,19,7,21,6,2827,0,3,10.00,,,,T1G,,,,,,,,,,,,,,,
A9eelx,NOA,NAJ,SR441,,Scar,3,L,0,1,,,,,,,,,0.00,,,,NOA,NOA,NAJ,SR441,,Scar,3,L,0,1,,,,,,
Razesoul,NOA,NAJ,SR441,,Scar,3,L,0,1,,,,,,,,,0.00,,,,NOA,,,,,,,,,,,,,,,
Tamim,NOA,NAJ,SR441,,Scar,3,L,0,1,,,,,,,,,0.00,,,,NOA,,,,,,,,,,,,,,,
Zeyad,NOA,NAJ,SR441,,Scar,3,L,0,1,,,,,,,,,0.00,,,,NOA,,,,,,,,,,,,,,,
Clox,NAJ,NOA,SR441,,Scar,3,W,1,0,,,,,,,,,0.00,,,,NAJ,NAJ,NOA,SR441,,Scar,3,W,1,0,,,,,,
GntL,NAJ,NOA,SR441,,Scar,3,W,1,0,,,,,,,,,0.00,,,,NAJ,,,,,,,,,,,,,,,
KingAbody,NAJ,NOA,SR441,,Scar,3,W,1,0,,,,,,,,,0.00,,,,NAJ,,,,,,,,,,,,,,,
Shay,NAJ,NOA,SR441,,Scar,3,W,1,0,,,,,,,,,0.00,,,,NAJ,,,,,,,,,,,,,,,
Disarray,VIC,EXC,SR442,,Exposure,3,W,3,2,27,25,8,19,3,3418,1,2,10.12,,,,VIC,VIC,EXC,SR442,,Exposure,3,W,3,2,,,,,,
Faisal,VIC,EXC,SR442,,Exposure,3,W,3,2,23,27,9,15,3,3077,1,4,10.12,,,,VIC,,,,,,,,,,,,,,,
NeRoWolfz,VIC,EXC,SR442,,Exposure,3,W,3,2,23,23,7,15,3,2540,0,4,10.12,,,,VIC,,,,,,,,,,,,,,,
Yafty,VIC,EXC,SR442,,Exposure,3,W,3,2,13,23,11,9,2,2113,1,1,10.12,,,,VIC,,,,,,,,,,,,,,,
Breszy,EXC,VIC,SR442,,Exposure,3,L,2,3,28,18,7,20,4,3189,0,6,10.12,,,,EXC,EXC,VIC,SR442,,Exposure,3,L,2,3,,,,,,
Cobra,EXC,VIC,SR442,,Exposure,3,L,2,3,26,24,7,19,4,2885,1,6,10.12,,,,EXC,,,,,,,,,,,,,,,
Lynz,EXC,VIC,SR442,,Exposure,3,L,2,3,22,24,8,16,5,3199,1,3,10.12,,,,EXC,,,,,,,,,,,,,,,
Melko,EXC,VIC,SR442,,Exposure,3,L,2,3,21,22,4,13,3,2623,0,1,10.12,,,,EXC,,,,,,,,,,,,,,,
D7oomx,ROC,DCM,SR443,,Scar,3,W,3,5,30,29,14,18,5,4023,1,3,10.07,,,,ROC,ROC,DCM,SR443,,Scar,3,W,3,5,,,,,,
D7om,ROC,DCM,SR443,,Scar,3,W,3,5,37,28,4,27,4,3648,0,3,10.07,,,,ROC,,,,,,,,,,,,,,,
Khhx,ROC,DCM,SR443,,Scar,3,W,3,5,24,24,11,18,3,3395,2,2,10.07,,,,ROC,,,,,,,,,,,,,,,
Rxld,ROC,DCM,SR443,,Scar,3,W,3,5,23,27,11,17,3,2867,0,3,10.07,,,,ROC,,,,,,,,,,,,,,,
D3,DCM,ROC,SR443,,Scar,3,L,5,3,25,27,7,16,3,3108,2,7,10.07,,,,DCM,DCM,ROC,SR443,,Scar,3,L,5,3,,,,,,
Depa,DCM,ROC,SR443,,Scar,3,L,5,3,27,29,8,15,5,3205,0,2,10.07,,,,DCM,,,,,,,,,,,,,,,
Nadox,DCM,ROC,SR443,,Scar,3,L,5,3,27,28,13,18,3,3576,3,2,10.07,,,,DCM,,,,,,,,,,,,,,,
Ziddix,DCM,ROC,SR443,,Scar,3,L,5,3,26,31,11,15,3,3576,0,2,10.07,,,,DCM,,,,,,,,,,,,,,,
BBConor,HYB,OMN,SR444,,Exposure,3,L,3,5,14,20,10,8,3,2038,0,0,10.00,,,,HYB,HYB,OMN,SR444,,Exposure,3,L,3,5,,,,,,
Blade,HYB,OMN,SR444,,Exposure,3,L,3,5,18,25,4,12,2,2041,0,1,10.00,,,,HYB,,,,,,,,,,,,,,,
Dany,HYB,OMN,SR444,,Exposure,3,L,3,5,25,21,6,21,5,2776,2,2,10.00,,,,HYB,,,,,,,,,,,,,,,
Scythe,HYB,OMN,SR444,,Exposure,3,L,3,5,18,21,12,10,3,2947,1,2,10.00,,,,HYB,,,,,,,,,,,,,,,
Alfa,OMN,HYB,SR444,,Exposure,3,W,5,3,23,17,9,21,5,2805,2,3,10.00,,,,OMN,OMN,HYB,SR444,,Exposure,3,W,5,3,,,,,,
Detain,OMN,HYB,SR444,,Exposure,3,W,5,3,26,18,8,19,4,3079,1,1,10.00,,,,OMN,,,,,,,,,,,,,,,
Mighty,OMN,HYB,SR444,,Exposure,3,W,5,3,16,23,12,11,3,2425,2,1,10.00,,,,OMN,,,,,,,,,,,,,,,
Syqz,OMN,HYB,SR444,,Exposure,3,W,5,3,22,21,7,16,4,2686,0,3,10.00,,,,OMN,,,,,,,,,,,,,,,
Jamal,LIN,ONR,SR445,,Scar,3,L,2,8,22,26,10,16,4,2635,0,0,8.83,,,,LIN,LIN,ONR,SR445,,Scar,3,L,2,8,,,,,,
Slade,LIN,ONR,SR445,,Scar,3,L,2,8,13,27,6,9,2,2292,1,0,8.83,,,,LIN,,,,,,,,,,,,,,,
UH,LIN,ONR,SR445,,Scar,3,L,2,8,25,28,12,15,3,3526,0,2,8.83,,,,LIN,,,,,,,,,,,,,,,
Weaths,LIN,ONR,SR445,,Scar,3,L,2,8,29,26,8,19,6,2954,1,4,8.83,,,,LIN,,,,,,,,,,,,,,,
Aspekt,ONR,LIN,SR445,,Scar,3,W,8,2,22,25,16,16,4,3342,0,0,8.83,,,,ONR,ONR,LIN,SR445,,Scar,3,W,8,2,,,,,,
Denza,ONR,LIN,SR445,,Scar,3,W,8,2,24,22,6,16,4,2616,5,2,8.83,,,,ONR,,,,,,,,,,,,,,,
dk,ONR,LIN,SR445,,Scar,3,W,8,2,34,20,7,24,5,3557,3,3,8.83,,,,ONR,,,,,,,,,,,,,,,
Ethan,ONR,LIN,SR445,,Scar,3,W,8,2,26,22,10,18,5,3130,0,1,8.83,,,,ONR,,,,,,,,,,,,,,,
FDot,P7E,EXC,SR446,,Exposure,3,W,6,5,18,27,8,11,3,2653,1,1,10.25,,,,P7E,P7E,EXC,SR446,,Exposure,3,W,6,5,,,,,,
Harry,P7E,EXC,SR446,,Exposure,3,W,6,5,29,21,12,21,4,3159,4,4,10.25,,,,P7E,,,,,,,,,,,,,,,
Mythix,P7E,EXC,SR446,,Exposure,3,W,6,5,21,25,14,15,3,3088,0,1,10.25,,,,P7E,,,,,,,,,,,,,,,
ReeaL,P7E,EXC,SR446,,Exposure,3,W,6,5,28,25,10,22,5,2836,1,2,10.25,,,,P7E,,,,,,,,,,,,,,,
Breszy,EXC,P7E,SR446,,Exposure,3,L,5,6,21,24,12,14,3,3073,2,1,10.25,,,,EXC,EXC,P7E,SR446,,Exposure,3,L,5,6,,,,,,
Cobra,EXC,P7E,SR446,,Exposure,3,L,5,6,23,25,7,13,3,3226,1,1,10.25,,,,EXC,,,,,,,,,,,,,,,
Lynz,EXC,P7E,SR446,,Exposure,3,L,5,6,29,24,8,22,5,3620,2,6,10.25,,,,EXC,,,,,,,,,,,,,,,
Melko,EXC,P7E,SR446,,Exposure,3,L,5,6,25,23,4,17,4,3280,0,1,10.25,,,,EXC,,,,,,,,,,,,,,,
A9eelx,NOA,T1G,SR447,,Exposure,3,L,3,5,16,26,10,12,2,2521,0,1,10.02,,,,NOA,NOA,T1G,SR447,,Exposure,3,L,3,5,,,,,,
Razesoul,NOA,T1G,SR447,,Exposure,3,L,3,5,25,24,8,17,2,2850,1,5,10.02,,,,NOA,,,,,,,,,,,,,,,
Tamim,NOA,T1G,SR447,,Exposure,3,L,3,5,17,28,9,14,4,2216,1,1,10.02,,,,NOA,,,,,,,,,,,,,,,
Zeyad,NOA,T1G,SR447,,Exposure,3,L,3,5,25,26,7,17,4,2897,1,6,10.02,,,,NOA,,,,,,,,,,,,,,,
Henry,T1G,NOA,SR447,,Exposure,3,W,5,3,30,20,4,22,4,3477,0,5,10.02,,,,T1G,T1G,NOA,SR447,,Exposure,3,W,5,3,,,,,,
Ovrlay,T1G,NOA,SR447,,Exposure,3,W,5,3,12,21,11,8,3,2048,3,1,10.02,,,,T1G,,,,,,,,,,,,,,,
Rush,T1G,NOA,SR447,,Exposure,3,W,5,3,28,24,11,20,4,3543,2,2,10.02,,,,T1G,,,,,,,,,,,,,,,
Wailers,T1G,NOA,SR447,,Exposure,3,W,5,3,34,18,5,23,4,3954,0,2,10.02,,,,T1G,,,,,,,,,,,,,,,
Disarray,VIC,NAJ,SR448,,Scar,3,W,5,4,28,28,14,19,3,3592,0,3,10.03,,,,VIC,VIC,NAJ,SR448,,Scar,3,W,5,4,,,,,,
Faisal,VIC,NAJ,SR448,,Scar,3,W,5,4,33,25,6,25,6,3151,1,4,10.03,,,,VIC,,,,,,,,,,,,,,,
NeRoWolfz,VIC,NAJ,SR448,,Scar,3,W,5,4,25,26,10,16,5,3180,1,2,10.03,,,,VIC,,,,,,,,,,,,,,,
Yafty,VIC,NAJ,SR448,,Scar,3,W,5,4,24,25,11,15,4,3180,3,2,10.03,,,,VIC,,,,,,,,,,,,,,,
Clox,NAJ,VIC,SR448,,Scar,3,L,4,5,35,27,15,26,8,4007,2,2,10.03,,,,NAJ,NAJ,VIC,SR448,,Scar,3,L,4,5,,,,,,
GntL,NAJ,VIC,SR448,,Scar,3,L,4,5,22,27,13,13,4,2951,0,3,10.03,,,,NAJ,,,,,,,,,,,,,,,
KingAbody,NAJ,VIC,SR448,,Scar,3,L,4,5,21,26,7,14,4,2546,1,4,10.03,,,,NAJ,,,,,,,,,,,,,,,
Shay,NAJ,VIC,SR448,,Scar,3,L,4,5,23,30,9,13,3,2989,1,4,10.03,,,,NAJ,,,,,,,,,,,,,,,
Arcitys,BTS,FUN,SR449,,Scar,3,L,3,4,24,25,6,11,3,2600,3,0,0.00,,,,BTS,BTS,FUN,SR449,,Scar,3,L,3,4,,,,,,
Asim,BTS,FUN,SR449,,Scar,3,L,3,4,23,25,6,11,3,2500,0,0,0.00,,,,BTS,,,,,,,,,,,,,,,
FeLo,BTS,FUN,SR449,,Scar,3,L,3,4,24,25,6,11,3,2600,0,0,0.00,,,,BTS,,,,,,,,,,,,,,,
Manny,BTS,FUN,SR449,,Scar,3,L,3,4,28,29,7,13,3,3000,0,0,0.00,,,,BTS,,,,,,,,,,,,,,,
Gio,FUN,BTS,SR449,,Scar,3,W,4,3,24,23,6,11,3,2600,0,0,0.00,,,,FUN,FUN,BTS,SR449,,Scar,3,W,4,3,,,,,,
Mack,FUN,BTS,SR449,,Scar,3,W,4,3,25,26,6,11,3,2700,1,0,0.00,,,,FUN,,,,,,,,,,,,,,,
Owakening,FUN,BTS,SR449,,Scar,3,W,4,3,24,26,6,11,3,2600,2,0,0.00,,,,FUN,,,,,,,,,,,,,,,
Uli,FUN,BTS,SR449,,Scar,3,W,4,3,30,24,7,14,4,3200,1,0,0.00,,,,FUN,,,,,,,,,,,,,,,
Hitmxn,TRN,FCS,SR450,,Den,3,W,4,3,24,22,10,17,4,3238,1,2,10.60,,,,TRN,TRN,FCS,SR450,,Den,3,W,4,3,,,,,,
Jett,TRN,FCS,SR450,,Den,3,W,4,3,19,23,9,16,4,2898,1,2,10.60,,,,TRN,,,,,,,,,,,,,,,
Mince,TRN,FCS,SR450,,Den,3,W,4,3,29,24,9,19,5,3182,2,3,10.60,,,,TRN,,,,,,,,,,,,,,,
Tkay,TRN,FCS,SR450,,Den,3,W,4,3,37,17,12,29,9,4086,0,4,10.60,,,,TRN,,,,,,,,,,,,,,,
IconZ,FCS,TRN,SR450,,Den,3,L,3,4,15,28,9,7,2,2160,2,1,10.60,,,,FCS,FCS,TRN,SR450,,Den,3,L,3,4,,,,,,
KB,FCS,TRN,SR450,,Den,3,L,3,4,18,25,15,12,3,2791,0,1,10.60,,,,FCS,,,,,,,,,,,,,,,
Milly,FCS,TRN,SR450,,Den,3,L,3,4,28,32,6,18,5,3735,0,3,10.60,,,,FCS,,,,,,,,,,,,,,,
Ruper,FCS,TRN,SR450,,Den,3,L,3,4,25,25,6,16,7,3090,1,5,10.60,,,,FCS,,,,,,,,,,,,,,,
Brack,HUN,ORC,SR451,,Exposure,3,W,3,1,22,22,15,11,3,3138,1,6,10.00,,,,HUN,HUN,ORC,SR451,,Exposure,3,W,3,1,,,,,,
Johnny,HUN,ORC,SR451,,Exposure,3,W,3,1,29,20,4,21,6,3525,2,3,10.00,,,,HUN,,,,,,,,,,,,,,,
Renegade,HUN,ORC,SR451,,Exposure,3,W,3,1,24,21,7,19,5,2902,0,2,10.00,,,,HUN,,,,,,,,,,,,,,,
Swooty,HUN,ORC,SR451,,Exposure,3,W,3,1,27,27,10,17,4,3189,0,2,10.00,,,,HUN,,,,,,,,,,,,,,,
Dak,ORC,HUN,SR451,,Exposure,3,W,1,3,21,26,9,13,3,2994,0,3,10.00,,,,ORC,ORC,HUN,SR451,,Exposure,3,W,1,3,,,,,,
Flames,ORC,HUN,SR451,,Exposure,3,W,1,3,27,25,6,13,4,3305,0,2,10.00,,,,ORC,,,,,,,,,,,,,,,
Nemensions,ORC,HUN,SR451,,Exposure,3,W,1,3,20,23,11,16,4,2630,0,2,10.00,,,,ORC,,,,,,,,,,,,,,,
Rspi,ORC,HUN,SR451,,Exposure,3,W,1,3,20,29,9,12,2,3075,1,1,10.00,,,,ORC,,,,,,,,,,,,,,,
Mirage,CBL,P7N,SR452,,Den,3,L,2,6,29,28,5,17,7,3542,0,5,10.00,,,,CBL,CBL,P7N,SR452,,Den,3,L,2,6,,,,,,
Nate,CBL,P7N,SR452,,Den,3,L,2,6,20,29,10,13,3,2632,2,5,10.00,,,,CBL,,,,,,,,,,,,,,,
Prodahh,CBL,P7N,SR452,,Den,3,L,2,6,13,30,10,7,3,2655,0,1,10.00,,,,CBL,,,,,,,,,,,,,,,
Vik,CBL,P7N,SR452,,Den,3,L,2,6,30,26,6,20,4,4101,0,5,10.00,,,,CBL,,,,,,,,,,,,,,,
Beans,P7N,CBL,SR452,,Den,3,W,6,2,26,24,11,21,7,3194,2,1,10.00,,,,P7N,P7N,CBL,SR452,,Den,3,W,6,2,,,,,,
DC,P7N,CBL,SR452,,Den,3,W,6,2,26,21,13,19,5,3674,0,1,10.00,,,,P7N,,,,,,,,,,,,,,,
Erikboom,P7N,CBL,SR452,,Den,3,W,6,2,34,24,13,25,7,4212,0,0,10.00,,,,P7N,,,,,,,,,,,,,,,
Snoopy,P7N,CBL,SR452,,Den,3,W,6,2,26,23,13,21,6,3146,4,4,10.00,,,,P7N,,,,,,,,,,,,,,,
Abe,TBG,FZF,SR453,,Scar,3,L,1,6,,,,,,,,,0.00,,,,TBG,TBG,FZF,SR453,,Scar,3,L,1,6,,,,,,
Cammy,TBG,FZF,SR453,,Scar,3,L,1,6,,,,,,,,,0.00,,,,TBG,,,,,,,,,,,,,,,
Capsidal,TBG,FZF,SR453,,Scar,3,L,1,6,,,,,,,,,0.00,,,,TBG,,,,,,,,,,,,,,,
Prolute,TBG,FZF,SR453,,Scar,3,L,1,6,,,,,,,,,0.00,,,,TBG,,,,,,,,,,,,,,,
Alluka,FZF,TBG,SR453,,Scar,3,W,6,1,,,,,,,,,0.00,,,,FZF,FZF,TBG,SR453,,Scar,3,W,6,1,,,,,,
KnoX,FZF,TBG,SR453,,Scar,3,W,6,1,,,,,,,,,0.00,,,,FZF,,,,,,,,,,,,,,,
QK4B,FZF,TBG,SR453,,Scar,3,W,6,1,,,,,,,,,0.00,,,,FZF,,,,,,,,,,,,,,,
Roxas,FZF,TBG,SR453,,Scar,3,W,6,1,,,,,,,,,0.00,,,,FZF,,,,,,,,,,,,,,,
2Real,OMB,OTM,SR454,,Exposure,3,W,6,4,30,27,6,17,4,3190,0,2,10.88,,,,OMB,OMB,OTM,SR454,,Exposure,3,W,6,4,,,,,,
PaulEhx,OMB,OTM,SR454,,Exposure,3,W,6,4,22,23,6,16,3,3187,1,2,10.88,,,,OMB,,,,,,,,,,,,,,,
Standy,OMB,OTM,SR454,,Exposure,3,W,6,4,24,24,9,19,6,3361,2,3,10.88,,,,OMB,,,,,,,,,,,,,,,
Wrecks,OMB,OTM,SR454,,Exposure,3,W,6,4,27,25,11,21,4,3634,3,3,10.88,,,,OMB,,,,,,,,,,,,,,,
Cruze,OTM,OMB,SR454,,Exposure,3,L,4,6,27,25,13,18,6,3925,0,4,10.88,,,,OTM,OTM,OMB,SR454,,Exposure,3,L,4,6,,,,,,
Gunsiii,OTM,OMB,SR454,,Exposure,3,L,4,6,23,26,9,16,8,2995,2,5,10.88,,,,OTM,,,,,,,,,,,,,,,
Peel,OTM,OMB,SR454,,Exposure,3,L,4,6,26,27,8,19,4,3291,0,1,10.88,,,,OTM,,,,,,,,,,,,,,,
Whiz,OTM,OMB,SR454,,Exposure,3,L,4,6,23,25,7,14,3,2834,2,3,10.88,,,,OTM,,,,,,,,,,,,,,,
Arcitys,BTS,ORC,SR455,,Scar,3,W,3,2,26,24,13,19,4,3701,0,2,10.05,,,,BTS,BTS,ORC,SR455,,Scar,3,W,3,2,,,,,,
Asim,BTS,ORC,SR455,,Scar,3,W,3,2,30,23,6,24,6,3905,0,4,10.05,,,,BTS,,,,,,,,,,,,,,,
FeLo,BTS,ORC,SR455,,Scar,3,W,3,2,21,22,11,16,4,2658,3,7,10.05,,,,BTS,,,,,,,,,,,,,,,
Manny,BTS,ORC,SR455,,Scar,3,W,3,2,30,27,7,17,4,3520,0,3,10.05,,,,BTS,,,,,,,,,,,,,,,
Dak,ORC,BTS,SR455,,Scar,3,W,2,3,20,28,13,13,3,3048,0,1,10.05,,,,ORC,ORC,BTS,SR455,,Scar,3,W,2,3,,,,,,
Flames,ORC,BTS,SR455,,Scar,3,W,2,3,27,25,3,21,4,2638,2,4,10.05,,,,ORC,,,,,,,,,,,,,,,
Nemensions,ORC,BTS,SR455,,Scar,3,W,2,3,27,26,8,21,4,3506,0,3,10.05,,,,ORC,,,,,,,,,,,,,,,
Rspi,ORC,BTS,SR455,,Scar,3,W,2,3,18,29,12,12,2,2412,0,3,10.05,,,,ORC,,,,,,,,,,,,,,,
Gio,FUN,TRN,SR456,,Den,3,W,5,4,22,20,8,16,4,2920,0,3,10.05,,,,FUN,FUN,TRN,SR456,,Den,3,W,5,4,,,,,,
Mack,FUN,TRN,SR456,,Den,3,W,5,4,28,20,9,24,4,3424,4,7,10.05,,,,FUN,,,,,,,,,,,,,,,
Owakening,FUN,TRN,SR456,,Den,3,W,5,4,29,21,7,21,5,3248,0,2,10.05,,,,FUN,,,,,,,,,,,,,,,
Uli,FUN,TRN,SR456,,Den,3,W,5,4,14,25,15,9,2,2766,1,1,10.05,,,,FUN,,,,,,,,,,,,,,,
Hitmxn,TRN,FUN,SR456,,Den,3,L,4,5,22,22,9,14,4,3045,1,4,10.05,,,,TRN,TRN,FUN,SR456,,Den,3,L,4,5,,,,,,
Jett,TRN,FUN,SR456,,Den,3,L,4,5,22,21,6,19,5,2597,1,2,10.05,,,,TRN,,,,,,,,,,,,,,,
Mince,TRN,FUN,SR456,,Den,3,L,4,5,19,28,3,13,2,3174,1,3,10.05,,,,TRN,,,,,,,,,,,,,,,
Tkay,TRN,FUN,SR456,,Den,3,L,4,5,22,22,6,13,3,2929,1,6,10.05,,,,TRN,,,,,,,,,,,,,,,
IconZ,FCS,HUN,SR457,,Den,3,L,2,6,25,28,6,14,3,3000,0,1,10.67,,,,FCS,FCS,HUN,SR457,,Den,3,L,2,6,,,,,,
KB,FCS,HUN,SR457,,Den,3,L,2,6,24,25,8,17,4,3003,1,1,10.67,,,,FCS,,,,,,,,,,,,,,,
Milly,FCS,HUN,SR457,,Den,3,L,2,6,23,27,7,14,4,2896,1,4,10.67,,,,FCS,,,,,,,,,,,,,,,
Ruper,FCS,HUN,SR457,,Den,3,L,2,6,28,27,8,21,5,3731,0,4,10.67,,,,FCS,,,,,,,,,,,,,,,
Brack,HUN,FCS,SR457,,Den,3,W,6,2,22,24,7,13,3,3002,5,3,10.67,,,,HUN,HUN,FCS,SR457,,Den,3,W,6,2,,,,,,
Johnny,HUN,FCS,SR457,,Den,3,W,6,2,35,26,7,22,5,4398,0,7,10.67,,,,HUN,,,,,,,,,,,,,,,
Renegade,HUN,FCS,SR457,,Den,3,W,6,2,26,22,13,18,4,2994,0,2,10.67,,,,HUN,,,,,,,,,,,,,,,
Swooty,HUN,FCS,SR457,,Den,3,W,6,2,24,28,9,14,4,3210,1,3,10.67,,,,HUN,,,,,,,,,,,,,,,
Mirage,CBL,OTM,SR458,,Scar,3,L,1,2,18,27,15,10,3,2883,0,3,10.82,,,,CBL,CBL,OTM,SR458,,Scar,3,L,1,2,,,,,,
Nate,CBL,OTM,SR458,,Scar,3,L,1,2,38,26,12,27,4,4140,0,5,10.82,,,,CBL,,,,,,,,,,,,,,,
Prodahh,CBL,OTM,SR458,,Scar,3,L,1,2,28,25,14,17,4,3329,1,3,10.82,,,,CBL,,,,,,,,,,,,,,,
Vik,CBL,OTM,SR458,,Scar,3,L,1,2,25,32,13,13,3,3474,0,2,10.82,,,,CBL,,,,,,,,,,,,,,,
Cruze,OTM,CBL,SR458,,Scar,3,W,2,1,28,26,14,18,6,3238,1,1,10.82,,,,OTM,OTM,CBL,SR458,,Scar,3,W,2,1,,,,,,
Gunsiii,OTM,CBL,SR458,,Scar,3,W,2,1,27,27,9,17,4,3163,0,1,10.82,,,,OTM,,,,,,,,,,,,,,,
Peel,OTM,CBL,SR458,,Scar,3,W,2,1,24,32,10,15,3,3018,1,2,10.82,,,,OTM,,,,,,,,,,,,,,,
Whiz,OTM,CBL,SR458,,Scar,3,W,2,1,31,24,13,24,5,4151,0,3,10.82,,,,OTM,,,,,,,,,,,,,,,
Beans,P7N,TBG,SR459,,Exposure,3,W,4,3,26,23,6,16,5,3259,1,2,10.03,,,,P7N,P7N,TBG,SR459,,Exposure,3,W,4,3,,,,,,
DC,P7N,TBG,SR459,,Exposure,3,W,4,3,18,21,7,14,4,3037,1,1,10.03,,,,P7N,,,,,,,,,,,,,,,
Erikboom,P7N,TBG,SR459,,Exposure,3,W,4,3,20,24,7,12,3,3111,1,3,10.03,,,,P7N,,,,,,,,,,,,,,,
Snoopy,P7N,TBG,SR459,,Exposure,3,W,4,3,32,21,6,24,4,3755,1,4,10.03,,,,P7N,,,,,,,,,,,,,,,
Abe,TBG,P7N,SR459,,Exposure,3,L,3,4,21,25,7,19,4,2745,1,2,10.03,,,,TBG,TBG,P7N,SR459,,Exposure,3,L,3,4,,,,,,
Cammy,TBG,P7N,SR459,,Exposure,3,L,3,4,32,24,7,25,5,3691,1,3,10.03,,,,TBG,,,,,,,,,,,,,,,
Capsidal,TBG,P7N,SR459,,Exposure,3,L,3,4,19,23,10,15,3,2533,1,7,10.03,,,,TBG,,,,,,,,,,,,,,,
Prolute,TBG,P7N,SR459,,Exposure,3,L,3,4,16,24,7,12,4,2671,0,2,10.03,,,,TBG,,,,,,,,,,,,,,,
Alluka,FZF,OMB,SR460,,Scar,3,W,3,1,24,28,16,18,4,3350,0,3,10.23,,,,FZF,FZF,OMB,SR460,,Scar,3,W,3,1,,,,,,
KnoX,FZF,OMB,SR460,,Scar,3,W,3,1,32,25,11,23,5,3972,0,4,10.23,,,,FZF,,,,,,,,,,,,,,,
QK4B,FZF,OMB,SR460,,Scar,3,W,3,1,25,24,10,18,4,3110,1,4,10.23,,,,FZF,,,,,,,,,,,,,,,
Roxas,FZF,OMB,SR460,,Scar,3,W,3,1,30,24,11,23,5,3972,0,4,10.23,,,,FZF,,,,,,,,,,,,,,,
2Real,OMB,FZF,SR460,,Scar,3,L,1,3,23,32,3,14,3,2573,0,4,10.23,,,,OMB,OMB,FZF,SR460,,Scar,3,L,1,3,,,,,,
PaulEhx,OMB,FZF,SR460,,Scar,3,L,1,3,24,24,8,17,3,3467,1,2,10.23,,,,OMB,,,,,,,,,,,,,,,
Standy,OMB,FZF,SR460,,Scar,3,L,1,3,19,29,6,12,3,2693,0,2,10.23,,,,OMB,,,,,,,,,,,,,,,
Wrecks,OMB,FZF,SR460,,Scar,3,L,1,3,35,27,14,27,4,4558,0,4,10.23,,,,OMB,,,,,,,,,,,,,,,
D7oomx,ROC,OMN,SR461,,Exposure,3,L,1,7,20,26,3,10,2,2131,0,3,8.85,,,,ROC,ROC,OMN,SR461,,Exposure,3,L,1,7,,,,,,
D7om,ROC,OMN,SR461,,Exposure,3,L,1,7,20,26,8,11,3,2592,0,3,8.85,,,,ROC,,,,,,,,,,,,,,,
Khhx,ROC,OMN,SR461,,Exposure,3,L,1,7,16,25,8,8,2,2029,0,4,8.85,,,,ROC,,,,,,,,,,,,,,,
Rxld,ROC,OMN,SR461,,Exposure,3,L,1,7,13,27,8,9,3,2503,1,2,8.85,,,,ROC,,,,,,,,,,,,,,,
Alfa,OMN,ROC,SR461,,Exposure,3,W,7,1,29,18,9,25,6,3411,1,1,8.85,,,,OMN,OMN,ROC,SR461,,Exposure,3,W,7,1,,,,,,
Detain,OMN,ROC,SR461,,Exposure,3,W,7,1,24,22,14,13,4,2936,1,2,8.85,,,,OMN,,,,,,,,,,,,,,,
Mighty,OMN,ROC,SR461,,Exposure,3,W,7,1,22,16,7,17,5,2102,3,5,8.85,,,,OMN,,,,,,,,,,,,,,,
Syqz,OMN,ROC,SR461,,Exposure,3,W,7,1,28,14,6,22,6,3030,2,8,8.85,,,,OMN,,,,,,,,,,,,,,,
Jamal,LIN,DCM,SR462,,Scar,3,W,5,4,21,23,13,16,4,2592,1,3,9.75,,,,LIN,LIN,DCM,SR462,,Scar,3,W,5,4,,,,,,
Slade,LIN,DCM,SR462,,Scar,3,W,5,4,39,25,10,27,5,4342,1,6,9.75,,,,LIN,,,,,,,,,,,,,,,
UH,LIN,DCM,SR462,,Scar,3,W,5,4,30,24,13,21,5,3214,1,3,9.75,,,,LIN,,,,,,,,,,,,,,,
Weaths,LIN,DCM,SR462,,Scar,3,W,5,4,32,27,8,20,6,3599,2,6,9.75,,,,LIN,,,,,,,,,,,,,,,
D3,DCM,LIN,SR462,,Scar,3,L,4,5,20,33,12,12,3,3028,0,6,9.75,,,,DCM,DCM,LIN,SR462,,Scar,3,L,4,5,,,,,,
Depa,DCM,LIN,SR462,,Scar,3,L,4,5,26,32,8,10,3,2853,1,6,9.75,,,,DCM,,,,,,,,,,,,,,,
Nadox,DCM,LIN,SR462,,Scar,3,L,4,5,23,29,11,15,4,2933,2,4,9.75,,,,DCM,,,,,,,,,,,,,,,
Ziddix,DCM,LIN,SR462,,Scar,3,L,4,5,30,30,9,16,3,3713,1,0,9.75,,,,DCM,,,,,,,,,,,,,,,
Aspekt,ONR,HYB,SR463,,Den,3,W,4,1,20,15,11,15,3,2711,0,1,7.38,,,,ONR,ONR,HYB,SR463,,Den,3,W,4,1,,,,,,
Denza,ONR,HYB,SR463,,Den,3,W,4,1,17,17,4,11,3,1924,0,2,7.38,,,,ONR,,,,,,,,,,,,,,,
dk,ONR,HYB,SR463,,Den,3,W,4,1,23,18,4,13,4,2695,2,2,7.38,,,,ONR,,,,,,,,,,,,,,,
Ethan,ONR,HYB,SR463,,Den,3,W,4,1,19,10,9,15,4,2801,2,1,7.38,,,,ONR,,,,,,,,,,,,,,,
BBConor,HYB,ONR,SR463,,Den,3,L,1,4,17,16,10,11,3,2368,0,4,7.38,,,,HYB,HYB,ONR,SR463,,Den,3,L,1,4,,,,,,
Blade,HYB,ONR,SR463,,Den,3,L,1,4,9,23,8,2,2,2085,1,2,7.38,,,,HYB,,,,,,,,,,,,,,,
Dany,HYB,ONR,SR463,,Den,3,L,1,4,17,23,4,12,2,2236,0,1,7.38,,,,HYB,,,,,,,,,,,,,,,
Scythe,HYB,ONR,SR463,,Den,3,L,1,4,16,17,5,12,3,1776,0,0,7.38,,,,HYB,,,,,,,,,,,,,,,
Henry,EXC,T1G,SR464,,Exposure,3,W,4,1,19,27,1,12,3,3088,1,0,10.25,,,,EXC,EXC,T1G,SR464,,Exposure,3,W,4,1,,,,,,
Ovrlay,EXC,T1G,SR464,,Exposure,3,W,4,1,17,21,7,12,4,2798,0,3,10.25,,,,EXC,,,,,,,,,,,,,,,
Rush,EXC,T1G,SR464,,Exposure,3,W,4,1,20,24,5,13,2,2643,0,3,10.25,,,,EXC,,,,,,,,,,,,,,,
Wailers,EXC,T1G,SR464,,Exposure,3,W,4,1,19,22,4,12,2,2432,0,3,10.25,,,,EXC,,,,,,,,,,,,,,,
Breszy,T1G,EXC,SR464,,Exposure,3,L,1,4,27,20,13,20,7,3072,1,1,10.25,,,,T1G,T1G,EXC,SR464,,Exposure,3,L,1,4,,,,,,
Cobra,T1G,EXC,SR464,,Exposure,3,L,1,4,23,20,17,15,4,3497,0,2,10.25,,,,T1G,,,,,,,,,,,,,,,
Lynz,T1G,EXC,SR464,,Exposure,3,L,1,4,20,19,7,14,4,2768,0,4,10.25,,,,T1G,,,,,,,,,,,,,,,
Melko,T1G,EXC,SR464,,Exposure,3,L,1,4,23,19,9,15,3,2370,3,7,10.25,,,,T1G,,,,,,,,,,,,,,,
Clox,NAJ,P7E,SR465,,Scar,3,L,1,4,23,28,10,13,3,3339,0,1,10.02,,,,NAJ,NAJ,P7E,SR465,,Scar,3,L,1,4,,,,,,
GntL,NAJ,P7E,SR465,,Scar,3,L,1,4,22,31,12,14,4,3081,0,4,10.02,,,,NAJ,,,,,,,,,,,,,,,
KingAbody,NAJ,P7E,SR465,,Scar,3,L,1,4,34,28,7,24,6,3339,1,1,10.02,,,,NAJ,,,,,,,,,,,,,,,
Shay,NAJ,P7E,SR465,,Scar,3,L,1,4,23,32,8,9,3,2500,0,1,10.02,,,,NAJ,,,,,,,,,,,,,,,
FDot,P7E,NAJ,SR465,,Scar,3,W,4,1,20,30,12,9,2,3112,1,3,10.02,,,,P7E,P7E,NAJ,SR465,,Scar,3,W,4,1,,,,,,
Harry,P7E,NAJ,SR465,,Scar,3,W,4,1,34,22,12,25,7,4035,2,2,10.02,,,,P7E,,,,,,,,,,,,,,,
Mythix,P7E,NAJ,SR465,,Scar,3,W,4,1,28,26,9,17,5,3513,0,3,10.02,,,,P7E,,,,,,,,,,,,,,,
ReeaL,P7E,NAJ,SR465,,Scar,3,W,4,1,37,24,9,26,5,3327,1,2,10.02,,,,P7E,,,,,,,,,,,,,,,
Disarray,VIC,NOA,SR466,,Scar,3,L,4,5,23,28,10,14,4,2725,2,1,9.70,,,,VIC,VIC,NOA,SR466,,Scar,3,L,4,5,,,,,,
Faisal,VIC,NOA,SR466,,Scar,3,L,4,5,28,23,10,19,7,3232,2,1,9.70,,,,VIC,,,,,,,,,,,,,,,
NeRoWolfz,VIC,NOA,SR466,,Scar,3,L,4,5,28,26,8,18,4,3141,0,4,9.70,,,,VIC,,,,,,,,,,,,,,,
Yafty,VIC,NOA,SR466,,Scar,3,L,4,5,22,27,12,15,7,3359,0,2,9.70,,,,VIC,,,,,,,,,,,,,,,
A9eelx,NOA,VIC,SR466,,Scar,3,W,5,4,18,25,9,16,3,2674,1,3,9.70,,,,NOA,NOA,VIC,SR466,,Scar,3,W,5,4,,,,,,
Razesoul,NOA,VIC,SR466,,Scar,3,W,5,4,22,27,13,15,6,3308,0,0,9.70,,,,NOA,,,,,,,,,,,,,,,
Tamim,NOA,VIC,SR466,,Scar,3,W,5,4,34,27,4,23,6,3579,1,4,9.70,,,,NOA,,,,,,,,,,,,,,,
Zeyad,NOA,VIC,SR466,,Scar,3,W,5,4,29,22,11,25,7,3535,3,3,9.70,,,,NOA,,,,,,,,,,,,,,,
D7oomx,ROC,LIN,SR467,,Scar,3,W,8,1,17,17,9,13,4,2505,2,1,7.57,,,,ROC,ROC,LIN,SR467,,Scar,3,W,8,1,,,,,,
D7om,ROC,LIN,SR467,,Scar,3,W,8,1,21,17,6,16,7,2328,2,1,7.57,,,,ROC,,,,,,,,,,,,,,,
Khhx,ROC,LIN,SR467,,Scar,3,W,8,1,30,11,6,27,8,3331,2,1,7.57,,,,ROC,,,,,,,,,,,,,,,
Rxld,ROC,LIN,SR467,,Scar,3,W,8,1,24,15,4,18,4,2552,2,4,7.57,,,,ROC,,,,,,,,,,,,,,,
Jamal,LIN,ROC,SR467,,Scar,3,L,1,8,9,25,2,6,2,1791,0,0,7.57,,,,LIN,LIN,ROC,SR467,,Scar,3,L,1,8,,,,,,
Slade,LIN,ROC,SR467,,Scar,3,L,1,8,12,22,9,6,4,1878,1,2,7.57,,,,LIN,,,,,,,,,,,,,,,
UH,LIN,ROC,SR467,,Scar,3,L,1,8,21,25,6,15,4,2352,0,5,7.57,,,,LIN,,,,,,,,,,,,,,,
Weaths,LIN,ROC,SR467,,Scar,3,L,1,8,18,20,6,14,4,2412,0,2,7.57,,,,LIN,,,,,,,,,,,,,,,
D3,DCM,HYB,SR468,,Scar,3,L,3,7,25,33,14,13,3,3245,1,5,10.10,,,,DCM,DCM,HYB,SR468,,Scar,3,L,3,7,,,,,,
Depa,DCM,HYB,SR468,,Scar,3,L,3,7,30,29,10,21,6,3566,2,4,10.10,,,,DCM,,,,,,,,,,,,,,,
Nadox,DCM,HYB,SR468,,Scar,3,L,3,7,23,31,11,16,6,2884,0,1,10.10,,,,DCM,,,,,,,,,,,,,,,
Ziddix,DCM,HYB,SR468,,Scar,3,L,3,7,26,31,11,13,3,3615,0,4,10.10,,,,DCM,,,,,,,,,,,,,,,
BBConor,HYB,DCM,SR468,,Scar,3,W,7,3,28,26,12,20,3,3651,2,4,10.10,,,,HYB,HYB,DCM,SR468,,Scar,3,W,7,3,,,,,,
Blade,HYB,DCM,SR468,,Scar,3,W,7,3,16,30,13,7,3,2598,5,3,10.10,,,,HYB,,,,,,,,,,,,,,,
Dany,HYB,DCM,SR468,,Scar,3,W,7,3,35,26,11,19,5,3799,0,5,10.10,,,,HYB,,,,,,,,,,,,,,,
Scythe,HYB,DCM,SR468,,Scar,3,W,7,3,45,23,7,36,8,5242,0,2,10.10,,,,HYB,,,,,,,,,,,,,,,
Alfa,OMN,ONR,SR469,,Den,3,W,6,5,20,18,9,15,3,2818,1,2,8.67,,,,OMN,OMN,ONR,SR469,,Den,3,W,6,5,,,,,,
Detain,OMN,ONR,SR469,,Den,3,W,6,5,33,17,8,21,6,3332,0,1,8.67,,,,OMN,,,,,,,,,,,,,,,
Mighty,OMN,ONR,SR469,,Den,3,W,6,5,16,19,9,10,2,2419,1,1,8.67,,,,OMN,,,,,,,,,,,,,,,
Syqz,OMN,ONR,SR469,,Den,3,W,6,5,16,15,6,14,3,2161,4,2,8.67,,,,OMN,,,,,,,,,,,,,,,
Aspekt,ONR,OMN,SR469,,Den,3,L,5,6,15,20,8,11,4,1969,2,1,8.67,,,,ONR,ONR,OMN,SR469,,Den,3,L,5,6,,,,,,
Denza,ONR,OMN,SR469,,Den,3,L,5,6,15,25,7,8,2,2385,1,1,8.67,,,,ONR,,,,,,,,,,,,,,,
dk,ONR,OMN,SR469,,Den,3,L,5,6,22,18,6,14,4,2734,1,1,8.67,,,,ONR,,,,,,,,,,,,,,,
Ethan,ONR,OMN,SR469,,Den,3,L,5,6,15,24,8,8,4,2454,1,3,8.67,,,,ONR,,,,,,,,,,,,,,,
Breszy,EXC,NAJ,SR470,,Den,3,W,6,2,20,22,14,12,5,2704,4,3,10.38,,,,EXC,EXC,NAJ,SR470,,Den,3,W,6,2,,,,,,
Cobra,EXC,NAJ,SR470,,Den,3,W,6,2,31,24,10,20,4,3741,1,4,10.38,,,,EXC,,,,,,,,,,,,,,,
Lynz,EXC,NAJ,SR470,,Den,3,W,6,2,30,20,8,26,6,2979,0,3,10.38,,,,EXC,,,,,,,,,,,,,,,
Melko,EXC,NAJ,SR470,,Den,3,W,6,2,31,22,9,21,5,3643,1,2,10.38,,,,EXC,,,,,,,,,,,,,,,
Clox,NAJ,EXC,SR470,,Den,3,L,2,6,28,27,6,21,6,3015,0,2,10.38,,,,NAJ,NAJ,EXC,SR470,,Den,3,L,2,6,,,,,,
GntL,NAJ,EXC,SR470,,Den,3,L,2,6,22,26,11,19,3,2440,1,4,10.38,,,,NAJ,,,,,,,,,,,,,,,
KingAbody,NAJ,EXC,SR470,,Den,3,L,2,6,17,28,16,12,2,2882,1,2,10.38,,,,NAJ,,,,,,,,,,,,,,,
Shay,NAJ,EXC,SR470,,Den,3,L,2,6,21,32,11,6,3,2540,0,5,10.38,,,,NAJ,,,,,,,,,,,,,,,
FDot,P7E,NOA,SR471,,Scar,3,W,3,2,27,25,10,20,5,3536,2,4,10.52,,,,P7E,P7E,NOA,SR471,,Scar,3,W,3,2,,,,,,
Harry,P7E,NOA,SR471,,Scar,3,W,3,2,29,27,12,20,5,3808,1,3,10.52,,,,P7E,,,,,,,,,,,,,,,
Mythix,P7E,NOA,SR471,,Scar,3,W,3,2,23,27,9,15,3,2787,0,3,10.52,,,,P7E,,,,,,,,,,,,,,,
ReeaL,P7E,NOA,SR471,,Scar,3,W,3,2,37,24,13,26,4,4414,0,3,10.52,,,,P7E,,,,,,,,,,,,,,,
A9eelx,NOA,P7E,SR471,,Scar,3,L,2,3,22,30,13,17,3,3313,2,1,10.52,,,,NOA,NOA,P7E,SR471,,Scar,3,L,2,3,,,,,,
Razesoul,NOA,P7E,SR471,,Scar,3,L,2,3,23,27,7,14,4,2962,0,2,10.52,,,,NOA,,,,,,,,,,,,,,,
Tamim,NOA,P7E,SR471,,Scar,3,L,2,3,27,34,10,19,5,3424,0,3,10.52,,,,NOA,,,,,,,,,,,,,,,
Zeyad,NOA,P7E,SR471,,Scar,3,L,2,3,30,25,8,18,3,3466,0,4,10.52,,,,NOA,,,,,,,,,,,,,,,
Henry,T1G,VIC,SR472,,Exposure,3,W,7,2,40,17,5,30,7,4040,0,4,10.05,,,,T1G,T1G,VIC,SR472,,Exposure,3,W,7,2,,,,,,
Ovrlay,T1G,VIC,SR472,,Exposure,3,W,7,2,21,22,14,14,4,2963,2,6,10.05,,,,T1G,,,,,,,,,,,,,,,
Rush,T1G,VIC,SR472,,Exposure,3,W,7,2,23,20,9,18,4,2522,4,2,10.05,,,,T1G,,,,,,,,,,,,,,,
Wailers,T1G,VIC,SR472,,Exposure,3,W,7,2,25,20,7,21,5,3143,1,3,10.05,,,,T1G,,,,,,,,,,,,,,,
Disarray,VIC,T1G,SR472,,Exposure,3,L,2,7,19,30,6,15,3,2781,0,0,10.05,,,,VIC,VIC,T1G,SR472,,Exposure,3,L,2,7,,,,,,
Faisal,VIC,T1G,SR472,,Exposure,3,L,2,7,25,28,3,14,4,2699,1,7,10.05,,,,VIC,,,,,,,,,,,,,,,
NeRoWolfz,VIC,T1G,SR472,,Exposure,3,L,2,7,16,27,7,11,3,2354,1,2,10.05,,,,VIC,,,,,,,,,,,,,,,
Yafty,VIC,T1G,SR472,,Exposure,3,L,2,7,18,26,5,11,2,2597,0,2,10.05,,,,VIC,,,,,,,,,,,,,,,
Dak,ORC,FUN,SR473,,Scar,3,L,1,5,12,24,9,6,2,1886,1,1,7.80,,,,ORC,ORC,FUN,SR473,,Scar,3,L,1,5,,,,,,
Flames,ORC,FUN,SR473,,Scar,3,L,1,5,15,24,6,9,2,1940,0,3,7.80,,,,ORC,,,,,,,,,,,,,,,
Nemensions,ORC,FUN,SR473,,Scar,3,L,1,5,19,24,8,12,3,2448,0,4,7.80,,,,ORC,,,,,,,,,,,,,,,
Rspi,ORC,FUN,SR473,,Scar,3,L,1,5,17,25,5,8,2,2311,0,1,7.80,,,,ORC,,,,,,,,,,,,,,,
Gio,FUN,ORC,SR473,,Scar,3,W,5,1,23,12,12,22,6,3136,1,1,7.80,,,,FUN,FUN,ORC,SR473,,Scar,3,W,5,1,,,,,,
Mack,FUN,ORC,SR473,,Scar,3,W,5,1,23,20,14,18,5,2884,2,1,7.80,,,,FUN,,,,,,,,,,,,,,,
Owakening,FUN,ORC,SR473,,Scar,3,W,5,1,24,17,11,18,8,2993,1,0,7.80,,,,FUN,,,,,,,,,,,,,,,
Uli,FUN,ORC,SR473,,Scar,3,W,5,1,25,14,8,18,5,2536,1,2,7.80,,,,FUN,,,,,,,,,,,,,,,
IconZ,FCS,BTS,SR474,,Scar,3,W,4,3,34,24,11,26,3,3985,1,6,10.43,,,,FCS,FCS,BTS,SR474,,Scar,3,W,4,3,,,,,,
KB,FCS,BTS,SR474,,Scar,3,W,4,3,31,26,15,24,5,3824,0,3,10.43,,,,FCS,,,,,,,,,,,,,,,
Milly,FCS,BTS,SR474,,Scar,3,W,4,3,18,32,14,8,2,2845,2,0,10.43,,,,FCS,,,,,,,,,,,,,,,
Ruper,FCS,BTS,SR474,,Scar,3,W,4,3,28,32,5,16,5,3376,1,3,10.43,,,,FCS,,,,,,,,,,,,,,,
Arcitys,BTS,FCS,SR474,,Scar,3,L,3,4,28,29,11,16,4,3178,2,5,10.43,,,,BTS,BTS,FCS,SR474,,Scar,3,L,3,4,,,,,,
Asim,BTS,FCS,SR474,,Scar,3,L,3,4,37,26,9,26,4,4095,0,7,10.43,,,,BTS,,,,,,,,,,,,,,,
FeLo,BTS,FCS,SR474,,Scar,3,L,3,4,20,31,19,12,4,3390,1,2,10.43,,,,BTS,,,,,,,,,,,,,,,
Manny,BTS,FCS,SR474,,Scar,3,L,3,4,28,25,13,22,4,3798,0,1,10.43,,,,BTS,,,,,,,,,,,,,,,
Brack,HUN,TRN,SR475,,Den,3,W,8,3,18,12,5,13,6,1802,1,3,6.13,,,,HUN,HUN,TRN,SR475,,Den,3,W,8,3,,,,,,
Johnny,HUN,TRN,SR475,,Den,3,W,8,3,18,14,8,14,4,2498,3,2,6.13,,,,HUN,,,,,,,,,,,,,,,
Renegade,HUN,TRN,SR475,,Den,3,W,8,3,18,13,3,16,6,1744,2,2,6.13,,,,HUN,,,,,,,,,,,,,,,
Swooty,HUN,TRN,SR475,,Den,3,W,8,3,15,13,7,14,5,2092,2,0,6.13,,,,HUN,,,,,,,,,,,,,,,
Hitmxn,TRN,HUN,SR475,,Den,3,L,3,8,13,16,3,10,3,1944,0,2,6.13,,,,TRN,TRN,HUN,SR475,,Den,3,L,3,8,,,,,,
Jett,TRN,HUN,SR475,,Den,3,L,3,8,19,17,3,15,8,1816,0,1,6.13,,,,TRN,,,,,,,,,,,,,,,
Mince,TRN,HUN,SR475,,Den,3,L,3,8,15,18,5,10,4,2132,2,1,6.13,,,,TRN,,,,,,,,,,,,,,,
Tkay,TRN,HUN,SR475,,Den,3,L,3,8,4,21,6,2,1,1142,1,0,6.13,,,,TRN,,,,,,,,,,,,,,,
Cruze,OTM,P7N,SR476,,Scar,3,L,2,5,34,30,13,25,4,4004,0,5,10.20,,,,OTM,OTM,P7N,SR476,,Scar,3,L,2,5,,,,,,
Gunsiii,OTM,P7N,SR476,,Scar,3,L,2,5,25,28,13,17,5,3193,2,5,10.20,,,,OTM,,,,,,,,,,,,,,,
Peel,OTM,P7N,SR476,,Scar,3,L,2,5,26,32,7,19,5,3530,0,3,10.20,,,,OTM,,,,,,,,,,,,,,,
Whiz,OTM,P7N,SR476,,Scar,3,L,2,5,21,28,18,14,4,3311,0,3,10.20,,,,OTM,,,,,,,,,,,,,,,
Beans,P7N,OTM,SR476,,Scar,3,W,5,2,21,29,16,12,3,3334,0,2,10.20,,,,P7N,P7N,OTM,SR476,,Scar,3,W,5,2,,,,,,
DC,P7N,OTM,SR476,,Scar,3,W,5,2,30,28,8,18,4,3492,1,5,10.20,,,,P7N,,,,,,,,,,,,,,,
Erikboom,P7N,OTM,SR476,,Scar,3,W,5,2,40,22,9,31,6,4238,1,3,10.20,,,,P7N,,,,,,,,,,,,,,,
Snoopy,P7N,OTM,SR476,,Scar,3,W,5,2,27,27,14,14,3,3599,3,4,10.20,,,,P7N,,,,,,,,,,,,,,,
Alluka,FZF,CBL,SR477,,Scar,3,W,7,1,26,23,11,14,3,3130,1,2,9.28,,,,FZF,FZF,CBL,SR477,,Scar,3,W,7,1,,,,,,
KnoX,FZF,CBL,SR477,,Scar,3,W,7,1,23,24,13,17,3,2988,4,4,9.28,,,,FZF,,,,,,,,,,,,,,,
QK4B,FZF,CBL,SR477,,Scar,3,W,7,1,33,20,9,25,6,3421,1,1,9.28,,,,FZF,,,,,,,,,,,,,,,
Roxas,FZF,CBL,SR477,,Scar,3,W,7,1,36,22,11,23,5,3989,1,2,9.28,,,,FZF,,,,,,,,,,,,,,,
Mirage,CBL,FZF,SR477,,Scar,3,L,1,7,26,29,14,15,3,3202,1,1,9.28,,,,CBL,CBL,FZF,SR477,,Scar,3,L,1,7,,,,,,
Nate,CBL,FZF,SR477,,Scar,3,L,1,7,18,32,13,10,4,3047,0,3,9.28,,,,CBL,,,,,,,,,,,,,,,
Prodahh,CBL,FZF,SR477,,Scar,3,L,1,7,16,28,11,10,3,2199,0,3,9.28,,,,CBL,,,,,,,,,,,,,,,
Vik,CBL,FZF,SR477,,Scar,3,L,1,7,28,30,8,17,4,3287,0,1,9.28,,,,CBL,,,,,,,,,,,,,,,
2Real,OMB,TBG,SR478,,Exposure,3,W,3,2,18,24,7,11,3,2865,1,1,10.05,,,,OMB,OMB,TBG,SR478,,Exposure,3,W,3,2,,,,,,
PaulEhx,OMB,TBG,SR478,,Exposure,3,W,3,2,27,20,17,23,5,3371,1,2,10.05,,,,OMB,,,,,,,,,,,,,,,
Standy,OMB,TBG,SR478,,Exposure,3,W,3,2,22,24,11,13,3,2572,0,3,10.05,,,,OMB,,,,,,,,,,,,,,,
Wrecks,OMB,TBG,SR478,,Exposure,3,W,3,2,31,19,10,21,5,3619,1,5,10.05,,,,OMB,,,,,,,,,,,,,,,
Abe,TBG,OMB,SR478,,Exposure,3,L,2,3,16,24,8,6,2,2336,1,1,10.05,,,,TBG,TBG,OMB,SR478,,Exposure,3,L,2,3,,,,,,
Cammy,TBG,OMB,SR478,,Exposure,3,L,2,3,26,23,6,20,3,3605,0,3,10.05,,,,TBG,,,,,,,,,,,,,,,
Capsidal,TBG,OMB,SR478,,Exposure,3,L,2,3,26,25,9,20,2,2912,0,1,10.05,,,,TBG,,,,,,,,,,,,,,,
Prolute,TBG,OMB,SR478,,Exposure,3,L,2,3,19,27,6,13,3,2578,1,6,10.05,,,,TBG,,,,,,,,,,,,,,,
Gio,FUN,HUN,SR479,,Exposure,3,L,5,7,29,29,5,21,4,3969,0,5,13.42,,,,FUN,FUN,HUN,SR479,,Exposure,3,L,5,7,,,,,,
Mack,FUN,HUN,SR479,,Exposure,3,L,5,7,30,33,17,15,3,3773,2,2,13.42,,,,FUN,,,,,,,,,,,,,,,
Owakening,FUN,HUN,SR479,,Exposure,3,L,5,7,22,35,9,14,2,3854,2,2,13.42,,,,FUN,,,,,,,,,,,,,,,
Uli,FUN,HUN,SR479,,Exposure,3,L,5,7,34,35,6,23,4,3919,1,7,13.42,,,,FUN,,,,,,,,,,,,,,,
Brack,HUN,FUN,SR479,,Exposure,3,W,7,5,30,30,9,23,3,3780,4,7,13.42,,,,HUN,HUN,FUN,SR479,,Exposure,3,W,7,5,,,,,,
Johnny,HUN,FUN,SR479,,Exposure,3,W,7,5,37,26,13,26,6,4173,1,6,13.42,,,,HUN,,,,,,,,,,,,,,,
Renegade,HUN,FUN,SR479,,Exposure,3,W,7,5,42,27,7,28,9,4015,1,8,13.42,,,,HUN,,,,,,,,,,,,,,,
Swooty,HUN,FUN,SR479,,Exposure,3,W,7,5,21,33,18,11,4,3762,1,2,13.42,,,,HUN,,,,,,,,,,,,,,,
Dak,ORC,FCS,SR480,,Den,3,L,2,6,17,24,5,11,4,2535,1,4,10.05,,,,ORC,ORC,FCS,SR480,,Den,3,L,2,6,,,,,,
Flames,ORC,FCS,SR480,,Den,3,L,2,6,26,25,10,18,4,3717,0,4,10.05,,,,ORC,,,,,,,,,,,,,,,
Nemensions,ORC,FCS,SR480,,Den,3,L,2,6,22,26,7,18,4,2586,1,1,10.05,,,,ORC,,,,,,,,,,,,,,,
Rspi,ORC,FCS,SR480,,Den,3,L,2,6,23,31,11,15,3,3322,0,4,10.05,,,,ORC,,,,,,,,,,,,,,,
IconZ,FCS,ORC,SR480,,Den,3,W,6,2,33,20,10,23,6,3509,1,4,10.05,,,,FCS,FCS,ORC,SR480,,Den,3,W,6,2,,,,,,
KB,FCS,ORC,SR480,,Den,3,W,6,2,25,21,8,17,3,2847,1,0,10.05,,,,FCS,,,,,,,,,,,,,,,
Milly,FCS,ORC,SR480,,Den,3,W,6,2,26,22,18,20,3,3707,3,6,10.05,,,,FCS,,,,,,,,,,,,,,,
Ruper,FCS,ORC,SR480,,Den,3,W,6,2,22,26,10,17,5,2809,1,2,10.05,,,,FCS,,,,,,,,,,,,,,,
Arcitys,BTS,TRN,SR481,,Den,3,L,3,4,21,25,12,12,7,2791,2,5,10.00,,,,BTS,BTS,TRN,SR481,,Den,3,L,3,4,,,,,,
Asim,BTS,TRN,SR481,,Den,3,L,3,4,27,28,10,11,3,3313,0,3,10.00,,,,BTS,,,,,,,,,,,,,,,
FeLo,BTS,TRN,SR481,,Den,3,L,3,4,21,26,10,18,5,3146,0,0,10.00,,,,BTS,,,,,,,,,,,,,,,
Manny,BTS,TRN,SR481,,Den,3,L,3,4,32,25,9,20,4,3515,1,7,10.00,,,,BTS,,,,,,,,,,,,,,,
Hitmxn,TRN,BTS,SR481,,Den,3,W,4,3,31,22,13,21,5,3780,0,2,10.00,,,,TRN,TRN,BTS,SR481,,Den,3,W,4,3,,,,,,
Jett,TRN,BTS,SR481,,Den,3,W,4,3,27,28,13,16,5,3271,2,1,10.00,,,,TRN,,,,,,,,,,,,,,,
Mince,TRN,BTS,SR481,,Den,3,W,4,3,23,26,10,13,3,3230,2,2,10.00,,,,TRN,,,,,,,,,,,,,,,
Tkay,TRN,BTS,SR481,,Den,3,W,4,3,21,25,9,13,3,2583,0,5,10.00,,,,TRN,,,,,,,,,,,,,,,
Cruze,OTM,FZF,SR482,,Den,3,L,1,5,16,34,14,8,4,2664,0,4,10.03,,,,OTM,OTM,FZF,SR482,,Den,3,L,1,5,,,,,,
Gunsiii,OTM,FZF,SR482,,Den,3,L,1,5,19,27,12,12,5,2996,0,4,10.03,,,,OTM,,,,,,,,,,,,,,,
Peel,OTM,FZF,SR482,,Den,3,L,1,5,31,31,6,22,5,3140,0,5,10.03,,,,OTM,,,,,,,,,,,,,,,
Whiz,OTM,FZF,SR482,,Den,3,L,1,5,21,28,14,10,3,2860,1,3,10.03,,,,OTM,,,,,,,,,,,,,,,
Alluka,FZF,OTM,SR482,,Den,3,W,5,1,34,16,10,30,6,3742,2,3,10.03,,,,FZF,FZF,OTM,SR482,,Den,3,W,5,1,,,,,,
KnoX,FZF,OTM,SR482,,Den,3,W,5,1,36,25,6,20,4,3724,2,3,10.03,,,,FZF,,,,,,,,,,,,,,,
QK4B,FZF,OTM,SR482,,Den,3,W,5,1,24,27,10,12,3,3033,0,2,10.03,,,,FZF,,,,,,,,,,,,,,,
Roxas,FZF,OTM,SR482,,Den,3,W,5,1,23,19,8,16,3,2867,1,3,10.03,,,,FZF,,,,,,,,,,,,,,,
Mirage,CBL,TBG,SR483,,Exposure,3,W,6,3,25,20,12,19,5,3549,4,3,10.20,,,,CBL,CBL,TBG,SR483,,Exposure,3,W,6,3,,,,,,
Nate,CBL,TBG,SR483,,Exposure,3,W,6,3,25,20,6,18,5,2893,2,3,10.20,,,,CBL,,,,,,,,,,,,,,,
Prodahh,CBL,TBG,SR483,,Exposure,3,W,6,3,31,18,7,26,5,3733,0,2,10.20,,,,CBL,,,,,,,,,,,,,,,
Vik,CBL,TBG,SR483,,Exposure,3,W,6,3,25,25,6,18,7,2949,0,3,10.20,,,,CBL,,,,,,,,,,,,,,,
Abe,TBG,CBL,SR483,,Exposure,3,L,3,6,26,29,9,19,7,3287,1,2,10.20,,,,TBG,TBG,CBL,SR483,,Exposure,3,L,3,6,,,,,,
Cammy,TBG,CBL,SR483,,Exposure,3,L,3,6,20,28,8,15,3,2873,0,0,10.20,,,,TBG,,,,,,,,,,,,,,,
Capsidal,TBG,CBL,SR483,,Exposure,3,L,3,6,17,23,7,12,4,2811,1,3,10.20,,,,TBG,,,,,,,,,,,,,,,
Prolute,TBG,CBL,SR483,,Exposure,3,L,3,6,20,26,6,14,5,2546,1,1,10.20,,,,TBG,,,,,,,,,,,,,,,
Beans,P7N,OMB,SR484,,Exposure,3,W,6,5,23,20,12,15,5,3088,1,3,9.95,,,,P7N,P7N,OMB,SR484,,Exposure,3,W,6,5,,,,,,
DC,P7N,OMB,SR484,,Exposure,3,W,6,5,16,23,11,13,3,2411,1,2,9.95,,,,P7N,,,,,,,,,,,,,,,
Erikboom,P7N,OMB,SR484,,Exposure,3,W,6,5,26,29,5,12,4,2850,2,2,9.95,,,,P7N,,,,,,,,,,,,,,,
Snoopy,P7N,OMB,SR484,,Exposure,3,W,6,5,19,22,7,13,4,2687,2,2,9.95,,,,P7N,,,,,,,,,,,,,,,
2Real,OMB,P7N,SR484,,Exposure,3,L,5,6,28,26,9,16,3,3494,2,8,9.95,,,,OMB,OMB,P7N,SR484,,Exposure,3,L,5,6,,,,,,
PaulEhx,OMB,P7N,SR484,,Exposure,3,L,5,6,19,17,8,16,3,2482,1,3,9.95,,,,OMB,,,,,,,,,,,,,,,
Standy,OMB,P7N,SR484,,Exposure,3,L,5,6,23,20,9,21,5,2706,1,0,9.95,,,,OMB,,,,,,,,,,,,,,,
Wrecks,OMB,P7N,SR484,,Exposure,3,L,5,6,24,21,9,16,6,2889,1,1,9.95,,,,OMB,,,,,,,,,,,,,,,
BBConor,HYB,ROC,SR485,,Scar,3,W,5,3,21,25,10,14,2,3233,0,2,9.73,,,,HYB,HYB,ROC,SR485,,Scar,3,W,5,3,,,,,,
Blade,HYB,ROC,SR485,,Scar,3,W,5,3,24,28,10,18,4,3002,3,4,9.73,,,,HYB,,,,,,,,,,,,,,,
Dany,HYB,ROC,SR485,,Scar,3,W,5,3,37,26,9,29,6,4192,2,2,9.73,,,,HYB,,,,,,,,,,,,,,,
Scythe,HYB,ROC,SR485,,Scar,3,W,5,3,27,28,8,18,6,3273,0,0,9.73,,,,HYB,,,,,,,,,,,,,,,
D7oomx,ROC,HYB,SR485,,Scar,3,L,3,5,24,25,13,15,3,2923,0,3,9.73,,,,ROC,ROC,HYB,SR485,,Scar,3,L,3,5,,,,,,
D7om,ROC,HYB,SR485,,Scar,3,L,3,5,29,29,3,20,5,3400,2,1,9.73,,,,ROC,,,,,,,,,,,,,,,
Khhx,ROC,HYB,SR485,,Scar,3,L,3,5,28,29,12,18,6,3658,1,2,9.73,,,,ROC,,,,,,,,,,,,,,,
Rxld,ROC,HYB,SR485,,Scar,3,L,3,5,26,27,9,17,6,3391,0,1,9.73,,,,ROC,,,,,,,,,,,,,,,
Jamal,LIN,OMN,SR486,,Den,3,L,3,7,14,23,7,11,3,1907,3,2,9.30,,,,LIN,LIN,OMN,SR486,,Den,3,L,3,7,,,,,,
slade,LIN,OMN,SR486,,Den,3,L,3,7,20,22,5,16,3,2580,0,1,9.30,,,,LIN,,,,,,,,,,,,,,,
UH,LIN,OMN,SR486,,Den,3,L,3,7,25,25,7,19,3,3186,0,1,9.30,,,,LIN,,,,,,,,,,,,,,,
Weaths,LIN,OMN,SR486,,Den,3,L,3,7,21,26,6,12,3,2820,0,5,9.30,,,,LIN,,,,,,,,,,,,,,,
Alfa,OMN,LIN,SR486,,Den,3,W,7,3,30,19,9,27,7,3427,1,0,9.30,,,,OMN,OMN,LIN,SR486,,Den,3,W,7,3,,,,,,
Detain,OMN,LIN,SR486,,Den,3,W,7,3,20,20,9,13,4,2877,1,1,9.30,,,,OMN,,,,,,,,,,,,,,,
Mighty,OMN,LIN,SR486,,Den,3,W,7,3,26,19,9,20,5,3605,1,1,9.30,,,,OMN,,,,,,,,,,,,,,,
Syqz,OMN,LIN,SR486,,Den,3,W,7,3,20,23,10,10,4,2482,4,1,9.30,,,,OMN,,,,,,,,,,,,,,,
Aspekt,ONR,DCM,SR487,,Scar,3,W,6,2,26,24,7,16,4,3326,2,5,10.00,,,,ONR,ONR,DCM,SR487,,Scar,3,W,6,2,,,,,,
Denza,ONR,DCM,SR487,,Scar,3,W,6,2,35,25,8,26,4,3498,2,5,10.00,,,,ONR,,,,,,,,,,,,,,,
dk,ONR,DCM,SR487,,Scar,3,W,6,2,29,30,15,17,3,3684,2,7,10.00,,,,ONR,,,,,,,,,,,,,,,
Ethan,ONR,DCM,SR487,,Scar,3,W,6,2,30,24,12,21,6,3842,0,0,10.00,,,,ONR,,,,,,,,,,,,,,,
D3,DCM,ONR,SR487,,Scar,3,L,2,6,23,23,10,16,6,2959,0,3,10.00,,,,DCM,DCM,ONR,SR487,,Scar,3,L,2,6,,,,,,
Depa,DCM,ONR,SR487,,Scar,3,L,2,6,26,32,12,16,4,3460,1,4,10.00,,,,DCM,,,,,,,,,,,,,,,
Nadox,DCM,ONR,SR487,,Scar,3,L,2,6,29,32,13,18,3,3369,1,7,10.00,,,,DCM,,,,,,,,,,,,,,,
Ziddix,DCM,ONR,SR487,,Scar,3,L,2,6,23,37,10,15,3,3227,0,3,10.00,,,,DCM,,,,,,,,,,,,,,,
A9eelx,NOA,EXC,SR488,,Den,3,L,0,8,12,26,8,9,2,1994,0,0,8.68,,,,NOA,NOA,EXC,SR488,,Den,3,L,0,8,,,,,,
Razesoul,NOA,EXC,SR488,,Den,3,L,0,8,18,26,9,9,4,2339,0,3,8.68,,,,NOA,,,,,,,,,,,,,,,
Tamim,NOA,EXC,SR488,,Den,3,L,0,8,16,28,5,11,2,2166,0,1,8.68,,,,NOA,,,,,,,,,,,,,,,
Zeyad,NOA,EXC,SR488,,Den,3,L,0,8,21,24,7,14,4,2499,0,3,8.68,,,,NOA,,,,,,,,,,,,,,,
Breszy,EXC,NOA,SR488,,Den,3,W,8,0,30,14,10,22,6,3177,5,2,8.68,,,,EXC,EXC,NOA,SR488,,Den,3,W,8,0,,,,,,
Cobra,EXC,NOA,SR488,,Den,3,W,8,0,29,17,10,20,4,3289,2,4,8.68,,,,EXC,,,,,,,,,,,,,,,
Lynz,EXC,NOA,SR488,,Den,3,W,8,0,26,17,5,24,7,2818,1,3,8.68,,,,EXC,,,,,,,,,,,,,,,
Melko,EXC,NOA,SR488,,Den,3,W,8,0,19,19,14,11,4,2655,0,1,8.68,,,,EXC,,,,,,,,,,,,,,,
Clox,NAJ,T1G,SR489,,Den,3,W,5,0,26,18,8,20,5,3195,1,1,10.20,,,,NAJ,NAJ,T1G,SR489,,Den,3,W,5,0,,,,,,
GntL,NAJ,T1G,SR489,,Den,3,W,5,0,29,23,8,19,4,3440,2,1,10.20,,,,NAJ,,,,,,,,,,,,,,,
KingAbody,NAJ,T1G,SR489,,Den,3,W,5,0,31,20,4,23,6,3201,1,4,10.20,,,,NAJ,,,,,,,,,,,,,,,
Shay,NAJ,T1G,SR489,,Den,3,W,5,0,32,22,9,21,6,3636,1,5,10.20,,,,NAJ,,,,,,,,,,,,,,,
Henry,T1G,NAJ,SR489,,Den,3,L,0,5,33,27,5,22,5,3527,0,1,10.20,,,,T1G,T1G,NAJ,SR489,,Den,3,L,0,5,,,,,,
Ovrlay,T1G,NAJ,SR489,,Den,3,L,0,5,11,33,12,5,2,2048,0,2,10.20,,,,T1G,,,,,,,,,,,,,,,
Rush,T1G,NAJ,SR489,,Den,3,L,0,5,22,30,7,10,2,2748,0,1,10.20,,,,T1G,,,,,,,,,,,,,,,
Wailers,T1G,NAJ,SR489,,Den,3,L,0,5,17,29,6,9,2,2513,0,4,10.20,,,,T1G,,,,,,,,,,,,,,,
Disarray,VIC,P7E,SR490,,Scar,3,L,0,4,23,31,14,13,4,3223,0,1,10.00,,,,VIC,VIC,P7E,SR490,,Scar,3,L,0,4,,,,,,
Faisal,VIC,P7E,SR490,,Scar,3,L,0,4,25,31,14,13,3,3672,0,3,10.00,,,,VIC,,,,,,,,,,,,,,,
NeRoWolfz,VIC,P7E,SR490,,Scar,3,L,0,4,22,32,6,12,3,2615,0,3,10.00,,,,VIC,,,,,,,,,,,,,,,
Yafty,VIC,P7E,SR490,,Scar,3,L,0,4,24,28,11,16,3,2675,0,1,10.00,,,,VIC,,,,,,,,,,,,,,,
FDot,P7E,VIC,SR490,,Scar,3,W,4,0,40,23,9,24,7,4129,2,6,10.00,,,,P7E,P7E,VIC,SR490,,Scar,3,W,4,0,,,,,,
Harry,P7E,VIC,SR490,,Scar,3,W,4,0,29,22,13,21,5,3795,1,3,10.00,,,,P7E,,,,,,,,,,,,,,,
Mythix,P7E,VIC,SR490,,Scar,3,W,4,0,29,26,14,21,4,3538,0,4,10.00,,,,P7E,,,,,,,,,,,,,,,
ReeaL,P7E,VIC,SR490,,Scar,3,W,4,0,24,25,16,13,3,3156,1,2,10.00,,,,P7E,,,,,,,,,,,,,,,
IconZ,FCS,FUN,SR491,,Den,3,W,8,0,21,10,4,13,7,2522,3,2,6.42,,,,FCS,FCS,FUN,SR491,,Den,3,W,8,0,,,,,,
KB,FCS,FUN,SR491,,Den,3,W,8,0,18,10,6,12,4,2401,2,2,6.42,,,,FCS,,,,,,,,,,,,,,,
Milly,FCS,FUN,SR491,,Den,3,W,8,0,12,13,4,7,2,1771,3,1,6.42,,,,FCS,,,,,,,,,,,,,,,
Ruper,FCS,FUN,SR491,,Den,3,W,8,0,20,17,8,17,4,2512,0,0,6.42,,,,FCS,,,,,,,,,,,,,,,
Gio,FUN,FCS,SR491,,Den,3,L,0,8,11,15,7,7,2,1793,0,1,6.42,,,,FUN,FUN,FCS,SR491,,Den,3,L,0,8,,,,,,
Mack,FUN,FCS,SR491,,Den,3,L,0,8,8,24,10,2,2,1502,0,0,6.42,,,,FUN,,,,,,,,,,,,,,,
Owakening,FUN,FCS,SR491,,Den,3,L,0,8,13,18,7,7,3,1857,0,2,6.42,,,,FUN,,,,,,,,,,,,,,,
Uli,FUN,FCS,SR491,,Den,3,L,0,8,17,15,2,14,4,1953,0,3,6.42,,,,FUN,,,,,,,,,,,,,,,
Hitmxn,TRN,ORC,SR492,,Exposure,3,L,1,5,22,19,5,17,3,2852,0,1,10.00,,,,TRN,TRN,ORC,SR492,,Exposure,3,L,1,5,,,,,,
Jett,TRN,ORC,SR492,,Exposure,3,L,1,5,17,27,7,12,2,2680,0,4,10.00,,,,TRN,,,,,,,,,,,,,,,
Mince,TRN,ORC,SR492,,Exposure,3,L,1,5,22,27,4,14,2,2784,1,1,10.00,,,,TRN,,,,,,,,,,,,,,,
Tkay,TRN,ORC,SR492,,Exposure,3,L,1,5,26,29,6,15,3,3205,0,5,10.00,,,,TRN,,,,,,,,,,,,,,,
Dak,ORC,TRN,SR492,,Exposure,3,W,5,1,25,23,11,14,3,3408,0,1,10.00,,,,ORC,ORC,TRN,SR492,,Exposure,3,W,5,1,,,,,,
Flames,ORC,TRN,SR492,,Exposure,3,W,5,1,25,23,6,13,3,3085,1,4,10.00,,,,ORC,,,,,,,,,,,,,,,
Nemensions,ORC,TRN,SR492,,Exposure,3,W,5,1,25,20,8,21,5,2630,1,7,10.00,,,,ORC,,,,,,,,,,,,,,,
Rspi,ORC,TRN,SR492,,Exposure,3,W,5,1,27,21,10,20,3,3019,3,4,10.00,,,,ORC,,,,,,,,,,,,,,,
Arcitys,BTS,HUN,SR493,,Den,3,W,5,3,24,22,9,12,4,3280,0,1,10.28,,,,BTS,BTS,HUN,SR493,,Den,3,W,5,3,,,,,,
Asim,BTS,HUN,SR493,,Den,3,W,5,3,28,21,6,24,4,3135,2,4,10.28,,,,BTS,,,,,,,,,,,,,,,
FeLo,BTS,HUN,SR493,,Den,3,W,5,3,21,24,15,13,3,3364,2,1,10.28,,,,BTS,,,,,,,,,,,,,,,
Manny,BTS,HUN,SR493,,Den,3,W,5,3,30,24,11,20,4,3531,1,6,10.28,,,,BTS,,,,,,,,,,,,,,,
Brack,HUN,BTS,SR493,,Den,3,W,3,5,18,29,8,11,3,2283,3,7,10.28,,,,HUN,HUN,BTS,SR493,,Den,3,W,3,5,,,,,,
Johnny,HUN,BTS,SR493,,Den,3,W,3,5,23,26,13,12,2,3246,0,1,10.28,,,,HUN,,,,,,,,,,,,,,,
Renegade,HUN,BTS,SR493,,Den,3,W,3,5,29,21,6,25,7,2684,0,2,10.28,,,,HUN,,,,,,,,,,,,,,,
Swooty,HUN,BTS,SR493,,Den,3,W,3,5,20,28,11,12,3,2821,0,2,10.28,,,,HUN,,,,,,,,,,,,,,,
Abe,TBG,OTM,SR494,,Scar,3,W,4,2,39,25,12,28,5,4155,1,2,10.30,,,,TBG,TBG,OTM,SR494,,Scar,3,W,4,2,,,,,,
Cammy,TBG,OTM,SR494,,Scar,3,W,4,2,27,25,12,17,4,3950,1,2,10.30,,,,TBG,,,,,,,,,,,,,,,
Capsidal,TBG,OTM,SR494,,Scar,3,W,4,2,27,32,11,16,2,3637,0,3,10.30,,,,TBG,,,,,,,,,,,,,,,
Prolute,TBG,OTM,SR494,,Scar,3,W,4,2,27,30,12,15,5,3358,2,4,10.30,,,,TBG,,,,,,,,,,,,,,,
Cruze,OTM,TBG,SR494,,Scar,3,L,2,4,28,28,16,18,4,4341,1,6,10.30,,,,OTM,OTM,TBG,SR494,,Scar,3,L,2,4,,,,,,
Gunsiii,OTM,TBG,SR494,,Scar,3,L,2,4,34,27,10,23,4,3903,0,1,10.30,,,,OTM,,,,,,,,,,,,,,,
Peel,OTM,TBG,SR494,,Scar,3,L,2,4,27,32,8,15,2,3327,0,3,10.30,,,,OTM,,,,,,,,,,,,,,,
Whiz,OTM,TBG,SR494,,Scar,3,L,2,4,22,33,4,9,2,2400,1,0,10.30,,,,OTM,,,,,,,,,,,,,,,
2Real,OMB,CBL,SR495,,Exposure,3,W,4,3,20,20,4,15,4,2391,1,3,10.25,,,,OMB,OMB,CBL,SR495,,Exposure,3,W,4,3,,,,,,
PaulEhx,OMB,CBL,SR495,,Exposure,3,W,4,3,25,18,8,21,5,3401,1,1,10.25,,,,OMB,,,,,,,,,,,,,,,
Standy,OMB,CBL,SR495,,Exposure,3,W,4,3,21,19,8,14,7,2604,1,2,10.25,,,,OMB,,,,,,,,,,,,,,,
Wrecks,OMB,CBL,SR495,,Exposure,3,W,4,3,23,18,10,18,6,3255,1,2,10.25,,,,OMB,,,,,,,,,,,,,,,
Mirage,CBL,OMB,SR495,,Exposure,3,L,3,4,17,23,3,11,3,2124,0,2,10.25,,,,CBL,CBL,OMB,SR495,,Exposure,3,L,3,4,,,,,,
Nate,CBL,OMB,SR495,,Exposure,3,L,3,4,15,23,5,10,3,2150,0,0,10.25,,,,CBL,,,,,,,,,,,,,,,
Prodahh,CBL,OMB,SR495,,Exposure,3,L,3,4,20,20,4,15,3,2715,1,1,10.25,,,,CBL,,,,,,,,,,,,,,,
Vik,CBL,OMB,SR495,,Exposure,3,L,3,4,20,23,7,17,4,2623,2,4,10.25,,,,CBL,,,,,,,,,,,,,,,
Alluka,FZF,P7N,SR496,,Scar,3,W,8,1,14,13,6,9,3,2107,1,1,6.20,,,,FZF,FZF,P7N,SR496,,Scar,3,W,8,1,,,,,,
KnoX,FZF,P7N,SR496,,Scar,3,W,8,1,17,15,3,14,5,1996,2,1,6.20,,,,FZF,,,,,,,,,,,,,,,
QK4B,FZF,P7N,SR496,,Scar,3,W,8,1,27,12,8,23,8,2858,2,2,6.20,,,,FZF,,,,,,,,,,,,,,,
Roxas,FZF,P7N,SR496,,Scar,3,W,8,1,23,12,4,17,6,2320,3,4,6.20,,,,FZF,,,,,,,,,,,,,,,
Beans,P7N,FZF,SR496,,Scar,3,L,1,8,16,18,5,12,4,2091,1,0,6.20,,,,P7N,P7N,FZF,SR496,,Scar,3,L,1,8,,,,,,
DC,P7N,FZF,SR496,,Scar,3,L,1,8,12,22,5,6,2,1615,0,5,6.20,,,,P7N,,,,,,,,,,,,,,,
Erikboom,P7N,FZF,SR496,,Scar,3,L,1,8,8,21,6,6,2,1619,0,2,6.20,,,,P7N,,,,,,,,,,,,,,,
Snoopy,P7N,FZF,SR496,,Scar,3,L,1,8,16,20,3,10,3,2302,0,0,6.20,,,,P7N,,,,,,,,,,,,,,,
Clox,NAJ,ROC,SR497,,Scar,3,L,4,5,25,27,10,18,4,3209,1,3,10.08,,,,NAJ,NAJ,ROC,SR497,,Scar,3,L,4,5,,,,,,
GntL,NAJ,ROC,SR497,,Scar,3,L,4,5,31,24,12,26,6,3723,0,0,10.08,,,,NAJ,,,,,,,,,,,,,,,
KingAbody,NAJ,ROC,SR497,,Scar,3,L,4,5,36,24,12,25,6,3745,3,5,10.08,,,,NAJ,,,,,,,,,,,,,,,
Shay,NAJ,ROC,SR497,,Scar,3,L,4,5,22,30,17,12,3,3234,0,0,10.08,,,,NAJ,,,,,,,,,,,,,,,
D7oomx,ROC,NAJ,SR497,,Scar,3,W,5,4,24,29,7,13,3,3283,1,2,10.08,,,,ROC,ROC,NAJ,SR497,,Scar,3,W,5,4,,,,,,
D7om,ROC,NAJ,SR497,,Scar,3,W,5,4,34,26,10,29,5,3900,1,5,10.08,,,,ROC,,,,,,,,,,,,,,,
Khhx,ROC,NAJ,SR497,,Scar,3,W,5,4,27,29,10,15,3,3245,1,3,10.08,,,,ROC,,,,,,,,,,,,,,,
Rxld,ROC,NAJ,SR497,,Scar,3,W,5,4,19,31,13,13,2,2613,2,1,10.08,,,,ROC,,,,,,,,,,,,,,,
Henry,T1G,ONR,SR498,,Scar,3,W,3,4,38,29,10,22,4,4454,0,5,12.70,,,,T1G,T1G,ONR,SR498,,Scar,3,W,3,4,,,,,,
Ovrlay,T1G,ONR,SR498,,Scar,3,W,3,4,28,35,17,17,4,4108,1,4,12.70,,,,T1G,,,,,,,,,,,,,,,
Rush,T1G,ONR,SR498,,Scar,3,W,3,4,36,36,13,20,5,3899,2,6,12.70,,,,T1G,,,,,,,,,,,,,,,
Wailers,T1G,ONR,SR498,,Scar,3,W,3,4,26,32,13,19,3,4145,0,1,12.70,,,,T1G,,,,,,,,,,,,,,,
Aspekt,ONR,T1G,SR498,,Scar,3,L,4,3,35,31,12,26,4,4609,1,6,12.70,,,,ONR,ONR,T1G,SR498,,Scar,3,L,4,3,,,,,,
Denza,ONR,T1G,SR498,,Scar,3,L,4,3,26,37,12,19,3,3141,2,4,12.70,,,,ONR,,,,,,,,,,,,,,,
dk,ONR,T1G,SR498,,Scar,3,L,4,3,30,31,21,21,4,4242,1,1,12.70,,,,ONR,,,,,,,,,,,,,,,
Ethan,ONR,T1G,SR498,,Scar,3,L,4,3,41,31,8,26,5,4197,0,4,12.70,,,,ONR,,,,,,,,,,,,,,,
BBConor,HYB,P7E,SR499,,Exposure,3,L,3,8,20,20,6,15,5,1956,0,1,8.38,,,,HYB,HYB,P7E,SR499,,Exposure,3,L,3,8,,,,,,
Blade,HYB,P7E,SR499,,Exposure,3,L,3,8,14,19,4,6,2,1600,1,0,8.38,,,,HYB,,,,,,,,,,,,,,,
Dany,HYB,P7E,SR499,,Exposure,3,L,3,8,11,25,4,4,2,1300,2,0,8.38,,,,HYB,,,,,,,,,,,,,,,
Scythe,HYB,P7E,SR499,,Exposure,3,L,3,8,21,22,9,14,3,2355,0,2,8.38,,,,HYB,,,,,,,,,,,,,,,
FDot,P7E,HYB,SR499,,Exposure,3,W,8,3,23,16,6,19,7,2787,2,0,8.38,,,,P7E,P7E,HYB,SR499,,Exposure,3,W,8,3,,,,,,
Harry,P7E,HYB,SR499,,Exposure,3,W,8,3,17,16,9,11,3,2233,2,0,8.38,,,,P7E,,,,,,,,,,,,,,,
Mythix,P7E,HYB,SR499,,Exposure,3,W,8,3,20,17,8,11,4,2441,0,1,8.38,,,,P7E,,,,,,,,,,,,,,,
ReeaL,P7E,HYB,SR499,,Exposure,3,W,8,3,24,17,6,18,4,2763,4,2,8.38,,,,P7E,,,,,,,,,,,,,,,
Alfa,OMN,EXC,SR500,,Exposure,3,W,5,4,21,14,7,18,4,2743,1,3,9.83,,,,OMN,OMN,EXC,SR500,,Exposure,3,W,5,4,,,,,,
Detain,OMN,EXC,SR500,,Exposure,3,W,5,4,22,21,8,13,2,2864,0,1,9.83,,,,OMN,,,,,,,,,,,,,,,
Mighty,OMN,EXC,SR500,,Exposure,3,W,5,4,22,22,7,16,3,3068,1,3,9.83,,,,OMN,,,,,,,,,,,,,,,
Syqz,OMN,EXC,SR500,,Exposure,3,W,5,4,22,19,6,17,4,2393,3,3,9.83,,,,OMN,,,,,,,,,,,,,,,
Breszy,EXC,OMN,SR500,,Exposure,3,L,4,5,23,20,6,17,5,3010,1,2,9.83,,,,EXC,EXC,OMN,SR500,,Exposure,3,L,4,5,,,,,,
Cobra,EXC,OMN,SR500,,Exposure,3,L,4,5,13,23,8,10,4,2183,1,1,9.83,,,,EXC,,,,,,,,,,,,,,,
Lynz,EXC,OMN,SR500,,Exposure,3,L,4,5,18,25,4,14,3,2422,2,2,9.83,,,,EXC,,,,,,,,,,,,,,,
Melko,EXC,OMN,SR500,,Exposure,3,L,4,5,20,21,8,14,6,2693,0,0,9.83,,,,EXC,,,,,,,,,,,,,,,
Clox,NAJ,T1G,SR501,,Scar,3,W,2,1,23,25,16,17,5,3134,1,3,10.38,,,,NAJ,NAJ,T1G,SR501,,Scar,3,W,2,1,,,,,,
GntL,NAJ,T1G,SR501,,Scar,3,W,2,1,23,23,14,17,3,3353,0,1,10.38,,,,NAJ,,,,,,,,,,,,,,,
KingAbody,NAJ,T1G,SR501,,Scar,3,W,2,1,31,24,11,22,5,3738,1,7,10.38,,,,NAJ,,,,,,,,,,,,,,,
Shay,NAJ,T1G,SR501,,Scar,3,W,2,1,28,29,8,16,3,3215,0,4,10.38,,,,NAJ,,,,,,,,,,,,,,,
Henry,T1G,NAJ,SR501,,Scar,3,L,1,2,24,30,11,11,4,3052,0,1,10.38,,,,T1G,T1G,NAJ,SR501,,Scar,3,L,1,2,,,,,,
Ovrlay,T1G,NAJ,SR501,,Scar,3,L,1,2,25,24,10,14,3,3221,0,6,10.38,,,,T1G,,,,,,,,,,,,,,,
Rush,T1G,NAJ,SR501,,Scar,3,L,1,2,27,25,9,20,5,3301,0,1,10.38,,,,T1G,,,,,,,,,,,,,,,
Wailers,T1G,NAJ,SR501,,Scar,3,L,1,2,24,26,8,16,3,3362,1,4,10.38,,,,T1G,,,,,,,,,,,,,,,
Breszy,EXC,HYB,SR502,,Scar,3,W,6,5,35,28,9,23,5,3947,1,2,12.30,,,,EXC,EXC,HYB,SR502,,Scar,3,W,6,5,,,,,,
Cobra,EXC,HYB,SR502,,Scar,3,W,6,5,35,28,16,26,5,4830,2,4,12.30,,,,EXC,,,,,,,,,,,,,,,
Lynz,EXC,HYB,SR502,,Scar,3,W,6,5,50,30,14,34,7,6005,2,4,12.30,,,,EXC,,,,,,,,,,,,,,,
Melko,EXC,HYB,SR502,,Scar,3,W,6,5,23,35,10,13,4,2977,1,1,12.30,,,,EXC,,,,,,,,,,,,,,,
BBConor,HYB,EXC,SR502,,Scar,3,L,5,6,32,35,15,18,3,4088,0,2,12.30,,,,HYB,HYB,EXC,SR502,,Scar,3,L,5,6,,,,,,
Blade,HYB,EXC,SR502,,Scar,3,L,5,6,20,41,4,8,2,2200,3,0,12.30,,,,HYB,,,,,,,,,,,,,,,
Dany,HYB,EXC,SR502,,Scar,3,L,5,6,39,34,4,17,4,4100,1,0,12.30,,,,HYB,,,,,,,,,,,,,,,
Scythe,HYB,EXC,SR502,,Scar,3,L,5,6,30,35,4,13,3,3200,1,0,12.30,,,,HYB,,,,,,,,,,,,,,,
Aspekt,ONR,ROC,SR503,,Den,3,W,6,2,34,23,8,25,5,3821,2,8,9.28,,,,ONR,ONR,ROC,SR503,,Den,3,W,6,2,,,,,,
Denza,ONR,ROC,SR503,,Den,3,W,6,2,16,19,4,7,3,1800,4,0,9.28,,,,ONR,,,,,,,,,,,,,,,
dk,ONR,ROC,SR503,,Den,3,W,6,2,28,22,10,17,8,3299,0,2,9.28,,,,ONR,,,,,,,,,,,,,,,
Ethan,ONR,ROC,SR503,,Den,3,W,6,2,30,23,3,19,1,3173,0,4,9.28,,,,ONR,,,,,,,,,,,,,,,
D7oomx,ROC,ONR,SR503,,Den,3,L,2,6,19,29,14,8,2,3000,1,1,9.28,,,,ROC,ROC,ONR,SR503,,Den,3,L,2,6,,,,,,
D7om,ROC,ONR,SR503,,Den,3,L,2,6,25,28,7,18,4,3335,1,7,9.28,,,,ROC,,,,,,,,,,,,,,,
Khhx,ROC,ONR,SR503,,Den,3,L,2,6,14,27,12,8,3,2044,0,1,9.28,,,,ROC,,,,,,,,,,,,,,,
Rxld,ROC,ONR,SR503,,Den,3,L,2,6,29,25,12,22,4,3237,0,5,9.28,,,,ROC,,,,,,,,,,,,,,,
Alfa,OMN,P7E,SR504,,Den,3,W,2,1,24,20,10,18,4,2674,0,5,10.42,,,,OMN,OMN,P7E,SR504,,Den,3,W,2,1,,,,,,
Detain,OMN,P7E,SR504,,Den,3,W,2,1,21,23,9,18,2,3079,0,2,10.42,,,,OMN,,,,,,,,,,,,,,,
Mighty,OMN,P7E,SR504,,Den,3,W,2,1,29,23,10,21,3,3443,1,7,10.42,,,,OMN,,,,,,,,,,,,,,,
Syqz,OMN,P7E,SR504,,Den,3,W,2,1,25,21,6,18,5,2776,1,4,10.42,,,,OMN,,,,,,,,,,,,,,,
FDot,P7E,OMN,SR504,,Den,3,L,1,2,28,29,10,14,3,3559,1,3,10.42,,,,P7E,P7E,OMN,SR504,,Den,3,L,1,2,,,,,,
Harry,P7E,OMN,SR504,,Den,3,L,1,2,15,23,5,11,2,2578,0,1,10.42,,,,P7E,,,,,,,,,,,,,,,
Mythix,P7E,OMN,SR504,,Den,3,L,1,2,23,22,8,16,3,2879,0,2,10.42,,,,P7E,,,,,,,,,,,,,,,
ReeaL,P7E,OMN,SR504,,Den,3,L,1,2,20,25,10,13,3,2847,0,7,10.42,,,,P7E,,,,,,,,,,,,,,,
Alluka,FZF,FUN,SR505,,Den,3,W,6,1,29,17,9,22,8,3523,2,2,9.30,,,,FZF,FZF,FUN,SR505,,Den,3,W,6,1,,,,,,
KnoX,FZF,FUN,SR505,,Den,3,W,6,1,23,19,12,16,5,3035,1,1,9.30,,,,FZF,,,,,,,,,,,,,,,
QK4B,FZF,FUN,SR505,,Den,3,W,6,1,27,21,4,17,4,2896,1,5,9.30,,,,FZF,,,,,,,,,,,,,,,
Roxas,FZF,FUN,SR505,,Den,3,W,6,1,24,19,10,19,3,3186,2,2,9.30,,,,FZF,,,,,,,,,,,,,,,
Gio,FUN,FZF,SR505,,Den,3,L,1,6,23,23,8,16,4,3173,0,1,9.30,,,,FUN,FUN,FZF,SR505,,Den,3,L,1,6,,,,,,
Mack,FUN,FZF,SR505,,Den,3,L,1,6,20,28,8,8,3,2583,0,2,9.30,,,,FUN,,,,,,,,,,,,,,,
Owakening,FUN,FZF,SR505,,Den,3,L,1,6,21,23,9,15,3,3050,0,2,9.30,,,,FUN,,,,,,,,,,,,,,,
Uli,FUN,FZF,SR505,,Den,3,L,1,6,10,30,5,4,3,1852,1,0,9.30,,,,FUN,,,,,,,,,,,,,,,
Brack,HUN,CBL,SR506,,Den,3,W,2,1,12,23,9,8,2,2101,0,3,10.50,,,,HUN,HUN,CBL,SR506,,Den,3,W,2,1,,,,,,
Johnny,HUN,CBL,SR506,,Den,3,W,2,1,24,25,8,14,4,3396,0,4,10.50,,,,HUN,,,,,,,,,,,,,,,
Renegade,HUN,CBL,SR506,,Den,3,W,2,1,23,27,8,16,3,3048,0,2,10.50,,,,HUN,,,,,,,,,,,,,,,
Swooty,HUN,CBL,SR506,,Den,3,W,2,1,26,23,11,19,4,3098,2,6,10.50,,,,HUN,,,,,,,,,,,,,,,
Mirage,CBL,HUN,SR506,,Den,3,L,1,2,35,19,7,26,4,3789,0,4,10.50,,,,CBL,CBL,HUN,SR506,,Den,3,L,1,2,,,,,,
Nate,CBL,HUN,SR506,,Den,3,L,1,2,21,20,11,16,4,2935,1,5,10.50,,,,CBL,,,,,,,,,,,,,,,
Prodahh,CBL,HUN,SR506,,Den,3,L,1,2,18,25,11,11,3,2454,0,4,10.50,,,,CBL,,,,,,,,,,,,,,,
Vik,CBL,HUN,SR506,,Den,3,L,1,2,22,22,13,16,5,3367,0,2,10.50,,,,CBL,,,,,,,,,,,,,,,
Beans,P7N,TRN,SR507,,Den,3,W,8,3,26,26,10,17,3,3471,1,3,9.85,,,,P7N,P7N,TRN,SR507,,Den,3,W,8,3,,,,,,
DC,P7N,TRN,SR507,,Den,3,W,8,3,26,21,9,20,5,3106,3,3,9.85,,,,P7N,,,,,,,,,,,,,,,
Erikboom,P7N,TRN,SR507,,Den,3,W,8,3,23,28,16,12,5,3439,1,1,9.85,,,,P7N,,,,,,,,,,,,,,,
Snoopy,P7N,TRN,SR507,,Den,3,W,8,3,24,23,9,14,3,2859,3,7,9.85,,,,P7N,,,,,,,,,,,,,,,
Hitmxn,TRN,P7N,SR507,,Den,3,L,3,8,22,21,17,17,3,3170,1,2,9.85,,,,TRN,TRN,P7N,SR507,,Den,3,L,3,8,,,,,,
Jett,TRN,P7N,SR507,,Den,3,L,3,8,19,28,9,13,2,2260,1,2,9.85,,,,TRN,,,,,,,,,,,,,,,
Mince,TRN,P7N,SR507,,Den,3,L,3,8,26,30,10,14,5,3458,0,2,9.85,,,,TRN,,,,,,,,,,,,,,,
Tkay,TRN,P7N,SR507,,Den,3,L,3,8,30,22,6,22,5,3201,1,4,9.85,,,,TRN,,,,,,,,,,,,,,,
IconZ,FCS,OMB,SR508,,Scar,3,L,6,4,26,22,9,18,4,3260,1,2,10.08,,,,FCS,FCS,OMB,SR508,,Scar,3,L,6,4,,,,,,
KB,FCS,OMB,SR508,,Scar,3,L,6,4,26,23,11,21,5,3356,1,3,10.08,,,,FCS,,,,,,,,,,,,,,,
Milly,FCS,OMB,SR508,,Scar,3,L,6,4,25,29,6,16,5,2786,3,4,10.08,,,,FCS,,,,,,,,,,,,,,,
Ruper,FCS,OMB,SR508,,Scar,3,L,6,4,22,27,14,15,2,3622,1,1,10.08,,,,FCS,,,,,,,,,,,,,,,
2Real,OMB,FCS,SR508,,Scar,3,L,4,6,34,25,9,26,5,4027,0,2,10.08,,,,OMB,OMB,FCS,SR508,,Scar,3,L,4,6,,,,,,
PaulEhx,OMB,FCS,SR508,,Scar,3,L,4,6,21,23,16,16,5,3087,1,0,10.08,,,,OMB,,,,,,,,,,,,,,,
Standy,OMB,FCS,SR508,,Scar,3,L,4,6,20,23,12,16,3,2663,2,4,10.08,,,,OMB,,,,,,,,,,,,,,,
Wrecks,OMB,FCS,SR508,,Scar,3,L,4,6,26,28,15,19,6,3330,1,2,10.08,,,,OMB,,,,,,,,,,,,,,,
Hitmxn,TRN,OMB,SR509,,Scar,3,L,2,5,19,24,7,16,3,2463,0,1,10.12,,,,TRN,TRN,OMB,SR509,,Scar,3,L,2,5,,,,,,
Jett,TRN,OMB,SR509,,Scar,3,L,2,5,19,25,11,13,3,2767,2,2,10.12,,,,TRN,,,,,,,,,,,,,,,
Mince,TRN,OMB,SR509,,Scar,3,L,2,5,27,29,14,16,4,3882,0,3,10.12,,,,TRN,,,,,,,,,,,,,,,
Tkay,TRN,OMB,SR509,,Scar,3,L,2,5,24,29,9,15,4,3084,0,3,10.12,,,,TRN,,,,,,,,,,,,,,,
2Real,OMB,TRN,SR509,,Scar,3,W,5,2,20,25,7,13,3,2532,1,2,10.12,,,,OMB,OMB,TRN,SR509,,Scar,3,W,5,2,,,,,,
PaulEhx,OMB,TRN,SR509,,Scar,3,W,5,2,33,19,12,22,3,4225,2,2,10.12,,,,OMB,,,,,,,,,,,,,,,
Standy,OMB,TRN,SR509,,Scar,3,W,5,2,26,23,17,18,3,3814,1,4,10.12,,,,OMB,,,,,,,,,,,,,,,
Wrecks,OMB,TRN,SR509,,Scar,3,W,5,2,28,23,9,20,4,3185,1,1,10.12,,,,OMB,,,,,,,,,,,,,,,
Mirage,CBL,FZF,SR510,,Den,3,W,5,6,27,24,8,20,4,2959,1,6,11.53,,,,CBL,CBL,FZF,SR510,,Den,3,W,5,6,,,,,,
Nate,CBL,FZF,SR510,,Den,3,W,5,6,19,31,8,12,2,3036,1,3,11.53,,,,CBL,,,,,,,,,,,,,,,
Prodahh,CBL,FZF,SR510,,Den,3,W,5,6,22,25,14,16,4,3163,1,5,11.53,,,,CBL,,,,,,,,,,,,,,,
Vik,CBL,FZF,SR510,,Den,3,W,5,6,31,30,5,17,4,4221,2,2,11.53,,,,CBL,,,,,,,,,,,,,,,
Alluka,FZF,CBL,SR510,,Den,3,W,6,5,37,25,11,29,7,4496,0,5,11.53,,,,FZF,FZF,CBL,SR510,,Den,3,W,6,5,,,,,,
KnoX,FZF,CBL,SR510,,Den,3,W,6,5,24,27,7,15,7,2586,3,4,11.53,,,,FZF,,,,,,,,,,,,,,,
QK4B,FZF,CBL,SR510,,Den,3,W,6,5,24,25,12,16,4,3329,3,2,11.53,,,,FZF,,,,,,,,,,,,,,,
Roxas,FZF,CBL,SR510,,Den,3,W,6,5,23,24,9,17,4,3408,0,1,11.53,,,,FZF,,,,,,,,,,,,,,,
Beans,P7N,FCS,SR511,,Den,3,W,4,2,25,26,12,19,4,3078,0,3,10.15,,,,P7N,P7N,FCS,SR511,,Den,3,W,4,2,,,,,,
DC,P7N,FCS,SR511,,Den,3,W,4,2,32,27,12,24,4,3426,1,3,10.15,,,,P7N,,,,,,,,,,,,,,,
Erikboom,P7N,FCS,SR511,,Den,3,W,4,2,24,25,15,16,3,2926,1,4,10.15,,,,P7N,,,,,,,,,,,,,,,
Snoopy,P7N,FCS,SR511,,Den,3,W,4,2,27,27,12,16,3,3422,2,4,10.15,,,,P7N,,,,,,,,,,,,,,,
IconZ,FCS,P7N,SR511,,Den,3,L,2,4,22,28,8,11,4,2935,0,4,10.15,,,,FCS,FCS,P7N,SR511,,Den,3,L,2,4,,,,,,
KB,FCS,P7N,SR511,,Den,3,L,2,4,25,28,11,14,4,3053,1,8,10.15,,,,FCS,,,,,,,,,,,,,,,
Milly,FCS,P7N,SR511,,Den,3,L,2,4,28,28,11,17,5,3011,0,4,10.15,,,,FCS,,,,,,,,,,,,,,,
Ruper,FCS,P7N,SR511,,Den,3,L,2,4,30,26,13,19,6,4064,1,5,10.15,,,,FCS,,,,,,,,,,,,,,,
Brack,HUN,FUN,SR512,,Exposure,3,L,5,6,23,29,12,13,3,3044,0,5,13.30,,,,HUN,HUN,FUN,SR512,,Exposure,3,L,5,6,,,,,,
Johnny,HUN,FUN,SR512,,Exposure,3,L,5,6,17,33,9,11,2,3471,3,2,13.30,,,,HUN,,,,,,,,,,,,,,,
Renegade,HUN,FUN,SR512,,Exposure,3,L,5,6,36,31,6,27,4,4079,1,3,13.30,,,,HUN,,,,,,,,,,,,,,,
Swooty,HUN,FUN,SR512,,Exposure,3,L,5,6,31,27,5,27,5,3924,2,4,13.30,,,,HUN,,,,,,,,,,,,,,,
Gio,FUN,HUN,SR512,,Exposure,3,W,6,5,31,26,12,25,5,3746,1,4,13.30,,,,FUN,FUN,HUN,SR512,,Exposure,3,W,6,5,,,,,,
Mack,FUN,HUN,SR512,,Exposure,3,W,6,5,27,31,10,15,4,3585,1,2,13.30,,,,FUN,,,,,,,,,,,,,,,
Owakening,FUN,HUN,SR512,,Exposure,3,W,6,5,22,31,16,16,5,3871,2,3,13.30,,,,FUN,,,,,,,,,,,,,,,
Uli,FUN,HUN,SR512,,Exposure,3,W,6,5,40,22,3,31,5,3653,3,5,13.30,,,,FUN,,,,,,,,,,,,,,,
D7oomx,ROC,EXC,SR513,,Exposure,3,L,3,4,21,28,9,13,3,2623,0,2,10.67,,,,ROC,ROC,EXC,SR513,,Exposure,3,L,3,4,,,,,,
D7om,ROC,EXC,SR513,,Exposure,3,L,3,4,31,26,5,21,5,3197,1,4,10.67,,,,ROC,,,,,,,,,,,,,,,
Khhx,ROC,EXC,SR513,,Exposure,3,L,3,4,23,20,6,17,4,3086,1,2,10.67,,,,ROC,,,,,,,,,,,,,,,
Rxld,ROC,EXC,SR513,,Exposure,3,L,3,4,24,28,8,11,3,2929,1,3,10.67,,,,ROC,,,,,,,,,,,,,,,
Breszy,EXC,ROC,SR513,,Exposure,3,W,4,3,23,26,9,18,4,2565,0,3,10.67,,,,EXC,EXC,ROC,SR513,,Exposure,3,W,4,3,,,,,,
Cobra,EXC,ROC,SR513,,Exposure,3,W,4,3,20,27,15,16,2,3210,2,4,10.67,,,,EXC,,,,,,,,,,,,,,,
Lynz,EXC,ROC,SR513,,Exposure,3,W,4,3,33,23,12,24,5,3649,2,6,10.67,,,,EXC,,,,,,,,,,,,,,,
Melko,EXC,ROC,SR513,,Exposure,3,W,4,3,25,24,12,18,4,2612,0,5,10.67,,,,EXC,,,,,,,,,,,,,,,
Clox,NAJ,OMN,SR514,,Den,3,L,2,3,25,23,9,18,4,3199,0,5,11.67,,,,NAJ,NAJ,OMN,SR514,,Den,3,L,2,3,,,,,,
GntL,NAJ,OMN,SR514,,Den,3,L,2,3,24,27,3,17,3,3096,1,4,11.67,,,,NAJ,,,,,,,,,,,,,,,
KingAbody,NAJ,OMN,SR514,,Den,3,L,2,3,23,25,8,13,4,3340,1,3,11.67,,,,NAJ,,,,,,,,,,,,,,,
Shay,NAJ,OMN,SR514,,Den,3,L,2,3,20,35,11,10,3,3066,0,1,11.67,,,,NAJ,,,,,,,,,,,,,,,
Alfa,OMN,NAJ,SR514,,Den,3,W,3,2,26,26,9,16,3,3004,1,2,11.67,,,,OMN,OMN,NAJ,SR514,,Den,3,W,3,2,,,,,,
Detain,OMN,NAJ,SR514,,Den,3,W,3,2,20,20,9,13,4,3299,1,3,11.67,,,,OMN,,,,,,,,,,,,,,,
Syqz,OMN,NAJ,SR514,,Den,3,W,3,2,28,22,8,22,5,3389,1,5,11.67,,,,OMN,,,,,,,,,,,,,,,
Mighty,OMN,NAJ,SR514,,Den,3,W,3,2,33,26,10,22,4,3960,0,2,11.67,,,,OMN,,,,,,,,,,,,,,,
Aspekt,ONR,P7E,SR515,,Scar,3,W,3,1,25,26,12,15,4,3667,0,2,10.02,,,,ONR,ONR,P7E,SR515,,Scar,3,W,3,1,,,,,,
Denza,ONR,P7E,SR515,,Scar,3,W,3,1,28,24,8,19,3,3234,2,2,10.02,,,,ONR,,,,,,,,,,,,,,,
dk,ONR,P7E,SR515,,Scar,3,W,3,1,34,26,14,24,7,3862,1,3,10.02,,,,ONR,,,,,,,,,,,,,,,
Ethan,ONR,P7E,SR515,,Scar,3,W,3,1,26,25,11,17,3,2979,0,1,10.02,,,,ONR,,,,,,,,,,,,,,,
FDot,P7E,ONR,SR515,,Scar,3,L,1,3,26,31,13,17,5,3672,0,3,10.02,,,,P7E,P7E,ONR,SR515,,Scar,3,L,1,3,,,,,,
Harry,P7E,ONR,SR515,,Scar,3,L,1,3,27,26,12,17,4,3694,0,3,10.02,,,,P7E,,,,,,,,,,,,,,,
ReeaL,P7E,ONR,SR515,,Scar,3,L,1,3,26,28,6,17,3,2919,1,1,10.02,,,,P7E,,,,,,,,,,,,,,,
Mythix,P7E,ONR,SR515,,Scar,3,L,1,3,21,29,9,14,3,2838,0,3,10.02,,,,P7E,,,,,,,,,,,,,,,
D7oomx,ROC,NAJ,SR516,,Scar,3,W,5,2,17,19,11,17,4,2716,2,2,10.00,,,,ROC,ROC,NAJ,SR516,,Scar,3,W,5,2,,,,,,
D7om,ROC,NAJ,SR516,,Scar,3,W,5,2,30,23,12,19,5,3776,0,3,10.00,,,,ROC,,,,,,,,,,,,,,,
Khhx,ROC,NAJ,SR516,,Scar,3,W,5,2,26,20,4,23,4,2705,3,6,10.00,,,,ROC,,,,,,,,,,,,,,,
Rxld,ROC,NAJ,SR516,,Scar,3,W,5,2,29,21,10,19,4,3650,0,5,10.00,,,,ROC,,,,,,,,,,,,,,,
Clox,NAJ,ROC,SR516,,Scar,3,L,2,5,12,24,7,7,2,2405,1,1,10.00,,,,NAJ,NAJ,ROC,SR516,,Scar,3,L,2,5,,,,,,
GntL,NAJ,ROC,SR516,,Scar,3,L,2,5,18,26,10,11,3,2994,0,1,10.00,,,,NAJ,,,,,,,,,,,,,,,
KingAbody,NAJ,ROC,SR516,,Scar,3,L,2,5,28,26,5,21,8,3555,1,5,10.00,,,,NAJ,,,,,,,,,,,,,,,
Shay,NAJ,ROC,SR516,,Scar,3,L,2,5,24,26,6,19,6,2963,0,1,10.00,,,,NAJ,,,,,,,,,,,,,,,
Alluka,FZF,FCS,SR517,,Scar,3,W,5,1,33,21,10,26,6,3628,2,2,9.82,,,,FZF,FZF,FCS,SR517,,Scar,3,W,5,1,,,,,,
KnoX,FZF,FCS,SR517,,Scar,3,W,5,1,32,23,17,26,7,4491,1,3,9.82,,,,FZF,,,,,,,,,,,,,,,
QK4B,FZF,FCS,SR517,,Scar,3,W,5,1,22,24,11,12,3,2396,1,2,9.82,,,,FZF,,,,,,,,,,,,,,,
Roxas,FZF,FCS,SR517,,Scar,3,W,5,1,33,19,14,26,6,3422,1,3,9.82,,,,FZF,,,,,,,,,,,,,,,
IconZ,FCS,FZF,SR517,,Scar,3,L,1,5,30,28,6,20,6,3563,1,3,9.82,,,,FCS,FCS,FZF,SR517,,Scar,3,L,1,5,,,,,,
KB,FCS,FZF,SR517,,Scar,3,L,1,5,18,29,7,6,3,2392,0,0,9.82,,,,FCS,,,,,,,,,,,,,,,
Milly,FCS,FZF,SR517,,Scar,3,L,1,5,15,33,10,6,2,2588,0,2,9.82,,,,FCS,,,,,,,,,,,,,,,
Ruper,FCS,FZF,SR517,,Scar,3,L,1,5,23,31,10,16,3,3113,0,3,9.82,,,,FCS,,,,,,,,,,,,,,,
2Real,OMB,FUN,SR518,,Scar,3,L,5,6,21,26,3,12,3,2767,1,2,8.52,,,,OMB,OMB,FUN,SR518,,Scar,3,L,5,6,,,,,,
PaulEhx,OMB,FUN,SR518,,Scar,3,L,5,6,16,24,10,7,5,2779,3,1,8.52,,,,OMB,,,,,,,,,,,,,,,
Standy,OMB,FUN,SR518,,Scar,3,L,5,6,19,20,5,15,4,2186,0,1,8.52,,,,OMB,,,,,,,,,,,,,,,
Wrecks,OMB,FUN,SR518,,Scar,3,L,5,6,16,22,10,11,5,2409,1,0,8.52,,,,OMB,,,,,,,,,,,,,,,
Gio,FUN,OMB,SR518,,Scar,3,L,6,5,22,17,9,20,8,3154,1,2,8.52,,,,FUN,FUN,OMB,SR518,,Scar,3,L,6,5,,,,,,
Mack,FUN,OMB,SR518,,Scar,3,L,6,5,18,18,3,8,2,2500,3,2,8.52,,,,FUN,,,,,,,,,,,,,,,
Owakening,FUN,OMB,SR518,,Scar,3,L,6,5,25,18,7,18,4,3068,1,4,8.52,,,,FUN,,,,,,,,,,,,,,,
Uli,FUN,OMB,SR518,,Scar,3,L,6,5,27,19,7,22,6,2634,1,1,8.52,,,,FUN,,,,,,,,,,,,,,,
Beans,P7N,HUN,SR519,,Scar,3,W,6,2,30,25,14,21,4,3630,1,5,10.08,,,,P7N,P7N,HUN,SR519,,Scar,3,W,6,2,,,,,,
DC,P7N,HUN,SR519,,Scar,3,W,6,2,30,22,11,22,3,4071,0,4,10.08,,,,P7N,,,,,,,,,,,,,,,
ErikBoom,P7N,HUN,SR519,,Scar,3,W,6,2,28,25,14,20,7,3880,2,5,10.08,,,,P7N,,,,,,,,,,,,,,,
Snoopy,P7N,HUN,SR519,,Scar,3,W,6,2,28,25,7,19,4,3368,3,3,10.08,,,,P7N,,,,,,,,,,,,,,,
Brack,HUN,P7N,SR519,,Scar,3,L,2,6,22,29,9,13,4,3219,0,4,10.08,,,,HUN,HUN,P7N,SR519,,Scar,3,L,2,6,,,,,,
Johnny,HUN,P7N,SR519,,Scar,3,L,2,6,22,30,6,11,4,2713,0,1,10.08,,,,HUN,,,,,,,,,,,,,,,
Renegade,HUN,P7N,SR519,,Scar,3,L,2,6,27,24,9,21,4,2886,2,4,10.08,,,,HUN,,,,,,,,,,,,,,,
Swooty,HUN,P7N,SR519,,Scar,3,L,2,6,26,33,12,15,4,3387,0,3,10.08,,,,HUN,,,,,,,,,,,,,,,
Alluka,FZF,OMB,SR520,,Den,3,L,0,3,19,28,9,12,3,2721,0,2,10.08,,,,FZF,FZF,OMB,SR520,,Den,3,L,0,3,,,,,,
KnoX,FZF,OMB,SR520,,Den,3,L,0,3,30,26,6,22,4,3431,0,7,10.08,,,,FZF,,,,,,,,,,,,,,,
QK4B,FZF,OMB,SR520,,Den,3,L,0,3,19,24,9,11,3,3088,0,0,10.08,,,,FZF,,,,,,,,,,,,,,,
Roxas,FZF,OMB,SR520,,Den,3,L,0,3,20,21,7,14,2,2501,0,3,10.08,,,,FZF,,,,,,,,,,,,,,,
2Real,OMB,FZF,SR520,,Den,3,W,3,0,23,23,13,15,4,2989,1,1,10.08,,,,OMB,OMB,FZF,SR520,,Den,3,W,3,0,,,,,,
PaulEhx,OMB,FZF,SR520,,Den,3,W,3,0,25,23,10,13,3,3412,0,1,10.08,,,,OMB,,,,,,,,,,,,,,,
Standy,OMB,FZF,SR520,,Den,3,W,3,0,27,24,9,21,5,3402,1,4,10.08,,,,OMB,,,,,,,,,,,,,,,
Wrecks,OMB,FZF,SR520,,Den,3,W,3,0,23,19,6,17,3,2708,1,4,10.08,,,,OMB,,,,,,,,,,,,,,,
FDot,P7E,ROC,SR521,,Exposure,3,L,3,6,27,26,4,17,3,3323,0,3,10.00,,,,P7E,P7E,ROC,SR521,,Exposure,3,L,3,6,,,,,,
Harry,P7E,ROC,SR521,,Exposure,3,L,3,6,18,25,11,11,3,2949,1,2,10.00,,,,P7E,,,,,,,,,,,,,,,
ReeaL,P7E,ROC,SR521,,Exposure,3,L,3,6,23,27,6,12,3,3079,0,2,10.00,,,,P7E,,,,,,,,,,,,,,,
Mythix,P7E,ROC,SR521,,Exposure,3,L,3,6,19,22,6,14,2,2404,2,2,10.00,,,,P7E,,,,,,,,,,,,,,,
D7oomx,ROC,P7E,SR521,,Exposure,3,W,6,3,28,23,8,19,3,3822,0,1,10.00,,,,ROC,ROC,P7E,SR521,,Exposure,3,W,6,3,,,,,,
D7om,ROC,P7E,SR521,,Exposure,3,W,6,3,25,22,9,17,5,3135,1,4,10.00,,,,ROC,,,,,,,,,,,,,,,
Khhx,ROC,P7E,SR521,,Exposure,3,W,6,3,32,21,1,24,4,3206,2,4,10.00,,,,ROC,,,,,,,,,,,,,,,
Rxld,ROC,P7E,SR521,,Exposure,3,W,6,3,15,24,6,11,2,2262,3,0,10.00,,,,ROC,,,,,,,,,,,,,,,
Beans,P7N,OMB,SR522,,Exposure,3,W,7,4,24,23,5,14,3,2919,1,5,10.00,,,,P7N,P7N,OMB,SR522,,Exposure,3,W,7,4,,,,,,
DC,P7N,OMB,SR522,,Exposure,3,W,7,4,26,18,5,21,5,3258,1,4,10.00,,,,P7N,,,,,,,,,,,,,,,
ErikBoom,P7N,OMB,SR522,,Exposure,3,W,7,4,22,23,9,17,3,2801,3,2,10.00,,,,P7N,,,,,,,,,,,,,,,
Snoopy,P7N,OMB,SR522,,Exposure,3,W,7,4,23,22,4,14,5,2447,2,2,10.00,,,,P7N,,,,,,,,,,,,,,,
2Real,OMB,P7N,SR522,,Exposure,3,L,4,7,20,23,8,11,4,2534,1,3,10.00,,,,OMB,OMB,P7N,SR522,,Exposure,3,L,4,7,,,,,,
PaulEhx,OMB,P7N,SR522,,Exposure,3,L,4,7,18,22,11,16,4,2631,2,2,10.00,,,,OMB,,,,,,,,,,,,,,,
Standy,OMB,P7N,SR522,,Exposure,3,L,4,7,20,26,9,11,2,2450,1,0,10.00,,,,OMB,,,,,,,,,,,,,,,
Wrecks,OMB,P7N,SR522,,Exposure,3,L,4,7,28,24,11,14,3,3414,0,2,10.00,,,,OMB,,,,,,,,,,,,,,,
Aspekt,ONR,ROC,SR523,,Scar,3,W,8,2,30,26,10,19,4,3124,3,2,9.63,,,,ONR,ONR,ROC,SR523,,Scar,3,W,8,2,,,,,,
Denza,ONR,ROC,SR523,,Scar,3,W,8,2,27,23,7,20,6,3125,1,2,9.63,,,,ONR,,,,,,,,,,,,,,,
dk,ONR,ROC,SR523,,Scar,3,W,8,2,36,20,10,28,9,4386,2,6,9.63,,,,ONR,,,,,,,,,,,,,,,
Ethan,ONR,ROC,SR523,,Scar,3,W,8,2,22,25,10,14,5,3269,2,3,9.63,,,,ONR,,,,,,,,,,,,,,,
D7oomx,ROC,ONR,SR523,,Scar,3,W,2,8,27,28,9,19,3,3502,0,2,9.63,,,,ROC,ROC,ONR,SR523,,Scar,3,W,2,8,,,,,,
D7om,ROC,ONR,SR523,,Scar,3,W,2,8,27,26,10,18,5,3601,1,4,9.63,,,,ROC,,,,,,,,,,,,,,,
Khhx,ROC,ONR,SR523,,Scar,3,W,2,8,22,31,12,14,3,3627,1,5,9.63,,,,ROC,,,,,,,,,,,,,,,
Rxld,ROC,ONR,SR523,,Scar,3,W,2,8,17,30,6,10,4,2297,0,0,9.63,,,,ROC,,,,,,,,,,,,,,,
Aspekt,ONR,ROC,SR523,,Den,6,L,0,8,16,22,8,8,3,2536,0,0,6.73,,,,ONR,ONR,ROC,SR523,,Den,6,L,0,8,,,,,,
Denza,ONR,ROC,SR523,,Den,6,L,0,8,13,21,7,7,3,1658,0,2,6.73,,,,ONR,,,,,,,,,,,,,,,
dk,ONR,ROC,SR523,,Den,6,L,0,8,19,20,6,11,4,2325,0,1,6.73,,,,ONR,,,,,,,,,,,,,,,
Ethan,ONR,ROC,SR523,,Den,6,L,0,8,9,26,9,5,2,1775,0,0,6.73,,,,ONR,,,,,,,,,,,,,,,
D7oomx,ROC,ONR,SR523,,Den,6,W,8,0,16,13,7,13,4,1833,1,0,6.73,,,,ROC,ROC,ONR,SR523,,Den,6,W,8,0,,,,,,
D7om,ROC,ONR,SR523,,Den,6,W,8,0,26,14,5,18,5,2814,2,3,6.73,,,,ROC,,,,,,,,,,,,,,,
Khhx,ROC,ONR,SR523,,Den,6,W,8,0,17,15,13,11,4,2591,3,5,6.73,,,,ROC,,,,,,,,,,,,,,,
Rxld,ROC,ONR,SR523,,Den,6,W,8,0,29,16,10,20,5,3165,2,3,6.73,,,,ROC,,,,,,,,,,,,,,,
Brack,HUN,P7N,SR524,,Exposure,3,L,2,5,18,24,8,9,3,2372,0,5,9.15,,,,HUN,HUN,P7N,SR524,,Exposure,3,L,2,5,,,,,,
Johnny,HUN,P7N,SR524,,Exposure,3,L,2,5,19,26,5,9,2,3087,1,1,9.15,,,,HUN,,,,,,,,,,,,,,,
Renegade,HUN,P7N,SR524,,Exposure,3,L,2,5,24,20,8,21,5,2666,0,6,9.15,,,,HUN,,,,,,,,,,,,,,,
Swooty,HUN,P7N,SR524,,Exposure,3,L,2,5,14,27,7,8,4,2179,1,3,9.15,,,,HUN,,,,,,,,,,,,,,,
Beans,P7N,HUN,SR524,,Exposure,3,W,5,2,23,20,9,17,3,3053,2,4,9.15,,,,P7N,P7N,HUN,SR524,,Exposure,3,W,5,2,,,,,,
DC,P7N,HUN,SR524,,Exposure,3,W,5,2,26,19,7,20,4,3016,3,3,9.15,,,,P7N,,,,,,,,,,,,,,,
ErikBoom,P7N,HUN,SR524,,Exposure,3,W,5,2,22,22,9,15,7,2952,0,4,9.15,,,,P7N,,,,,,,,,,,,,,,
Snoopy,P7N,HUN,SR524,,Exposure,3,W,5,2,25,16,4,19,8,2404,0,4,9.15,,,,P7N,,,,,,,,,,,,,,,
Brack,HUN,P7N,SR524,,Den,6,L,2,8,17,28,8,9,3,2369,0,2,9.17,,,,HUN,HUN,P7N,SR524,,Den,6,L,2,8,,,,,,
Johnny,HUN,P7N,SR524,,Den,6,L,2,8,27,24,8,15,3,3411,1,5,9.17,,,,HUN,,,,,,,,,,,,,,,
Renegade,HUN,P7N,SR524,,Den,6,L,2,8,21,29,9,10,2,2399,1,4,9.17,,,,HUN,,,,,,,,,,,,,,,
Swooty,HUN,P7N,SR524,,Den,6,L,2,8,19,31,6,9,3,2469,0,5,9.17,,,,HUN,,,,,,,,,,,,,,,
Beans,P7N,HUN,SR524,,Den,6,W,8,2,23,23,7,18,4,2947,2,4,9.17,,,,P7N,P7N,HUN,SR524,,Den,6,W,8,2,,,,,,
DC,P7N,HUN,SR524,,Den,6,W,8,2,29,20,5,21,5,3329,1,1,9.17,,,,P7N,,,,,,,,,,,,,,,
ErikBoom,P7N,HUN,SR524,,Den,6,W,8,2,32,19,12,26,5,3848,3,6,9.17,,,,P7N,,,,,,,,,,,,,,,
Snoopy,P7N,HUN,SR524,,Den,6,W,8,2,27,23,11,18,6,2948,2,3,9.17,,,,P7N,,,,,,,,,,,,,,,
d7oomx,ROC,AXB,SR525,,Exposure,3,L,2,5,24,29,6,11,3,3312,0,5,10.32,,,,ROC,ROC,AXB,SR525,,Exposure,3,L,2,5,,,,,,
Rxld,ROC,AXB,SR525,,Exposure,3,L,2,5,15,30,8,9,2,2476,0,1,10.32,,,,ROC,,,,,,,,,,,,,,,
Khhx,ROC,AXB,SR525,,Exposure,3,L,2,5,22,21,4,18,3,2714,1,4,10.32,,,,ROC,,,,,,,,,,,,,,,
d7om,ROC,AXB,SR525,,Exposure,3,L,2,5,26,28,7,18,3,3150,1,8,10.32,,,,ROC,,,,,,,,,,,,,,,
Clutch,AXB,ROC,SR525,,Exposure,3,W,5,2,29,25,4,21,4,2614,2,5,10.32,,,,AXB,AXB,ROC,SR525,,Exposure,3,W,5,2,,,,,,
Rush,AXB,ROC,SR525,,Exposure,3,W,5,2,33,18,9,27,10,3788,1,4,10.32,,,,AXB,,,,,,,,,,,,,,,
Henry,AXB,ROC,SR525,,Exposure,3,W,5,2,25,21,10,18,6,3502,2,5,10.32,,,,AXB,,,,,,,,,,,,,,,
UH,AXB,ROC,SR525,,Exposure,3,W,5,2,21,23,15,14,3,2654,0,2,10.32,,,,AXB,,,,,,,,,,,,,,,
Aspekt,ONR,LQD,SR526,,Scar,3,W,5,1,40,25,10,29,4,4051,1,4,10.00,,,,ONR,ONR,LQD,SR526,,Scar,3,W,5,1,,,,,,
Ethan,ONR,LQD,SR526,,Scar,3,W,5,1,19,28,11,11,3,2902,0,2,10.00,,,,ONR,,,,,,,,,,,,,,,
Dk,ONR,LQD,SR526,,Scar,3,W,5,1,34,22,14,23,5,4753,2,2,10.00,,,,ONR,,,,,,,,,,,,,,,
Denza,ONR,LQD,SR526,,Scar,3,W,5,1,23,24,8,15,4,2893,2,1,10.00,,,,ONR,,,,,,,,,,,,,,,
Lqgend,LQD,ONR,SR526,,Scar,3,L,1,5,27,32,11,15,3,3366,0,1,10.00,,,,LQD,LQD,ONR,SR526,,Scar,3,L,1,5,,,,,,
Melko,LQD,ONR,SR526,,Scar,3,L,1,5,33,26,7,25,5,3467,1,2,10.00,,,,LQD,,,,,,,,,,,,,,,
Slade,LQD,ONR,SR526,,Scar,3,L,1,5,27,28,11,18,5,3773,0,4,10.00,,,,LQD,,,,,,,,,,,,,,,
Depa,LQD,ONR,SR526,,Scar,3,L,1,5,11,31,15,4,3,2175,0,1,10.00,,,,LQD,,,,,,,,,,,,,,,
FDot,P7E,RCA,SR527,,Den,3,W,6,1,23,22,5,12,3,2500,2,0,8.38,,,,P7E,P7E,RCA,SR527,,Den,3,W,6,1,,,,,,
Harry,P7E,RCA,SR527,,Den,3,W,6,1,24,18,5,12,3,2600,1,0,8.38,,,,P7E,,,,,,,,,,,,,,,
Mythix,P7E,RCA,SR527,,Den,3,W,6,1,27,18,5,12,3,2900,2,0,8.38,,,,P7E,,,,,,,,,,,,,,,
Alfa,P7E,RCA,SR527,,Den,3,W,6,1,21,20,6,10,3,2300,1,0,8.38,,,,P7E,,,,,,,,,,,,,,,
RealCharm,RCA,P7E,SR527,,Den,3,L,1,6,16,21,5,6,2,1800,0,0,8.38,,,,RCA,RCA,P7E,SR527,,Den,3,L,1,6,,,,,,
Faisal,RCA,P7E,SR527,,Den,3,L,1,6,27,25,5,13,3,2900,1,0,8.38,,,,RCA,,,,,,,,,,,,,,,
NotTaad,RCA,P7E,SR527,,Den,3,L,1,6,17,24,5,11,3,1900,0,0,8.38,,,,RCA,,,,,,,,,,,,,,,
Sway,RCA,P7E,SR527,,Den,3,L,1,6,17,27,5,12,3,1900,0,0,8.38,,,,RCA,,,,,,,,,,,,,,,
Mighty,EXC,KEZ,SR528,,Scar,3,W,4,3,21,23,8,12,4,2853,2,2,10.50,,,,EXC,EXC,KEZ,SR528,,Scar,3,W,4,3,,,,,,
Breszy,EXC,KEZ,SR528,,Scar,3,W,4,3,24,17,6,17,4,2894,0,2,10.50,,,,EXC,,,,,,,,,,,,,,,
Cobra,EXC,KEZ,SR528,,Scar,3,W,4,3,30,24,5,20,4,3161,1,1,10.50,,,,EXC,,,,,,,,,,,,,,,
Lynz,EXC,KEZ,SR528,,Scar,3,W,4,3,24,27,13,18,5,3465,1,2,10.50,,,,EXC,,,,,,,,,,,,,,,
Kez,KEZ,EXC,SR528,,Scar,3,L,3,4,27,27,10,16,3,3753,1,1,10.50,,,,KEZ,KEZ,EXC,SR528,,Scar,3,L,3,4,,,,,,
Detain,KEZ,EXC,SR528,,Scar,3,L,3,4,20,21,10,16,5,2505,0,2,10.50,,,,KEZ,,,,,,,,,,,,,,,
Ovrlay,KEZ,EXC,SR528,,Scar,3,L,3,4,20,27,8,12,3,2557,2,1,10.50,,,,KEZ,,,,,,,,,,,,,,,
Disarray,KEZ,EXC,SR528,,Scar,3,L,3,4,21,25,9,16,3,3115,0,0,10.50,,,,KEZ,,,,,,,,,,,,,,,
Clutch,AXB,LQD,SR529,,Scar,3,L,5,6,25,28,9,16,0,3259,2,2,9.78,,,,AXB,AXB,LQD,SR529,,Scar,3,L,5,6,,,,,,
Rush,AXB,LQD,SR529,,Scar,3,L,5,6,27,26,6,17,0,3024,2,3,9.78,,,,AXB,,,,,,,,,,,,,,,
Henry,AXB,LQD,SR529,,Scar,3,L,5,6,25,27,15,17,1,3441,1,4,9.78,,,,AXB,,,,,,,,,,,,,,,
UH,AXB,LQD,SR529,,Scar,3,L,5,6,25,28,12,20,0,3102,0,2,9.78,,,,AXB,,,,,,,,,,,,,,,
Lqgend,LQD,AXB,SR529,,Scar,3,W,6,5,30,26,6,21,2,3495,2,0,9.78,,,,LQD,LQD,AXB,SR529,,Scar,3,W,6,5,,,,,,
Melko,LQD,AXB,SR529,,Scar,3,W,6,5,19,23,12,12,1,2792,1,0,9.78,,,,LQD,,,,,,,,,,,,,,,
Slade,LQD,AXB,SR529,,Scar,3,W,6,5,30,27,13,20,0,3881,2,0,9.78,,,,LQD,,,,,,,,,,,,,,,
Depa,LQD,AXB,SR529,,Scar,3,W,6,5,28,27,11,16,0,3262,1,4,9.78,,,,LQD,,,,,,,,,,,,,,,
RealCharm,RCA,EXC,SR530,,Scar,3,W,2,7,,,,,,,,,0.00,,,,RCA,RCA,EXC,SR530,,Scar,3,W,2,7,,,,,,
Faisal,RCA,EXC,SR530,,Scar,3,W,2,7,,,,,,,,,0.00,,,,RCA,,,,,,,,,,,,,,,
NotTaad,RCA,EXC,SR530,,Scar,3,W,2,7,,,,,,,,,0.00,,,,RCA,,,,,,,,,,,,,,,
Sway,RCA,EXC,SR530,,Scar,3,W,2,7,,,,,,,,,0.00,,,,RCA,,,,,,,,,,,,,,,
Mighty,EXC,RCA,SR530,,Scar,3,W,7,2,,,,,,,,,0.00,,,,EXC,EXC,RCA,SR530,,Scar,3,W,7,2,,,,,,
Breszy,EXC,RCA,SR530,,Scar,3,W,7,2,,,,,,,,,0.00,,,,EXC,,,,,,,,,,,,,,,
Cobra,EXC,RCA,SR530,,Scar,3,W,7,2,,,,,,,,,0.00,,,,EXC,,,,,,,,,,,,,,,
Lynz,EXC,RCA,SR530,,Scar,3,W,7,2,,,,,,,,,0.00,,,,EXC,,,,,,,,,,,,,,,
d7oomx,ROC,ONR,SR531,,Scar,3,L,2,7,23,23,10,15,3,3379,1,2,9.02,,,,ROC,ROC,ONR,SR531,,Scar,3,L,2,7,,,,,,
Rxld,ROC,ONR,SR531,,Scar,3,L,2,7,21,29,7,13,5,2724,0,3,9.02,,,,ROC,,,,,,,,,,,,,,,
Khhx,ROC,ONR,SR531,,Scar,3,L,2,7,29,26,9,18,3,3007,0,2,9.02,,,,ROC,,,,,,,,,,,,,,,
d7om,ROC,ONR,SR531,,Scar,3,L,2,7,22,29,7,15,5,2695,1,3,9.02,,,,ROC,,,,,,,,,,,,,,,
Aspekt,ONR,ROC,SR531,,Scar,3,L,7,2,29,23,11,19,4,4028,1,4,9.02,,,,ONR,ONR,ROC,SR531,,Scar,3,L,7,2,,,,,,
Ethan,ONR,ROC,SR531,,Scar,3,L,7,2,27,25,9,18,4,2832,2,4,9.02,,,,ONR,,,,,,,,,,,,,,,
Dk,ONR,ROC,SR531,,Scar,3,L,7,2,28,22,13,20,4,3652,0,5,9.02,,,,ONR,,,,,,,,,,,,,,,
Denza,ONR,ROC,SR531,,Scar,3,L,7,2,22,25,13,19,3,2638,4,2,9.02,,,,ONR,,,,,,,,,,,,,,,
FDot,P7E,KEZ,SR532,,Scar,3,W,4,3,22,31,16,15,4,3325,2,3,10.45,,,,P7E,P7E,KEZ,SR532,,Scar,3,W,4,3,,,,,,
Harry,P7E,KEZ,SR532,,Scar,3,W,4,3,35,22,9,26,6,3773,1,7,10.45,,,,P7E,,,,,,,,,,,,,,,
Mythix,P7E,KEZ,SR532,,Scar,3,W,4,3,30,27,10,23,4,3303,0,3,10.45,,,,P7E,,,,,,,,,,,,,,,
Alfa,P7E,KEZ,SR532,,Scar,3,W,4,3,29,28,8,19,3,3792,1,0,10.45,,,,P7E,,,,,,,,,,,,,,,
Kez,KEZ,P7E,SR532,,Scar,3,L,3,4,27,29,18,19,5,4169,1,2,10.45,,,,KEZ,KEZ,P7E,SR532,,Scar,3,L,3,4,,,,,,
Detain,KEZ,P7E,SR532,,Scar,3,L,3,4,27,24,7,17,8,3327,0,1,10.45,,,,KEZ,,,,,,,,,,,,,,,
Ovrlay,KEZ,P7E,SR532,,Scar,3,L,3,4,23,29,15,14,3,3054,2,4,10.45,,,,KEZ,,,,,,,,,,,,,,,
Disarray,KEZ,P7E,SR532,,Scar,3,L,3,4,30,34,11,15,2,3677,0,4,10.45,,,,KEZ,,,,,,,,,,,,,,,
Kez,KEZ,AXB,SR533,,Exposure,3,W,6,2,30,16,7,25,0,3294,0,2,10.00,,,,KEZ,KEZ,AXB,SR533,,Exposure,3,W,6,2,,,,,,
Detain,KEZ,AXB,SR533,,Exposure,3,W,6,2,23,19,9,15,1,2785,2,0,10.00,,,,KEZ,,,,,,,,,,,,,,,
Ovrlay,KEZ,AXB,SR533,,Exposure,3,W,6,2,29,16,11,25,0,3296,4,4,10.00,,,,KEZ,,,,,,,,,,,,,,,
Disarray,KEZ,AXB,SR533,,Exposure,3,W,6,2,25,22,12,15,0,3468,0,2,10.00,,,,KEZ,,,,,,,,,,,,,,,
Clutch,AXB,KEZ,SR533,,Exposure,3,L,2,6,22,28,12,15,0,3137,1,4,10.00,,,,AXB,AXB,KEZ,SR533,,Exposure,3,L,2,6,,,,,,
Rush,AXB,KEZ,SR533,,Exposure,3,L,2,6,23,27,2,17,0,2553,0,2,10.00,,,,AXB,,,,,,,,,,,,,,,
Henry,AXB,KEZ,SR533,,Exposure,3,L,2,6,12,27,7,9,1,1945,0,0,10.00,,,,AXB,,,,,,,,,,,,,,,
UH,AXB,KEZ,SR533,,Exposure,3,L,2,6,13,26,4,8,0,2171,1,1,10.00,,,,AXB,,,,,,,,,,,,,,,
d7oomx,ROC,EXC,SR534,,Exposure,3,W,6,3,27,20,5,20,4,2920,2,3,10.08,,,,ROC,ROC,EXC,SR534,,Exposure,3,W,6,3,,,,,,
Rxld,ROC,EXC,SR534,,Exposure,3,W,6,3,29,24,6,18,5,3709,1,6,10.08,,,,ROC,,,,,,,,,,,,,,,
Khhx,ROC,EXC,SR534,,Exposure,3,W,6,3,20,25,6,13,3,2744,0,1,10.08,,,,ROC,,,,,,,,,,,,,,,
d7om,ROC,EXC,SR534,,Exposure,3,W,6,3,22,24,5,19,3,3160,3,2,10.08,,,,ROC,,,,,,,,,,,,,,,
Mighty,EXC,ROC,SR534,,Exposure,3,L,3,6,20,27,10,15,5,3012,0,1,10.08,,,,EXC,EXC,ROC,SR534,,Exposure,3,L,3,6,,,,,,
Breszy,EXC,ROC,SR534,,Exposure,3,L,3,6,24,22,9,17,4,2852,0,2,10.08,,,,EXC,,,,,,,,,,,,,,,
Cobra,EXC,ROC,SR534,,Exposure,3,L,3,6,22,23,5,17,4,2658,3,5,10.08,,,,EXC,,,,,,,,,,,,,,,
Lynz,EXC,ROC,SR534,,Exposure,3,L,3,6,24,27,7,12,3,3382,0,2,10.08,,,,EXC,,,,,,,,,,,,,,,
Aspekt,ONR,P7E,SR535,,Den,3,L,4,5,24,28,11,15,5,3296,0,3,10.03,,,,ONR,ONR,P7E,SR535,,Den,3,L,4,5,,,,,,
Ethan,ONR,P7E,SR535,,Den,3,L,4,5,20,29,9,12,4,2847,2,1,10.03,,,,ONR,,,,,,,,,,,,,,,
Dk,ONR,P7E,SR535,,Den,3,L,4,5,32,27,9,20,4,3729,0,3,10.03,,,,ONR,,,,,,,,,,,,,,,
Denza,ONR,P7E,SR535,,Den,3,L,4,5,17,28,14,5,2,2470,2,4,10.03,,,,ONR,,,,,,,,,,,,,,,
FDot,P7E,ONR,SR535,,Den,3,W,5,4,35,26,10,23,4,3690,0,6,10.03,,,,P7E,P7E,ONR,SR535,,Den,3,W,5,4,,,,,,
Harry,P7E,ONR,SR535,,Den,3,W,5,4,26,23,9,20,6,3498,0,2,10.03,,,,P7E,,,,,,,,,,,,,,,
Mythix,P7E,ONR,SR535,,Den,3,W,5,4,23,24,11,15,2,3194,2,3,10.03,,,,P7E,,,,,,,,,,,,,,,
Alfa,P7E,ONR,SR535,,Den,3,W,5,4,28,20,16,20,4,3090,3,8,10.03,,,,P7E,,,,,,,,,,,,,,,
Kez,KEZ,ROC,SR536,,Exposure,3,L,3,5,33,28,9,21,3,4275,0,3,10.32,,,,KEZ,KEZ,ROC,SR536,,Exposure,3,L,3,5,,,,,,
Detain,KEZ,ROC,SR536,,Exposure,3,L,3,5,24,22,8,18,6,3039,0,0,10.32,,,,KEZ,,,,,,,,,,,,,,,
Ovrlay,KEZ,ROC,SR536,,Exposure,3,L,3,5,18,24,7,11,3,2362,2,0,10.32,,,,KEZ,,,,,,,,,,,,,,,
Disarray,KEZ,ROC,SR536,,Exposure,3,L,3,5,23,24,8,17,4,3244,1,3,10.32,,,,KEZ,,,,,,,,,,,,,,,
d7oomx,ROC,KEZ,SR536,,Exposure,3,W,5,3,31,24,7,23,5,3473,0,5,10.32,,,,ROC,ROC,KEZ,SR536,,Exposure,3,W,5,3,,,,,,
Rxld,ROC,KEZ,SR536,,Exposure,3,W,5,3,20,25,8,13,4,2419,2,1,10.32,,,,ROC,,,,,,,,,,,,,,,
Khhx,ROC,KEZ,SR536,,Exposure,3,W,5,3,27,23,8,21,4,3199,1,4,10.32,,,,ROC,,,,,,,,,,,,,,,
d7om,ROC,KEZ,SR536,,Exposure,3,W,5,3,20,27,11,11,3,2837,2,2,10.32,,,,ROC,,,,,,,,,,,,,,,
Aspekt,ONR,ROC,SR537,,Exposure,3,W,0,8,13,18,3,6,3,1500,0,0,7.18,,,,ONR,ONR,ROC,SR537,,Exposure,3,W,0,8,,,,,,
Ethan,ONR,ROC,SR537,,Exposure,3,W,0,8,14,20,3,6,3,1600,0,0,7.18,,,,ONR,,,,,,,,,,,,,,,
Dk,ONR,ROC,SR537,,Exposure,3,W,0,8,15,21,3,7,3,1700,0,0,7.18,,,,ONR,,,,,,,,,,,,,,,
Denza,ONR,ROC,SR537,,Exposure,3,W,0,8,14,18,3,6,3,1600,0,0,7.18,,,,ONR,,,,,,,,,,,,,,,
d7oomx,ROC,ONR,SR537,,Exposure,3,W,8,0,17,13,5,8,3,1900,1,0,7.18,,,,ROC,ROC,ONR,SR537,,Exposure,3,W,8,0,,,,,,
Rxld,ROC,ONR,SR537,,Exposure,3,W,8,0,22,16,3,10,4,2400,2,0,7.18,,,,ROC,,,,,,,,,,,,,,,
Khhx,ROC,ONR,SR537,,Exposure,3,W,8,0,15,15,5,7,3,1700,1,0,7.18,,,,ROC,,,,,,,,,,,,,,,
d7om,ROC,ONR,SR537,,Exposure,3,W,8,0,21,14,3,10,4,2300,4,0,7.18,,,,ROC,,,,,,,,,,,,,,,
FDot,P7E,ONR,SR538,,Den,3,W,3,6,21,28,12,16,3,2846,1,3,8.77,,,,P7E,P7E,ONR,SR538,,Den,3,W,3,6,,,,,,
Harry,P7E,ONR,SR538,,Den,3,W,3,6,14,20,7,11,2,2393,1,0,8.77,,,,P7E,,,,,,,,,,,,,,,
Mythix,P7E,ONR,SR538,,Den,3,W,3,6,18,24,5,10,3,2496,1,1,8.77,,,,P7E,,,,,,,,,,,,,,,
Alfa,P7E,ONR,SR538,,Den,3,W,3,6,18,21,7,15,4,2666,0,4,8.77,,,,P7E,,,,,,,,,,,,,,,
Aspekt,ONR,P7E,SR538,,Den,3,W,6,3,25,18,9,18,5,3485,0,0,8.77,,,,ONR,ONR,P7E,SR538,,Den,3,W,6,3,,,,,,
Ethan,ONR,P7E,SR538,,Den,3,W,6,3,26,20,9,20,5,3223,4,0,8.77,,,,ONR,,,,,,,,,,,,,,,
Dk,ONR,P7E,SR538,,Den,3,W,6,3,18,18,11,14,4,2501,0,1,8.77,,,,ONR,,,,,,,,,,,,,,,
Denza,ONR,P7E,SR538,,Den,3,W,6,3,23,16,4,21,4,2574,2,3,8.77,,,,ONR,,,,,,,,,,,,,,,
FDot,P7E,ONR,SR538,,Exposure,6,W,5,3,23,26,8,15,4,3015,1,3,10.17,,,,P7E,P7E,ONR,SR538,,Exposure,6,W,5,3,,,,,,
Harry,P7E,ONR,SR538,,Exposure,6,W,5,3,24,20,9,19,4,3297,0,1,10.17,,,,P7E,,,,,,,,,,,,,,,
Mythix,P7E,ONR,SR538,,Exposure,6,W,5,3,20,28,12,11,3,2863,2,4,10.17,,,,P7E,,,,,,,,,,,,,,,
Alfa,P7E,ONR,SR538,,Exposure,6,W,5,3,27,25,5,15,4,2575,2,5,10.17,,,,P7E,,,,,,,,,,,,,,,
Aspekt,ONR,P7E,SR538,,Exposure,6,L,3,5,26,24,11,18,6,3081,0,1,10.17,,,,ONR,ONR,P7E,SR538,,Exposure,6,L,3,5,,,,,,
Ethan,ONR,P7E,SR538,,Exposure,6,L,3,5,28,26,9,20,5,2947,1,5,10.17,,,,ONR,,,,,,,,,,,,,,,
Dk,ONR,P7E,SR538,,Exposure,6,L,3,5,18,23,13,13,4,2717,0,2,10.17,,,,ONR,,,,,,,,,,,,,,,
Denza,ONR,P7E,SR538,,Exposure,6,L,3,5,27,22,11,18,3,2933,2,3,10.17,,,,ONR,,,,,,,,,,,,,,,
Manny,BTS,P7N,SR539,,Scar,3,L,0,7,25,30,10,14,4,2886,0,4,10.08,,,,BTS,BTS,P7N,SR539,,Scar,3,L,0,7,,,,,,
Prodahh,BTS,P7N,SR539,,Scar,3,L,0,7,19,26,10,12,5,2490,0,2,10.08,,,,BTS,,,,,,,,,,,,,,,
Mirage,BTS,P7N,SR539,,Scar,3,L,0,7,33,29,11,20,3,3501,0,4,10.08,,,,BTS,,,,,,,,,,,,,,,
Felo,BTS,P7N,SR539,,Scar,3,L,0,7,26,30,16,16,3,3622,0,3,10.08,,,,BTS,,,,,,,,,,,,,,,
Snoopy,P7N,BTS,SR539,,Scar,3,W,7,0,30,25,10,23,7,3375,1,5,10.08,,,,P7N,P7N,BTS,SR539,,Scar,3,W,7,0,,,,,,
Erikboom,P7N,BTS,SR539,,Scar,3,W,7,0,32,27,11,21,3,3285,3,2,10.08,,,,P7N,,,,,,,,,,,,,,,
Beans,P7N,BTS,SR539,,Scar,3,W,7,0,27,31,12,16,3,3710,1,0,10.08,,,,P7N,,,,,,,,,,,,,,,
DC,P7N,BTS,SR539,,Scar,3,W,7,0,25,22,9,18,4,3633,2,2,10.08,,,,P7N,,,,,,,,,,,,,,,
Ruper,FCS,OMB,SR540,,Den,3,L,2,3,27,29,11,18,3,3841,0,4,10.35,,,,FCS,FCS,OMB,SR540,,Den,3,L,2,3,,,,,,
KB,FCS,OMB,SR540,,Den,3,L,2,3,23,21,10,17,3,2897,1,0,10.35,,,,FCS,,,,,,,,,,,,,,,
Iconz,FCS,OMB,SR540,,Den,3,L,2,3,19,25,6,14,3,2501,1,2,10.35,,,,FCS,,,,,,,,,,,,,,,
Gio,FCS,OMB,SR540,,Den,3,L,2,3,26,18,9,18,4,3053,0,5,10.35,,,,FCS,,,,,,,,,,,,,,,
Wrecks,OMB,FCS,SR540,,Den,3,W,3,2,27,24,7,20,5,3047,0,2,10.35,,,,OMB,OMB,FCS,SR540,,Den,3,W,3,2,,,,,,
PaulEhx,OMB,FCS,SR540,,Den,3,W,3,2,18,24,11,15,4,2628,0,2,10.35,,,,OMB,,,,,,,,,,,,,,,
2Real,OMB,FCS,SR540,,Den,3,W,3,2,29,22,8,22,3,3299,1,5,10.35,,,,OMB,,,,,,,,,,,,,,,
Standy,OMB,FCS,SR540,,Den,3,W,3,2,18,26,11,13,4,2921,2,1,10.35,,,,OMB,,,,,,,,,,,,,,,
Cammy,TBG,SRB,SR541,,Scar,3,W,6,0,30,23,11,19,5,3833,3,1,9.18,,,,TBG,TBG,SRB,SR541,,Scar,3,W,6,0,,,,,,
Abe,TBG,SRB,SR541,,Scar,3,W,6,0,23,27,13,15,4,3033,1,4,9.18,,,,TBG,,,,,,,,,,,,,,,
Prolute,TBG,SRB,SR541,,Scar,3,W,6,0,26,20,8,21,5,2911,1,2,9.18,,,,TBG,,,,,,,,,,,,,,,
Capsidal,TBG,SRB,SR541,,Scar,3,W,6,0,30,22,7,22,5,3441,1,1,9.18,,,,TBG,,,,,,,,,,,,,,,
Asim,SRB,TBG,SR541,,Scar,3,L,0,6,28,26,8,16,2,3347,0,3,9.18,,,,SRB,SRB,TBG,SR541,,Scar,3,L,0,6,,,,,,
Arcitys,SRB,TBG,SR541,,Scar,3,L,0,6,20,27,9,10,2,2445,0,3,9.18,,,,SRB,,,,,,,,,,,,,,,
Priestahh,SRB,TBG,SR541,,Scar,3,L,0,6,23,29,9,13,3,3111,0,5,9.18,,,,SRB,,,,,,,,,,,,,,,
SkiL,SRB,TBG,SR541,,Scar,3,L,0,6,21,29,13,12,4,2847,0,1,9.18,,,,SRB,,,,,,,,,,,,,,,
Brack,HUN,CAR,SR542,,Exposure,3,L,2,3,16,28,7,10,2,2336,1,3,10.10,,,,HUN,HUN,CAR,SR542,,Exposure,3,L,2,3,,,,,,
Johnny,HUN,CAR,SR542,,Exposure,3,L,2,3,24,27,7,14,3,2652,0,4,10.10,,,,HUN,,,,,,,,,,,,,,,
Renegade,HUN,CAR,SR542,,Exposure,3,L,2,3,26,27,5,19,3,2995,1,3,10.10,,,,HUN,,,,,,,,,,,,,,,
Swooty,HUN,CAR,SR542,,Exposure,3,L,2,3,22,29,13,16,3,3565,0,2,10.10,,,,HUN,,,,,,,,,,,,,,,
DTG,CAR,HUN,SR542,,Exposure,3,W,3,2,28,24,5,17,4,3671,0,1,10.10,,,,CAR,CAR,HUN,SR542,,Exposure,3,W,3,2,,,,,,
Couti,CAR,HUN,SR542,,Exposure,3,W,3,2,24,24,7,16,4,3062,1,4,10.10,,,,CAR,,,,,,,,,,,,,,,
Veilleux,CAR,HUN,SR542,,Exposure,3,W,3,2,34,21,6,24,5,3926,1,3,10.10,,,,CAR,,,,,,,,,,,,,,,
cWadz,CAR,HUN,SR542,,Exposure,3,W,3,2,25,21,14,17,4,3034,1,1,10.10,,,,CAR,,,,,,,,,,,,,,,
Manny,BTS,FCS,SR543,,Den,3,W,3,1,28,20,7,22,4,3165,0,2,10.03,,,,BTS,BTS,FCS,SR543,,Den,3,W,3,1,,,,,,
Prodahh,BTS,FCS,SR543,,Den,3,W,3,1,23,18,8,16,3,2894,2,1,10.03,,,,BTS,,,,,,,,,,,,,,,
Mirage,BTS,FCS,SR543,,Den,3,W,3,1,22,19,8,15,4,2846,0,0,10.03,,,,BTS,,,,,,,,,,,,,,,
Felo,BTS,FCS,SR543,,Den,3,W,3,1,22,19,13,14,4,2894,1,3,10.03,,,,BTS,,,,,,,,,,,,,,,
Ruper,FCS,BTS,SR543,,Den,3,L,1,3,25,25,9,16,4,3217,0,2,10.03,,,,FCS,FCS,BTS,SR543,,Den,3,L,1,3,,,,,,
KB,FCS,BTS,SR543,,Den,3,L,1,3,20,25,12,13,2,2635,0,3,10.03,,,,FCS,,,,,,,,,,,,,,,
Iconz,FCS,BTS,SR543,,Den,3,L,1,3,16,24,10,13,3,2504,1,3,10.03,,,,FCS,,,,,,,,,,,,,,,
Gio,FCS,BTS,SR543,,Den,3,L,1,3,15,22,7,11,3,2463,0,1,10.03,,,,FCS,,,,,,,,,,,,,,,
Asim,SRB,CAR,SR544,,Scar,3,W,5,2,33,20,10,23,7,3416,2,0,8.05,,,,SRB,SRB,CAR,SR544,,Scar,3,W,5,2,,,,,,
Arcitys,SRB,CAR,SR544,,Scar,3,W,5,2,19,19,7,15,4,2805,1,1,8.05,,,,SRB,,,,,,,,,,,,,,,
Priestahh,SRB,CAR,SR544,,Scar,3,W,5,2,17,19,7,12,5,2506,2,2,8.05,,,,SRB,,,,,,,,,,,,,,,
SkiL,SRB,CAR,SR544,,Scar,3,W,5,2,25,20,6,20,6,2813,0,2,8.05,,,,SRB,,,,,,,,,,,,,,,
DTG,CAR,SRB,SR544,,Scar,3,L,2,5,15,27,4,8,2,2165,0,0,8.05,,,,CAR,CAR,SRB,SR544,,Scar,3,L,2,5,,,,,,
Couti,CAR,SRB,SR544,,Scar,3,L,2,5,14,25,8,10,2,2050,1,0,8.05,,,,CAR,,,,,,,,,,,,,,,
Veilleux,CAR,SRB,SR544,,Scar,3,L,2,5,31,22,7,21,7,3365,1,3,8.05,,,,CAR,,,,,,,,,,,,,,,
cWadz,CAR,SRB,SR544,,Scar,3,L,2,5,18,21,6,12,3,2636,0,1,8.05,,,,CAR,,,,,,,,,,,,,,,
Snoopy,P7N,OMB,SR545,,Den,3,L,0,4,28,24,13,20,4,3420,0,2,10.02,,,,P7N,P7N,OMB,SR545,,Den,3,L,0,4,,,,,,
Erikboom,P7N,OMB,SR545,,Den,3,L,0,4,23,24,7,15,3,2967,0,2,10.02,,,,P7N,,,,,,,,,,,,,,,
Beans,P7N,OMB,SR545,,Den,3,L,0,4,32,26,8,18,4,3842,3,5,10.02,,,,P7N,,,,,,,,,,,,,,,
DC,P7N,OMB,SR545,,Den,3,L,0,4,22,20,7,14,4,2732,1,1,10.02,,,,P7N,,,,,,,,,,,,,,,
Wrecks,OMB,P7N,SR545,,Den,3,W,4,0,25,26,11,16,4,2792,0,2,10.02,,,,OMB,OMB,P7N,SR545,,Den,3,W,4,0,,,,,,
PaulEhx,OMB,P7N,SR545,,Den,3,W,4,0,27,23,10,22,3,3331,0,5,10.02,,,,OMB,,,,,,,,,,,,,,,
2Real,OMB,P7N,SR545,,Den,3,W,4,0,16,32,16,7,2,2730,0,2,10.02,,,,OMB,,,,,,,,,,,,,,,
Standy,OMB,P7N,SR545,,Den,3,W,4,0,25,25,15,15,4,3517,0,2,10.02,,,,OMB,,,,,,,,,,,,,,,
Cammy,TBG,HUN,SR546,,Scar,3,W,5,3,27,24,14,17,3,3626,2,1,10.00,,,,TBG,TBG,HUN,SR546,,Scar,3,W,5,3,,,,,,
Abe,TBG,HUN,SR546,,Scar,3,W,5,3,30,23,6,22,5,3442,1,4,10.00,,,,TBG,,,,,,,,,,,,,,,
Prolute,TBG,HUN,SR546,,Scar,3,W,5,3,29,26,10,19,8,3720,1,2,10.00,,,,TBG,,,,,,,,,,,,,,,
Capsidal,TBG,HUN,SR546,,Scar,3,W,5,3,25,31,7,13,4,3017,1,4,10.00,,,,TBG,,,,,,,,,,,,,,,
Brack,HUN,TBG,SR546,,Scar,3,L,3,5,21,31,11,14,3,2818,0,1,10.00,,,,HUN,HUN,TBG,SR546,,Scar,3,L,3,5,,,,,,
Johnny,HUN,TBG,SR546,,Scar,3,L,3,5,31,24,12,23,6,3871,0,3,10.00,,,,HUN,,,,,,,,,,,,,,,
Renegade,HUN,TBG,SR546,,Scar,3,L,3,5,29,27,6,21,4,3357,1,3,10.00,,,,HUN,,,,,,,,,,,,,,,
Swooty,HUN,TBG,SR546,,Scar,3,L,3,5,23,29,12,14,4,3402,2,2,10.00,,,,HUN,,,,,,,,,,,,,,,
Brack,HUN,FCS,SR547,,Scar,3,W,4,3,41,29,10,32,8,4713,1,4,12.30,,,,HUN,HUN,FCS,SR547,,Scar,3,W,4,3,,,,,,
Johnny,HUN,FCS,SR547,,Scar,3,W,4,3,30,32,13,16,3,4188,1,1,12.30,,,,HUN,,,,,,,,,,,,,,,
Renegade,HUN,FCS,SR547,,Scar,3,W,4,3,23,34,8,12,3,2824,1,2,12.30,,,,HUN,,,,,,,,,,,,,,,
Swooty,HUN,FCS,SR547,,Scar,3,W,4,3,24,30,20,12,3,3764,1,2,12.30,,,,HUN,,,,,,,,,,,,,,,
Ruper,FCS,HUN,SR547,,Scar,3,L,3,4,29,30,12,18,4,3575,2,4,12.30,,,,FCS,FCS,HUN,SR547,,Scar,3,L,3,4,,,,,,
KB,FCS,HUN,SR547,,Scar,3,L,3,4,30,29,12,21,5,3866,2,2,12.30,,,,FCS,,,,,,,,,,,,,,,
Iconz,FCS,HUN,SR547,,Scar,3,L,3,4,41,34,13,29,4,5088,0,3,12.30,,,,FCS,,,,,,,,,,,,,,,
Gio,FCS,HUN,SR547,,Scar,3,L,3,4,24,27,18,16,4,3665,0,1,12.30,,,,FCS,,,,,,,,,,,,,,,
Wrecks,OMB,SRB,SR548,,Exposure,3,W,8,0,16,13,5,7,2,1600,2,3,8.00,,,,OMB,OMB,SRB,SR548,,Exposure,3,W,8,0,,,,,,
PaulEhx,OMB,SRB,SR548,,Exposure,3,W,8,0,15,11,4,6,3,1500,2,2,8.00,,,,OMB,,,,,,,,,,,,,,,
2Real,OMB,SRB,SR548,,Exposure,3,W,8,0,21,9,7,9,4,2100,2,3,8.00,,,,OMB,,,,,,,,,,,,,,,
Standy,OMB,SRB,SR548,,Exposure,3,W,8,0,18,9,6,7,4,1800,2,2,8.00,,,,OMB,,,,,,,,,,,,,,,
Asim,SRB,OMB,SR548,,Exposure,3,L,0,8,11,16,3,3,2,1100,0,1,8.00,,,,SRB,SRB,OMB,SR548,,Exposure,3,L,0,8,,,,,,
Arcitys,SRB,OMB,SR548,,Exposure,3,L,0,8,9,16,2,2,2,900,0,0,8.00,,,,SRB,,,,,,,,,,,,,,,
Priestahh,SRB,OMB,SR548,,Exposure,3,L,0,8,11,20,3,3,2,1100,0,1,8.00,,,,SRB,,,,,,,,,,,,,,,
SkiL,SRB,OMB,SR548,,Exposure,3,L,0,8,11,18,4,3,2,1100,0,1,8.00,,,,SRB,,,,,,,,,,,,,,,
Snoopy,P7N,TBG,SR549,,Den,3,W,8,1,16,13,5,11,3,1908,2,1,6.58,,,,P7N,P7N,TBG,SR549,,Den,3,W,8,1,,,,,,
Erikboom,P7N,TBG,SR549,,Den,3,W,8,1,22,15,6,16,4,2767,2,3,6.58,,,,P7N,,,,,,,,,,,,,,,
Beans,P7N,TBG,SR549,,Den,3,W,8,1,20,15,6,13,4,2188,2,1,6.58,,,,P7N,,,,,,,,,,,,,,,
DC,P7N,TBG,SR549,,Den,3,W,8,1,24,13,6,17,5,2620,2,0,6.58,,,,P7N,,,,,,,,,,,,,,,
Cammy,TBG,P7N,SR549,,Den,3,L,1,8,16,17,4,9,2,2024,0,4,6.58,,,,TBG,TBG,P7N,SR549,,Den,3,L,1,8,,,,,,
Abe,TBG,P7N,SR549,,Den,3,L,1,8,10,25,7,6,2,1835,0,2,6.58,,,,TBG,,,,,,,,,,,,,,,
Prolute,TBG,P7N,SR549,,Den,3,L,1,8,16,18,8,8,3,1765,0,1,6.58,,,,TBG,,,,,,,,,,,,,,,
Capsidal,TBG,P7N,SR549,,Den,3,L,1,8,14,23,11,7,2,2072,1,3,6.58,,,,TBG,,,,,,,,,,,,,,,
Brack,HUN,OMB,SR550,,Scar,3,L,4,5,29,26,8,16,3,3353,1,2,10.03,,,,HUN,HUN,OMB,SR550,,Scar,3,L,4,5,,,,,,
Johnny,HUN,OMB,SR550,,Scar,3,L,4,5,23,31,8,13,3,3268,2,2,10.03,,,,HUN,,,,,,,,,,,,,,,
Renegade,HUN,OMB,SR550,,Scar,3,L,4,5,26,26,8,19,4,2938,0,2,10.03,,,,HUN,,,,,,,,,,,,,,,
Swooty,HUN,OMB,SR550,,Scar,3,L,4,5,25,28,10,15,5,3489,1,4,10.03,,,,HUN,,,,,,,,,,,,,,,
Wrecks,OMB,HUN,SR550,,Scar,3,W,5,4,28,28,12,21,3,3846,0,3,10.03,,,,OMB,OMB,HUN,SR550,,Scar,3,W,5,4,,,,,,
PaulEhx,OMB,HUN,SR550,,Scar,3,W,5,4,24,25,9,18,3,2501,1,5,10.03,,,,OMB,,,,,,,,,,,,,,,
2Real,OMB,HUN,SR550,,Scar,3,W,5,4,28,24,9,19,4,3206,2,3,10.03,,,,OMB,,,,,,,,,,,,,,,
Standy,OMB,HUN,SR550,,Scar,3,W,5,4,30,27,13,17,4,3631,2,1,10.03,,,,OMB,,,,,,,,,,,,,,,
Cammy,TBG,OMB,SR551,,Den,3,W,8,0,,,,,,,,,0.00,,,,TBG,TBG,OMB,SR551,,Den,3,W,8,0,,,,,,
Abe,TBG,OMB,SR551,,Den,3,W,8,0,,,,,,,,,0.00,,,,TBG,,,,,,,,,,,,,,,
Prolute,TBG,OMB,SR551,,Den,3,W,8,0,,,,,,,,,0.00,,,,TBG,,,,,,,,,,,,,,,
Capsidal,TBG,OMB,SR551,,Den,3,W,8,0,,,,,,,,,0.00,,,,TBG,,,,,,,,,,,,,,,
Wrecks,OMB,TBG,SR551,,Den,3,L,0,8,,,,,,,,,0.00,,,,OMB,OMB,TBG,SR551,,Den,3,L,0,8,,,,,,
PaulEhx,OMB,TBG,SR551,,Den,3,L,0,8,,,,,,,,,0.00,,,,OMB,,,,,,,,,,,,,,,
2Real,OMB,TBG,SR551,,Den,3,L,0,8,,,,,,,,,0.00,,,,OMB,,,,,,,,,,,,,,,
Standy,OMB,TBG,SR551,,Den,3,L,0,8,,,,,,,,,0.00,,,,OMB,,,,,,,,,,,,,,,
Snoopy,P7N,TBG,SR552,,Scar,3,L,4,6,33,28,10,19,4,3859,0,1,10.03,,,,P7N,P7N,TBG,SR552,,Scar,3,L,4,6,,,,,,
Erikboom,P7N,TBG,SR552,,Scar,3,L,4,6,30,27,9,18,3,3495,2,3,10.03,,,,P7N,,,,,,,,,,,,,,,
Beans,P7N,TBG,SR552,,Scar,3,L,4,6,20,34,17,10,2,3388,1,0,10.03,,,,P7N,,,,,,,,,,,,,,,
DC,P7N,TBG,SR552,,Scar,3,L,4,6,18,29,12,14,4,2499,1,2,10.03,,,,P7N,,,,,,,,,,,,,,,
Cammy,TBG,P7N,SR552,,Scar,3,W,6,4,30,22,9,23,6,3887,1,0,10.03,,,,TBG,TBG,P7N,SR552,,Scar,3,W,6,4,,,,,,
Abe,TBG,P7N,SR552,,Scar,3,W,6,4,35,25,14,25,4,4212,1,3,10.03,,,,TBG,,,,,,,,,,,,,,,
Prolute,TBG,P7N,SR552,,Scar,3,W,6,4,26,26,13,18,4,3301,2,1,10.03,,,,TBG,,,,,,,,,,,,,,,
Capsidal,TBG,P7N,SR552,,Scar,3,W,6,4,26,29,10,15,3,2968,2,5,10.03,,,,TBG,,,,,,,,,,,,,,,
Snoopy,P7N,TBG,SR552,,Den,6,W,4,3,28,23,6,18,4,3099,1,3,8.97,,,,P7N,P7N,TBG,SR552,,Den,6,W,4,3,,,,,,
Erikboom,P7N,TBG,SR552,,Den,6,W,4,3,18,24,3,12,3,2305,1,2,8.97,,,,P7N,,,,,,,,,,,,,,,
Beans,P7N,TBG,SR552,,Den,6,W,4,3,16,21,12,9,2,2560,1,2,8.97,,,,P7N,,,,,,,,,,,,,,,
DC,P7N,TBG,SR552,,Den,6,W,4,3,29,20,7,20,7,3360,1,3,8.97,,,,P7N,,,,,,,,,,,,,,,
Cammy,TBG,P7N,SR552,,Den,6,L,3,4,15,23,7,10,4,2317,3,2,8.97,,,,TBG,TBG,P7N,SR552,,Den,6,L,3,4,,,,,,
Abe,TBG,P7N,SR552,,Den,6,L,3,4,24,25,12,17,3,2974,0,0,8.97,,,,TBG,,,,,,,,,,,,,,,
Prolute,TBG,P7N,SR552,,Den,6,L,3,4,25,20,8,18,4,3057,0,4,8.97,,,,TBG,,,,,,,,,,,,,,,
Capsidal,TBG,P7N,SR552,,Den,6,L,3,4,24,24,9,17,4,3220,0,4,8.97,,,,TBG,,,,,,,,,,,,,,,
,ATR,OUT,SR553,,,3,,,,,,,,,,,,0.00,,,,ATR,ATR,OUT,SR553,,,3,,,,,,,,,
,ATR,OUT,SR553,,,3,,,,,,,,,,,,0.00,,,,ATR,ATR,OUT,SR553,,,3,,,,,,,,,
,ATR,OUT,SR553,,,3,,,,,,,,,,,,0.00,,,,ATR,ATR,OUT,SR553,,,3,,,,,,,,,
,ATR,OUT,SR553,,,3,,,,,,,,,,,,0.00,,,,ATR,ATR,OUT,SR553,,,3,,,,,,,,,
,OUT,ATR,SR553,,,3,,,,,,,,,,,,0.00,,,,OUT,OUT,ATR,SR553,,,3,,,,,,,,,
,OUT,ATR,SR553,,,3,,,,,,,,,,,,0.00,,,,OUT,,,,,,,,,,,,,,,
,OUT,ATR,SR553,,,3,,,,,,,,,,,,0.00,,,,OUT,,,,,,,,,,,,,,,
,OUT,ATR,SR553,,,3,,,,,,,,,,,,0.00,,,,OUT,,,,,,,,,,,,,,,
,SWE,GGE,SR554,,,3,,,,,,,,,,,,0.00,,,,SWE,SWE,GGE,SR554,,,3,,,,,,,,,
,SWE,GGE,SR554,,,3,,,,,,,,,,,,0.00,,,,SWE,,,,,,,,,,,,,,,
,SWE,GGE,SR554,,,3,,,,,,,,,,,,0.00,,,,SWE,,,,,,,,,,,,,,,
,SWE,GGE,SR554,,,3,,,,,,,,,,,,0.00,,,,SWE,,,,,,,,,,,,,,,
,GGE,SWE,SR554,,,3,,,,,,,,,,,,0.00,,,,GGE,GGE,SWE,SR554,,,3,,,,,,,,,
,GGE,SWE,SR554,,,3,,,,,,,,,,,,0.00,,,,GGE,,,,,,,,,,,,,,,
,GGE,SWE,SR554,,,3,,,,,,,,,,,,0.00,,,,GGE,,,,,,,,,,,,,,,
,GGE,SWE,SR554,,,3,,,,,,,,,,,,0.00,,,,GGE,,,,,,,,,,,,,,,
,BSK,DIV,SR555,,,3,,,,,,,,,,,,0.00,,,,BSK,BSK,DIV,SR555,,,3,,,,,,,,,
,BSK,DIV,SR555,,,3,,,,,,,,,,,,0.00,,,,BSK,,,,,,,,,,,,,,,
,BSK,DIV,SR555,,,3,,,,,,,,,,,,0.00,,,,BSK,,,,,,,,,,,,,,,
,BSK,DIV,SR555,,,3,,,,,,,,,,,,0.00,,,,BSK,,,,,,,,,,,,,,,
,DIV,BSK,SR555,,,3,,,,,,,,,,,,0.00,,,,DIV,DIV,BSK,SR555,,,3,,,,,,,,,
,DIV,BSK,SR555,,,3,,,,,,,,,,,,0.00,,,,DIV,,,,,,,,,,,,,,,
,DIV,BSK,SR555,,,3,,,,,,,,,,,,0.00,,,,DIV,,,,,,,,,,,,,,,
,DIV,BSK,SR555,,,3,,,,,,,,,,,,0.00,,,,DIV,,,,,,,,,,,,,,,
,TNA,REI,SR556,,,3,,,,,,,,,,,,0.00,,,,TNA,TNA,REI,SR556,,,3,,,,,,,,,
,TNA,REI,SR556,,,3,,,,,,,,,,,,0.00,,,,TNA,,,,,,,,,,,,,,,
,TNA,REI,SR556,,,3,,,,,,,,,,,,0.00,,,,TNA,,,,,,,,,,,,,,,
,TNA,REI,SR556,,,3,,,,,,,,,,,,0.00,,,,TNA,,,,,,,,,,,,,,,
,REI,TNA,SR556,,,3,,,,,,,,,,,,0.00,,,,REI,REI,TNA,SR556,,,3,,,,,,,,,
,REI,TNA,SR556,,,3,,,,,,,,,,,,0.00,,,,REI,,,,,,,,,,,,,,,
,REI,TNA,SR556,,,3,,,,,,,,,,,,0.00,,,,REI,,,,,,,,,,,,,,,
,REI,TNA,SR556,,,3,,,,,,,,,,,,0.00,,,,REI,,,,,,,,,,,,,,,
,TBG,BAL,SR557,,,3,,,,,,,,,,,,0.00,,,,TBG,TBG,BAL,SR557,,,3,,,,,,,,,
,TBG,BAL,SR557,,,3,,,,,,,,,,,,0.00,,,,TBG,,,,,,,,,,,,,,,
,TBG,BAL,SR557,,,3,,,,,,,,,,,,0.00,,,,TBG,,,,,,,,,,,,,,,
,TBG,BAL,SR557,,,3,,,,,,,,,,,,0.00,,,,TBG,,,,,,,,,,,,,,,
,BAL,TBG,SR557,,,3,,,,,,,,,,,,0.00,,,,BAL,BAL,TBG,SR557,,,3,,,,,,,,,
,BAL,TBG,SR557,,,3,,,,,,,,,,,,0.00,,,,BAL,,,,,,,,,,,,,,,
,BAL,TBG,SR557,,,3,,,,,,,,,,,,0.00,,,,BAL,,,,,,,,,,,,,,,
,BAL,TBG,SR557,,,3,,,,,,,,,,,,0.00,,,,BAL,,,,,,,,,,,,,,,
,EXS,B2B,SR558,,,3,,,,,,,,,,,,0.00,,,,EXS,EXS,B2B,SR558,,,3,,,,,,,,,
,EXS,B2B,SR558,,,3,,,,,,,,,,,,0.00,,,,EXS,,,,,,,,,,,,,,,
,EXS,B2B,SR558,,,3,,,,,,,,,,,,0.00,,,,EXS,,,,,,,,,,,,,,,
,EXS,B2B,SR558,,,3,,,,,,,,,,,,0.00,,,,EXS,,,,,,,,,,,,,,,
,B2B,EXS,SR558,,,3,,,,,,,,,,,,0.00,,,,B2B,B2B,EXS,SR558,,,3,,,,,,,,,
,B2B,EXS,SR558,,,3,,,,,,,,,,,,0.00,,,,B2B,,,,,,,,,,,,,,,
,B2B,EXS,SR558,,,3,,,,,,,,,,,,0.00,,,,B2B,,,,,,,,,,,,,,,
,B2B,EXS,SR558,,,3,,,,,,,,,,,,0.00,,,,B2B,,,,,,,,,,,,,,,
,EXC,XEL,SR559,,,3,,,,,,,,,,,,0.00,,,,EXC,EXC,XEL,SR559,,,3,,,,,,,,,
,EXC,XEL,SR559,,,3,,,,,,,,,,,,0.00,,,,EXC,,,,,,,,,,,,,,,
,EXC,XEL,SR559,,,3,,,,,,,,,,,,0.00,,,,EXC,,,,,,,,,,,,,,,
,EXC,XEL,SR559,,,3,,,,,,,,,,,,0.00,,,,EXC,,,,,,,,,,,,,,,
,XEL,EXC,SR559,,,3,,,,,,,,,,,,0.00,,,,XEL,XEL,EXC,SR559,,,3,,,,,,,,,
,XEL,EXC,SR559,,,3,,,,,,,,,,,,0.00,,,,XEL,,,,,,,,,,,,,,,
,XEL,EXC,SR559,,,3,,,,,,,,,,,,0.00,,,,XEL,,,,,,,,,,,,,,,
,XEL,EXC,SR559,,,3,,,,,,,,,,,,0.00,,,,XEL,,,,,,,,,,,,,,,
,CGM,BOM,SR560,,,3,,,,,,,,,,,,0.00,,,,CGM,CGM,BOM,SR560,,,3,,,,,,,,,
,CGM,BOM,SR560,,,3,,,,,,,,,,,,0.00,,,,CGM,,,,,,,,,,,,,,,
,CGM,BOM,SR560,,,3,,,,,,,,,,,,0.00,,,,CGM,,,,,,,,,,,,,,,
,CGM,BOM,SR560,,,3,,,,,,,,,,,,0.00,,,,CGM,,,,,,,,,,,,,,,
,BOM,CGM,SR560,,,3,,,,,,,,,,,,0.00,,,,BOM,BOM,CGM,SR560,,,3,,,,,,,,,
,BOM,CGM,SR560,,,3,,,,,,,,,,,,0.00,,,,BOM,,,,,,,,,,,,,,,
,BOM,CGM,SR560,,,3,,,,,,,,,,,,0.00,,,,BOM,,,,,,,,,,,,,,,
,BOM,CGM,SR560,,,3,,,,,,,,,,,,0.00,,,,BOM,,,,,,,,,,,,,,,
,BMA,ONE,SR561,,,3,,,,,,,,,,,,0.00,,,,BMA,BMA,ONE,SR561,,,3,,,,,,,,,
,BMA,ONE,SR561,,,3,,,,,,,,,,,,0.00,,,,BMA,,,,,,,,,,,,,,,
,BMA,ONE,SR561,,,3,,,,,,,,,,,,0.00,,,,BMA,,,,,,,,,,,,,,,
,BMA,ONE,SR561,,,3,,,,,,,,,,,,0.00,,,,BMA,,,,,,,,,,,,,,,
,ONE,BMA,SR561,,,3,,,,,,,,,,,,0.00,,,,ONE,ONE,BMA,SR561,,,3,,,,,,,,,
,ONE,BMA,SR561,,,3,,,,,,,,,,,,0.00,,,,ONE,,,,,,,,,,,,,,,
,ONE,BMA,SR561,,,3,,,,,,,,,,,,0.00,,,,ONE,,,,,,,,,,,,,,,
,ONE,BMA,SR561,,,3,,,,,,,,,,,,0.00,,,,ONE,,,,,,,,,,,,,,,
,BCE,CRY,SR562,,,3,,,,,,,,,,,,0.00,,,,BCE,BCE,CRY,SR562,,,3,,,,,,,,,
,BCE,CRY,SR562,,,3,,,,,,,,,,,,0.00,,,,BCE,,,,,,,,,,,,,,,
,BCE,CRY,SR562,,,3,,,,,,,,,,,,0.00,,,,BCE,,,,,,,,,,,,,,,
,BCE,CRY,SR562,,,3,,,,,,,,,,,,0.00,,,,BCE,,,,,,,,,,,,,,,
,CRY,BCE,SR562,,,3,,,,,,,,,,,,0.00,,,,CRY,CRY,BCE,SR562,,,3,,,,,,,,,
,CRY,BCE,SR562,,,3,,,,,,,,,,,,0.00,,,,CRY,,,,,,,,,,,,,,,
,CRY,BCE,SR562,,,3,,,,,,,,,,,,0.00,,,,CRY,,,,,,,,,,,,,,,
,CRY,BCE,SR562,,,3,,,,,,,,,,,,0.00,,,,CRY,,,,,,,,,,,,,,,
Delo,EWG,VAU,SR563,,Scar,3,W,8,2,26,23,12,18,6,3238,0,3,9.82,,,,EWG,EWG,VAU,SR563,,Scar,3,W,8,2,,,,,,
Jua,EWG,VAU,SR563,,Scar,3,W,8,2,37,24,14,22,4,3890,3,2,9.82,,,,EWG,,,,,,,,,,,,,,,
Prod,EWG,VAU,SR563,,Scar,3,W,8,2,25,28,14,17,6,3262,2,1,9.82,,,,EWG,,,,,,,,,,,,,,,
VinnyReaper,EWG,VAU,SR563,,Scar,3,W,8,2,28,24,10,18,4,3171,3,3,9.82,,,,EWG,,,,,,,,,,,,,,,
Cabasay,VAU,EWG,SR563,,Scar,3,L,2,8,15,32,4,7,2,1700,0,0,9.82,,,,VAU,VAU,EWG,SR563,,Scar,3,L,2,8,,,,,,
Hale,VAU,EWG,SR563,,Scar,3,L,2,8,30,29,7,17,5,3544,1,2,9.82,,,,VAU,,,,,,,,,,,,,,,
Notorriouz,VAU,EWG,SR563,,Scar,3,L,2,8,23,28,9,13,5,3216,1,4,9.82,,,,VAU,,,,,,,,,,,,,,,
Saintfully,VAU,EWG,SR563,,Scar,3,L,2,8,31,29,7,21,4,4133,0,1,9.82,,,,VAU,,,,,,,,,,,,,,,
,FZF,I6E,SR564,,,3,,,,,,,,,,,,0.00,,,,FZF,FZF,I6E,SR564,,,3,,,,,,,,,
,FZF,I6E,SR564,,,3,,,,,,,,,,,,0.00,,,,FZF,,,,,,,,,,,,,,,
,FZF,I6E,SR564,,,3,,,,,,,,,,,,0.00,,,,FZF,,,,,,,,,,,,,,,
,FZF,I6E,SR564,,,3,,,,,,,,,,,,0.00,,,,FZF,,,,,,,,,,,,,,,
,I6E,FZF,SR564,,,3,,,,,,,,,,,,0.00,,,,I6E,I6E,FZF,SR564,,,3,,,,,,,,,
,I6E,FZF,SR564,,,3,,,,,,,,,,,,0.00,,,,I6E,,,,,,,,,,,,,,,
,I6E,FZF,SR564,,,3,,,,,,,,,,,,0.00,,,,I6E,,,,,,,,,,,,,,,
,I6E,FZF,SR564,,,3,,,,,,,,,,,,0.00,,,,I6E,,,,,,,,,,,,,,,
,OOU,DMN,SR565,,,3,,,,,,,,,,,,0.00,,,,OOU,OOU,DMN,SR565,,,3,,,,,,,,,
,OOU,DMN,SR565,,,3,,,,,,,,,,,,0.00,,,,OOU,,,,,,,,,,,,,,,
,OOU,DMN,SR565,,,3,,,,,,,,,,,,0.00,,,,OOU,,,,,,,,,,,,,,,
,OOU,DMN,SR565,,,3,,,,,,,,,,,,0.00,,,,OOU,,,,,,,,,,,,,,,
,DMN,OOU,SR565,,,3,,,,,,,,,,,,0.00,,,,DMN,DMN,OOU,SR565,,,3,,,,,,,,,
,DMN,OOU,SR565,,,3,,,,,,,,,,,,0.00,,,,DMN,,,,,,,,,,,,,,,
,DMN,OOU,SR565,,,3,,,,,,,,,,,,0.00,,,,DMN,,,,,,,,,,,,,,,
,DMN,OOU,SR565,,,3,,,,,,,,,,,,0.00,,,,DMN,,,,,,,,,,,,,,,
,ONE,DIV,SR566,,,3,,,,,,,,,,,,0.00,,,,ONE,ONE,DIV,SR566,,,3,,,,,,,,,
,ONE,DIV,SR566,,,3,,,,,,,,,,,,0.00,,,,ONE,,,,,,,,,,,,,,,
,ONE,DIV,SR566,,,3,,,,,,,,,,,,0.00,,,,ONE,,,,,,,,,,,,,,,
,ONE,DIV,SR566,,,3,,,,,,,,,,,,0.00,,,,ONE,,,,,,,,,,,,,,,
,DIV,ONE,SR566,,,3,,,,,,,,,,,,0.00,,,,DIV,DIV,ONE,SR566,,,3,,,,,,,,,
,DIV,ONE,SR566,,,3,,,,,,,,,,,,0.00,,,,DIV,,,,,,,,,,,,,,,
,DIV,ONE,SR566,,,3,,,,,,,,,,,,0.00,,,,DIV,,,,,,,,,,,,,,,
,DIV,ONE,SR566,,,3,,,,,,,,,,,,0.00,,,,DIV,,,,,,,,,,,,,,,
,OSC,BSK,SR567,,,3,,,,,,,,,,,,0.00,,,,OSC,OSC,BSK,SR567,,,3,,,,,,,,,
,OSC,BSK,SR567,,,3,,,,,,,,,,,,0.00,,,,OSC,,,,,,,,,,,,,,,
,OSC,BSK,SR567,,,3,,,,,,,,,,,,0.00,,,,OSC,,,,,,,,,,,,,,,
,OSC,BSK,SR567,,,3,,,,,,,,,,,,0.00,,,,OSC,,,,,,,,,,,,,,,
,BSK,OSC,SR567,,,3,,,,,,,,,,,,0.00,,,,BSK,BSK,OSC,SR567,,,3,,,,,,,,,
,BSK,OSC,SR567,,,3,,,,,,,,,,,,0.00,,,,BSK,,,,,,,,,,,,,,,
,BSK,OSC,SR567,,,3,,,,,,,,,,,,0.00,,,,BSK,,,,,,,,,,,,,,,
,BSK,OSC,SR567,,,3,,,,,,,,,,,,0.00,,,,BSK,,,,,,,,,,,,,,,
,B2B,ATL,SR568,,,3,,,,,,,,,,,,0.00,,,,B2B,B2B,ATL,SR568,,,3,,,,,,,,,
,B2B,ATL,SR568,,,3,,,,,,,,,,,,0.00,,,,B2B,,,,,,,,,,,,,,,
,B2B,ATL,SR568,,,3,,,,,,,,,,,,0.00,,,,B2B,,,,,,,,,,,,,,,
,B2B,ATL,SR568,,,3,,,,,,,,,,,,0.00,,,,B2B,,,,,,,,,,,,,,,
,ATL,B2B,SR568,,,3,,,,,,,,,,,,0.00,,,,ATL,ATL,B2B,SR568,,,3,,,,,,,,,
,ATL,B2B,SR568,,,3,,,,,,,,,,,,0.00,,,,ATL,,,,,,,,,,,,,,,
,ATL,B2B,SR568,,,3,,,,,,,,,,,,0.00,,,,ATL,,,,,,,,,,,,,,,
,ATL,B2B,SR568,,,3,,,,,,,,,,,,0.00,,,,ATL,,,,,,,,,,,,,,,
,TKT,BOO,SR569,,,3,,,,,,,,,,,,0.00,,,,TKT,TKT,BOO,SR569,,,3,,,,,,,,,
,TKT,BOO,SR569,,,3,,,,,,,,,,,,0.00,,,,TKT,,,,,,,,,,,,,,,
,TKT,BOO,SR569,,,3,,,,,,,,,,,,0.00,,,,TKT,,,,,,,,,,,,,,,
,TKT,BOO,SR569,,,3,,,,,,,,,,,,0.00,,,,TKT,,,,,,,,,,,,,,,
,BOO,TKT,SR569,,,3,,,,,,,,,,,,0.00,,,,BOO,BOO,TKT,SR569,,,3,,,,,,,,,
,BOO,TKT,SR569,,,3,,,,,,,,,,,,0.00,,,,BOO,,,,,,,,,,,,,,,
,BOO,TKT,SR569,,,3,,,,,,,,,,,,0.00,,,,BOO,,,,,,,,,,,,,,,
,BOO,TKT,SR569,,,3,,,,,,,,,,,,0.00,,,,BOO,,,,,,,,,,,,,,,
,TBG,TGX,SR570,,,3,,,,,,,,,,,,0.00,,,,TBG,TBG,TGX,SR570,,,3,,,,,,,,,
,TBG,TGX,SR570,,,3,,,,,,,,,,,,0.00,,,,TBG,,,,,,,,,,,,,,,
,TBG,TGX,SR570,,,3,,,,,,,,,,,,0.00,,,,TBG,,,,,,,,,,,,,,,
,TBG,TGX,SR570,,,3,,,,,,,,,,,,0.00,,,,TBG,,,,,,,,,,,,,,,
,TGX,TBG,SR570,,,3,,,,,,,,,,,,0.00,,,,TGX,TGX,TBG,SR570,,,3,,,,,,,,,
,TGX,TBG,SR570,,,3,,,,,,,,,,,,0.00,,,,TGX,,,,,,,,,,,,,,,
,TGX,TBG,SR570,,,3,,,,,,,,,,,,0.00,,,,TGX,,,,,,,,,,,,,,,
,TGX,TBG,SR570,,,3,,,,,,,,,,,,0.00,,,,TGX,,,,,,,,,,,,,,,
,DIV,PHI,SR571,,,3,,,,,,,,,,,,0.00,,,,DIV,DIV,PHI,SR571,,,3,,,,,,,,,
,DIV,PHI,SR571,,,3,,,,,,,,,,,,0.00,,,,DIV,,,,,,,,,,,,,,,
,DIV,PHI,SR571,,,3,,,,,,,,,,,,0.00,,,,DIV,,,,,,,,,,,,,,,
,DIV,PHI,SR571,,,3,,,,,,,,,,,,0.00,,,,DIV,,,,,,,,,,,,,,,
,PHI,DIV,SR571,,,3,,,,,,,,,,,,0.00,,,,PHI,PHI,DIV,SR571,,,3,,,,,,,,,
,PHI,DIV,SR571,,,3,,,,,,,,,,,,0.00,,,,PHI,,,,,,,,,,,,,,,
,PHI,DIV,SR571,,,3,,,,,,,,,,,,0.00,,,,PHI,,,,,,,,,,,,,,,
,PHI,DIV,SR571,,,3,,,,,,,,,,,,0.00,,,,PHI,,,,,,,,,,,,,,,
,ATR,OMN,SR572,,,3,,,,,,,,,,,,0.00,,,,ATR,ATR,OMN,SR572,,,3,,,,,,,,,
,ATR,OMN,SR572,,,3,,,,,,,,,,,,0.00,,,,ATR,,,,,,,,,,,,,,,
,ATR,OMN,SR572,,,3,,,,,,,,,,,,0.00,,,,ATR,,,,,,,,,,,,,,,
,ATR,OMN,SR572,,,3,,,,,,,,,,,,0.00,,,,ATR,,,,,,,,,,,,,,,
,OMN,ATR,SR572,,,3,,,,,,,,,,,,0.00,,,,OMN,OMN,ATR,SR572,,,3,,,,,,,,,
,OMN,ATR,SR572,,,3,,,,,,,,,,,,0.00,,,,OMN,,,,,,,,,,,,,,,
,OMN,ATR,SR572,,,3,,,,,,,,,,,,0.00,,,,OMN,,,,,,,,,,,,,,,
,OMN,ATR,SR572,,,3,,,,,,,,,,,,0.00,,,,OMN,,,,,,,,,,,,,,,
,AXB,TRN,SR573,,,3,,,,,,,,,,,,0.00,,,,AXB,AXB,TRN,SR573,,,3,,,,,,,,,
,AXB,TRN,SR573,,,3,,,,,,,,,,,,0.00,,,,AXB,,,,,,,,,,,,,,,
,AXB,TRN,SR573,,,3,,,,,,,,,,,,0.00,,,,AXB,,,,,,,,,,,,,,,
,AXB,TRN,SR573,,,3,,,,,,,,,,,,0.00,,,,AXB,,,,,,,,,,,,,,,
,TRN,AXB,SR573,,,3,,,,,,,,,,,,0.00,,,,TRN,TRN,AXB,SR573,,,3,,,,,,,,,
,TRN,AXB,SR573,,,3,,,,,,,,,,,,0.00,,,,TRN,,,,,,,,,,,,,,,
,TRN,AXB,SR573,,,3,,,,,,,,,,,,0.00,,,,TRN,,,,,,,,,,,,,,,
,TRN,AXB,SR573,,,3,,,,,,,,,,,,0.00,,,,TRN,,,,,,,,,,,,,,,
Asim,SRB,BMA,SR574,,Exposure,3,W,5,4,30,19,5,24,4,3145,0,2,10.00,,,,SRB,SRB,BMA,SR574,,Exposure,3,W,5,4,,,,,,
Arcitys,SRB,BMA,SR574,,Exposure,3,W,5,4,24,20,8,18,5,2908,3,3,10.00,,,,SRB,,,,,,,,,,,,,,,
SkiL,SRB,BMA,SR574,,Exposure,3,W,5,4,28,19,8,19,6,3179,1,4,10.00,,,,SRB,,,,,,,,,,,,,,,
Wevy,SRB,BMA,SR574,,Exposure,3,W,5,4,19,22,9,13,4,2715,1,5,10.00,,,,SRB,,,,,,,,,,,,,,,
Careful,BMA,SRB,SR574,,Exposure,3,L,4,5,17,26,7,10,3,2516,1,1,10.00,,,,BMA,BMA,SRB,SR574,,Exposure,3,L,4,5,,,,,,
Cxnfid,BMA,SRB,SR574,,Exposure,3,L,4,5,25,23,6,17,3,2885,1,2,10.00,,,,BMA,,,,,,,,,,,,,,,
Des,BMA,SRB,SR574,,Exposure,3,L,4,5,20,26,11,12,3,2654,1,2,10.00,,,,BMA,,,,,,,,,,,,,,,
Loojjj,BMA,SRB,SR574,,Exposure,3,L,4,5,17,26,5,9,2,2349,1,4,10.00,,,,BMA,,,,,,,,,,,,,,,
,TGX,OSC,SR575,,,3,,,,,,,,,,,,0.00,,,,TGX,TGX,OSC,SR575,,,3,,,,,,,,,
,TGX,OSC,SR575,,,3,,,,,,,,,,,,0.00,,,,TGX,,,,,,,,,,,,,,,
,TGX,OSC,SR575,,,3,,,,,,,,,,,,0.00,,,,TGX,,,,,,,,,,,,,,,
,TGX,OSC,SR575,,,3,,,,,,,,,,,,0.00,,,,TGX,,,,,,,,,,,,,,,
,OSC,TGX,SR575,,,3,,,,,,,,,,,,0.00,,,,OSC,OSC,TGX,SR575,,,3,,,,,,,,,
,OSC,TGX,SR575,,,3,,,,,,,,,,,,0.00,,,,OSC,,,,,,,,,,,,,,,
,OSC,TGX,SR575,,,3,,,,,,,,,,,,0.00,,,,OSC,,,,,,,,,,,,,,,
,OSC,TGX,SR575,,,3,,,,,,,,,,,,0.00,,,,OSC,,,,,,,,,,,,,,,
,DGR,ATR,SR576,,,3,,,,,,,,,,,,0.00,,,,DGR,DGR,ATR,SR576,,,3,,,,,,,,,
,DGR,ATR,SR576,,,3,,,,,,,,,,,,0.00,,,,DGR,,,,,,,,,,,,,,,
,DGR,ATR,SR576,,,3,,,,,,,,,,,,0.00,,,,DGR,,,,,,,,,,,,,,,
,DGR,ATR,SR576,,,3,,,,,,,,,,,,0.00,,,,DGR,,,,,,,,,,,,,,,
,ATR,DGR,SR576,,,3,,,,,,,,,,,,0.00,,,,ATR,ATR,DGR,SR576,,,3,,,,,,,,,
,ATR,DGR,SR576,,,3,,,,,,,,,,,,0.00,,,,ATR,,,,,,,,,,,,,,,
,ATR,DGR,SR576,,,3,,,,,,,,,,,,0.00,,,,ATR,,,,,,,,,,,,,,,
,ATR,DGR,SR576,,,3,,,,,,,,,,,,0.00,,,,ATR,,,,,,,,,,,,,,,
,UVD,SKO,SR577,,,3,,,,,,,,,,,,0.00,,,,UVD,UVD,SKO,SR577,,,3,,,,,,,,,
,UVD,SKO,SR577,,,3,,,,,,,,,,,,0.00,,,,UVD,,,,,,,,,,,,,,,
,UVD,SKO,SR577,,,3,,,,,,,,,,,,0.00,,,,UVD,,,,,,,,,,,,,,,
,UVD,SKO,SR577,,,3,,,,,,,,,,,,0.00,,,,UVD,,,,,,,,,,,,,,,
,SKO,UVD,SR577,,,3,,,,,,,,,,,,0.00,,,,SKO,SKO,UVD,SR577,,,3,,,,,,,,,
,SKO,UVD,SR577,,,3,,,,,,,,,,,,0.00,,,,SKO,,,,,,,,,,,,,,,
,SKO,UVD,SR577,,,3,,,,,,,,,,,,0.00,,,,SKO,,,,,,,,,,,,,,,
,SKO,UVD,SR577,,,3,,,,,,,,,,,,0.00,,,,SKO,,,,,,,,,,,,,,,
Abe,TBG,ICH,SR578,,Den,3,W,8,4,30,18,5,26,7,3374,3,0,9.10,,,,TBG,TBG,ICH,SR578,,Den,3,W,8,4,,,,,,
Cammy,TBG,ICH,SR578,,Den,3,W,8,4,22,21,7,16,5,2818,1,2,9.10,,,,TBG,,,,,,,,,,,,,,,
Capsidal,TBG,ICH,SR578,,Den,3,W,8,4,24,26,12,16,4,3140,2,1,9.10,,,,TBG,,,,,,,,,,,,,,,
Prolute,TBG,ICH,SR578,,Den,3,W,8,4,21,23,8,14,3,2617,2,0,9.10,,,,TBG,,,,,,,,,,,,,,,
Fame,ICH,TBG,SR578,,Den,3,L,4,8,25,26,5,14,5,3193,1,1,9.10,,,,ICH,ICH,TBG,SR578,,Den,3,L,4,8,,,,,,
Noysii,ICH,TBG,SR578,,Den,3,L,4,8,21,21,11,16,4,2884,2,0,9.10,,,,ICH,,,,,,,,,,,,,,,
Proff,ICH,TBG,SR578,,Den,3,L,4,8,16,25,10,11,3,2282,0,0,9.10,,,,ICH,,,,,,,,,,,,,,,
Radial,ICH,TBG,SR578,,Den,3,L,4,8,24,27,14,16,5,3448,1,2,9.10,,,,ICH,,,,,,,,,,,,,,,
FeLo,BTS,CBL,SR579,,Den,3,L,3,5,24,23,10,20,4,3102,0,0,10.25,,,,BTS,BTS,CBL,SR579,,Den,3,L,3,5,,,,,,
Manny,BTS,CBL,SR579,,Den,3,L,3,5,33,26,8,24,6,4055,1,3,10.25,,,,BTS,,,,,,,,,,,,,,,
Mirage,BTS,CBL,SR579,,Den,3,L,3,5,24,27,7,18,4,3397,1,1,10.25,,,,BTS,,,,,,,,,,,,,,,
Prodahh,BTS,CBL,SR579,,Den,3,L,3,5,21,28,10,10,3,2874,1,3,10.25,,,,BTS,,,,,,,,,,,,,,,
Flames,CBL,BTS,SR579,,Den,3,W,5,3,25,24,13,17,4,3604,1,1,10.25,,,,CBL,CBL,BTS,SR579,,Den,3,W,5,3,,,,,,
Nemensions,CBL,BTS,SR579,,Den,3,W,5,3,28,22,20,20,4,3720,1,2,10.25,,,,CBL,,,,,,,,,,,,,,,
Rspi,CBL,BTS,SR579,,Den,3,W,5,3,25,29,11,16,4,3019,1,4,10.25,,,,CBL,,,,,,,,,,,,,,,
Vik,CBL,BTS,SR579,,Den,3,W,5,3,25,29,12,15,3,3153,2,2,10.25,,,,CBL,,,,,,,,,,,,,,,
Gio,FCS,AXB,SR580,,Scar,3,W,5,3,33,25,9,23,3,3606,1,6,10.08,,,,FCS,FCS,AXB,SR580,,Scar,3,W,5,3,,,,,,
IconZ,FCS,AXB,SR580,,Scar,3,W,5,3,29,24,10,21,4,3511,2,5,10.08,,,,FCS,,,,,,,,,,,,,,,
KB,FCS,AXB,SR580,,Scar,3,W,5,3,25,24,11,21,5,3700,1,2,10.08,,,,FCS,,,,,,,,,,,,,,,
Ruper,FCS,AXB,SR580,,Scar,3,W,5,3,19,29,11,11,3,2818,1,2,10.08,,,,FCS,,,,,,,,,,,,,,,
Clutch,AXB,FCS,SR580,,Scar,3,L,3,5,26,29,6,16,4,3026,3,7,10.08,,,,AXB,AXB,FCS,SR580,,Scar,3,L,3,5,,,,,,
Henry,AXB,FCS,SR580,,Scar,3,L,3,5,20,30,10,10,2,2882,0,1,10.08,,,,AXB,,,,,,,,,,,,,,,
Rush,AXB,FCS,SR580,,Scar,3,L,3,5,24,24,12,19,4,3541,0,0,10.08,,,,AXB,,,,,,,,,,,,,,,
UH,AXB,FCS,SR580,,Scar,3,L,3,5,31,23,6,22,4,3180,0,1,10.08,,,,AXB,,,,,,,,,,,,,,,
2Real,OMB,SRB,SR581,,Exposure,3,W,5,2,28,21,7,21,3,3264,2,2,9.72,,,,OMB,OMB,SRB,SR581,,Exposure,3,W,5,2,,,,,,
PaulEhx,OMB,SRB,SR581,,Exposure,3,W,5,2,20,18,11,16,4,2861,1,2,9.72,,,,OMB,,,,,,,,,,,,,,,
Standy,OMB,SRB,SR581,,Exposure,3,W,5,2,31,16,6,23,8,3339,2,0,9.72,,,,OMB,,,,,,,,,,,,,,,
Wrecks,OMB,SRB,SR581,,Exposure,3,W,5,2,19,18,8,17,4,2962,0,0,9.72,,,,OMB,,,,,,,,,,,,,,,
Asim,SRB,OMB,SR581,,Exposure,3,L,2,5,18,25,10,16,4,2373,0,3,9.72,,,,SRB,SRB,OMB,SR581,,Exposure,3,L,2,5,,,,,,
Arcitys,SRB,OMB,SR581,,Exposure,3,L,2,5,16,25,4,12,3,2352,1,2,9.72,,,,SRB,,,,,,,,,,,,,,,
SkiL,SRB,OMB,SR581,,Exposure,3,L,2,5,19,26,4,11,4,2485,0,1,9.72,,,,SRB,,,,,,,,,,,,,,,
Wevy,SRB,OMB,SR581,,Exposure,3,L,2,5,20,24,8,15,5,2634,1,3,9.72,,,,SRB,,,,,,,,,,,,,,,
CotiCR,KAO,BOM,SR582,,Den,3,W,8,4,13,16,7,10,2,2119,1,1,7.47,,,,KAO,KAO,BOM,SR582,,Den,3,W,8,4,,,,,,
DylanSZN,KAO,BOM,SR582,,Den,3,W,8,4,23,17,5,18,4,2424,0,2,7.47,,,,KAO,,,,,,,,,,,,,,,
ITraDex,KAO,BOM,SR582,,Den,3,W,8,4,23,16,6,14,5,2679,3,2,7.47,,,,KAO,,,,,,,,,,,,,,,
Kuri,KAO,BOM,SR582,,Den,3,W,8,4,16,16,6,14,3,2238,4,2,7.47,,,,KAO,,,,,,,,,,,,,,,
Bang,BOM,KAO,SR582,,Den,3,L,4,8,20,21,3,12,4,2462,0,1,7.47,,,,BOM,BOM,KAO,SR582,,Den,3,L,4,8,,,,,,
Droxy,BOM,KAO,SR582,,Den,3,L,4,8,19,21,4,11,4,2836,0,3,7.47,,,,BOM,,,,,,,,,,,,,,,
Mitch,BOM,KAO,SR582,,Den,3,L,4,8,16,15,4,13,3,1903,3,2,7.47,,,,BOM,,,,,,,,,,,,,,,
Sky,BOM,KAO,SR582,,Den,3,L,4,8,9,18,7,6,2,1721,1,3,7.47,,,,BOM,,,,,,,,,,,,,,,
Dak,TRN,ZXO,SR583,,Den,3,L,3,4,32,32,13,21,4,4329,1,2,12.62,,,,TRN,TRN,ZXO,SR583,,Den,3,L,3,4,,,,,,
Hitmxn,TRN,ZXO,SR583,,Den,3,L,3,4,23,28,10,18,7,3287,1,3,12.62,,,,TRN,,,,,,,,,,,,,,,
Mince,TRN,ZXO,SR583,,Den,3,L,3,4,24,25,7,19,5,3323,1,7,12.62,,,,TRN,,,,,,,,,,,,,,,
Tkay,TRN,ZXO,SR583,,Den,3,L,3,4,27,31,7,18,4,3190,0,0,12.62,,,,TRN,,,,,,,,,,,,,,,
Cinco,ZXO,TRN,SR583,,Den,3,W,4,3,39,22,14,30,7,4962,0,1,12.62,,,,ZXO,ZXO,TRN,SR583,,Den,3,W,4,3,,,,,,
CrazieViews,ZXO,TRN,SR583,,Den,3,W,4,3,24,30,9,14,3,3208,1,5,12.62,,,,ZXO,,,,,,,,,,,,,,,
Driz,ZXO,TRN,SR583,,Den,3,W,4,3,22,31,11,16,5,3373,0,3,12.62,,,,ZXO,,,,,,,,,,,,,,,
PhorT,ZXO,TRN,SR583,,Den,3,W,4,3,28,26,8,22,3,3164,3,3,12.62,,,,ZXO,,,,,,,,,,,,,,,
FeLo,BTS,MDF,SR584,,Den,3,W,2,1,13,19,7,6,2,2236,0,2,10.10,,,,BTS,BTS,MDF,SR584,,Den,3,W,2,1,,,,,,
Manny,BTS,MDF,SR584,,Den,3,W,2,1,25,18,7,18,3,3321,0,3,10.10,,,,BTS,,,,,,,,,,,,,,,
Mirage,BTS,MDF,SR584,,Den,3,W,2,1,24,16,9,22,4,2660,2,4,10.10,,,,BTS,,,,,,,,,,,,,,,
Prodahh,BTS,MDF,SR584,,Den,3,W,2,1,20,22,11,13,3,2813,0,5,10.10,,,,BTS,,,,,,,,,,,,,,,
Crimzah,MDF,BTS,SR584,,Den,3,L,1,2,15,17,10,7,3,2638,0,4,10.10,,,,MDF,MDF,BTS,SR584,,Den,3,L,1,2,,,,,,
Fighta,MDF,BTS,SR584,,Den,3,L,1,2,17,25,8,9,2,2935,0,4,10.10,,,,MDF,,,,,,,,,,,,,,,
Lymax,MDF,BTS,SR584,,Den,3,L,1,2,28,21,4,20,4,3322,1,2,10.10,,,,MDF,,,,,,,,,,,,,,,
Setzyy,MDF,BTS,SR584,,Den,3,L,1,2,15,21,10,11,4,2146,0,2,10.10,,,,MDF,,,,,,,,,,,,,,,
Fame,ICH,TRN,SR585,,Den,3,L,0,8,15,18,3,10,7,1924,0,1,7.27,,,,ICH,ICH,TRN,SR585,,Den,3,L,0,8,,,,,,
Noysii,ICH,TRN,SR585,,Den,3,L,0,8,17,23,8,9,2,2321,0,3,7.27,,,,ICH,,,,,,,,,,,,,,,
Proff,ICH,TRN,SR585,,Den,3,L,0,8,12,18,7,9,2,1921,0,1,7.27,,,,ICH,,,,,,,,,,,,,,,
Radial,ICH,TRN,SR585,,Den,3,L,0,8,18,25,5,10,3,2701,0,4,7.27,,,,ICH,,,,,,,,,,,,,,,
Dak,TRN,ICH,SR585,,Den,3,W,8,0,22,17,13,16,4,3214,3,2,7.27,,,,TRN,TRN,ICH,SR585,,Den,3,W,8,0,,,,,,
Hitmxn,TRN,ICH,SR585,,Den,3,W,8,0,20,13,4,15,4,2153,3,3,7.27,,,,TRN,,,,,,,,,,,,,,,
Mince,TRN,ICH,SR585,,Den,3,W,8,0,19,16,7,16,6,2005,2,1,7.27,,,,TRN,,,,,,,,,,,,,,,
Tkay,TRN,ICH,SR585,,Den,3,W,8,0,23,17,7,16,3,2842,0,0,7.27,,,,TRN,,,,,,,,,,,,,,,
Cimbels,FTS,KAO,SR586,,Exposure,3,W,7,3,33,19,10,25,4,3709,3,3,10.00,,,,FTS,FTS,KAO,SR586,,Exposure,3,W,7,3,,,,,,
Darksived,FTS,KAO,SR586,,Exposure,3,W,7,3,31,22,8,22,5,3371,0,2,10.00,,,,FTS,,,,,,,,,,,,,,,
Detain,FTS,KAO,SR586,,Exposure,3,W,7,3,26,22,8,18,3,3115,2,0,10.00,,,,FTS,,,,,,,,,,,,,,,
Phantomz,FTS,KAO,SR586,,Exposure,3,W,7,3,19,22,11,12,5,2971,2,1,10.00,,,,FTS,,,,,,,,,,,,,,,
CotiCR,KAO,FTS,SR586,,Exposure,3,L,3,7,14,27,5,9,2,1907,2,3,10.00,,,,KAO,KAO,FTS,SR586,,Exposure,3,L,3,7,,,,,,
DylanSZN,KAO,FTS,SR586,,Exposure,3,L,3,7,24,25,8,15,3,3206,0,3,10.00,,,,KAO,,,,,,,,,,,,,,,
ITraDex,KAO,FTS,SR586,,Exposure,3,L,3,7,21,30,11,13,6,3422,0,0,10.00,,,,KAO,,,,,,,,,,,,,,,
Kuri,KAO,FTS,SR586,,Exposure,3,L,3,7,23,28,5,13,4,2715,1,0,10.00,,,,KAO,,,,,,,,,,,,,,,
Asim,SRB,ATR,SR587,,Exposure,3,W,8,0,25,17,3,16,4,2608,4,1,8.63,,,,SRB,SRB,ATR,SR587,,Exposure,3,W,8,0,,,,,,
Arcitys,SRB,ATR,SR587,,Exposure,3,W,8,0,28,19,7,18,3,3242,2,3,8.63,,,,SRB,,,,,,,,,,,,,,,
SkiL,SRB,ATR,SR587,,Exposure,3,W,8,0,27,16,5,23,5,2997,0,0,8.63,,,,SRB,,,,,,,,,,,,,,,
Wevy,SRB,ATR,SR587,,Exposure,3,W,8,0,20,12,12,17,3,2131,2,3,8.63,,,,SRB,,,,,,,,,,,,,,,
Imagine,ATR,SRB,SR587,,Exposure,3,L,0,8,15,26,5,7,2,1993,0,3,8.63,,,,ATR,ATR,SRB,SR587,,Exposure,3,L,0,8,,,,,,
Mish,ATR,SRB,SR587,,Exposure,3,L,0,8,12,27,10,9,3,1901,0,0,8.63,,,,ATR,,,,,,,,,,,,,,,
Rhein,ATR,SRB,SR587,,Exposure,3,L,0,8,17,25,6,10,2,2544,0,1,8.63,,,,ATR,,,,,,,,,,,,,,,
Swagchecked,ATR,SRB,SR587,,Exposure,3,L,0,8,19,22,7,13,3,2489,0,0,8.63,,,,ATR,,,,,,,,,,,,,,,
Andi,OMN,BTS,SR588,,Den,3,W,8,3,24,23,6,15,4,2886,3,2,9.73,,,,OMN,OMN,BTS,SR588,,Den,3,W,8,3,,,,,,
Booger,OMN,BTS,SR588,,Den,3,W,8,3,29,21,10,19,5,3708,1,1,9.73,,,,OMN,,,,,,,,,,,,,,,
Nate,OMN,BTS,SR588,,Den,3,W,8,3,25,24,6,17,4,3122,1,6,9.73,,,,OMN,,,,,,,,,,,,,,,
Peel,OMN,BTS,SR588,,Den,3,W,8,3,14,24,8,8,3,2186,3,2,9.73,,,,OMN,,,,,,,,,,,,,,,
FeLo,BTS,OMN,SR588,,Den,3,L,3,8,25,27,9,16,3,2745,0,5,9.73,,,,BTS,BTS,OMN,SR588,,Den,3,L,3,8,,,,,,
Manny,BTS,OMN,SR588,,Den,3,L,3,8,25,21,10,19,9,3574,0,3,9.73,,,,BTS,,,,,,,,,,,,,,,
Mirage,BTS,OMN,SR588,,Den,3,L,3,8,26,21,12,18,5,2876,2,3,9.73,,,,BTS,,,,,,,,,,,,,,,
Prodahh,BTS,OMN,SR588,,Den,3,L,3,8,16,27,7,8,2,2189,1,3,9.73,,,,BTS,,,,,,,,,,,,,,,
Dak,TRN,FTS,SR589,,Exposure,3,L,6,8,31,31,7,18,4,3610,0,2,11.70,,,,TRN,TRN,FTS,SR589,,Exposure,3,L,6,8,,,,,,
Hitmxn,TRN,FTS,SR589,,Exposure,3,L,6,8,21,28,7,14,3,2863,2,3,11.70,,,,TRN,,,,,,,,,,,,,,,
Mince,TRN,FTS,SR589,,Exposure,3,L,6,8,18,30,8,10,3,3084,2,1,11.70,,,,TRN,,,,,,,,,,,,,,,
Tkay,TRN,FTS,SR589,,Exposure,3,L,6,8,24,28,11,16,4,3379,2,3,11.70,,,,TRN,,,,,,,,,,,,,,,
Cimbels,FTS,TRN,SR589,,Exposure,3,W,8,6,38,26,10,25,9,4008,2,3,11.70,,,,FTS,FTS,TRN,SR589,,Exposure,3,W,8,6,,,,,,
Darksived,FTS,TRN,SR589,,Exposure,3,W,8,6,29,26,8,24,4,3127,1,2,11.70,,,,FTS,,,,,,,,,,,,,,,
Detain,FTS,TRN,SR589,,Exposure,3,W,8,6,32,25,13,24,4,3709,1,5,11.70,,,,FTS,,,,,,,,,,,,,,,
Phantomz,FTS,TRN,SR589,,Exposure,3,W,8,6,18,18,16,16,2,2819,4,5,11.70,,,,FTS,,,,,,,,,,,,,,,
Clutch,AXB,INC,SR590,,Den,3,L,2,3,16,18,6,9,5,1905,1,0,6.00,,,,AXB,AXB,INC,SR590,,Den,3,L,2,3,,,,,,
Henry,AXB,INC,SR590,,Den,3,L,2,3,10,18,5,9,3,1514,0,1,6.00,,,,AXB,,,,,,,,,,,,,,,
Rush,AXB,INC,SR590,,Den,3,L,2,3,18,15,4,12,6,2135,0,1,6.00,,,,AXB,,,,,,,,,,,,,,,
UH,AXB,INC,SR590,,Den,3,L,2,3,11,17,7,6,3,1897,1,2,6.00,,,,AXB,,,,,,,,,,,,,,,
Cryptic,INC,AXB,SR590,,Den,3,W,3,2,12,11,8,9,4,1484,0,1,6.00,,,,INC,INC,AXB,SR590,,Den,3,W,3,2,,,,,,
Gunsiii,INC,AXB,SR590,,Den,3,W,3,2,18,16,10,7,4,2374,1,0,6.00,,,,INC,,,,,,,,,,,,,,,
Leib,INC,AXB,SR590,,Den,3,W,3,2,22,13,3,16,4,2714,0,3,6.00,,,,INC,,,,,,,,,,,,,,,
Zooner,INC,AXB,SR590,,Den,3,W,3,2,15,15,5,12,4,1905,2,4,6.00,,,,INC,,,,,,,,,,,,,,,
Asim,SRB,CXO,SR591,,Exposure,3,W,7,3,30,21,5,21,4,3226,3,5,10.40,,,,SRB,SRB,CXO,SR591,,Exposure,3,W,7,3,,,,,,
Arcitys,SRB,CXO,SR591,,Exposure,3,W,7,3,22,23,18,17,5,3375,2,5,10.40,,,,SRB,,,,,,,,,,,,,,,
SkiL,SRB,CXO,SR591,,Exposure,3,W,7,3,22,24,7,16,6,2826,0,0,10.40,,,,SRB,,,,,,,,,,,,,,,
Wevy,SRB,CXO,SR591,,Exposure,3,W,7,3,25,21,5,18,5,2986,2,3,10.40,,,,SRB,,,,,,,,,,,,,,,
Couti,CXO,SRB,SR591,,Exposure,3,L,3,7,23,23,5,16,6,2818,0,2,10.40,,,,CXO,CXO,SRB,SR591,,Exposure,3,L,3,7,,,,,,
DTG,CXO,SRB,SR591,,Exposure,3,L,3,7,33,25,5,24,5,3645,0,1,10.40,,,,CXO,,,,,,,,,,,,,,,
Veilleux,CXO,SRB,SR591,,Exposure,3,L,3,7,21,27,5,16,3,2654,1,4,10.40,,,,CXO,,,,,,,,,,,,,,,
cWadz,CXO,SRB,SR591,,Exposure,3,L,3,7,11,25,14,6,2,2117,2,3,10.40,,,,CXO,,,,,,,,,,,,,,,
Abe,TBG,FZF,SR592,,Scar,3,L,4,5,20,30,10,11,4,3322,1,2,10.00,,,,TBG,TBG,FZF,SR592,,Scar,3,L,4,5,,,,,,
Cammy,TBG,FZF,SR592,,Scar,3,L,4,5,36,27,6,24,5,4084,0,3,10.00,,,,TBG,,,,,,,,,,,,,,,
Capsidal,TBG,FZF,SR592,,Scar,3,L,4,5,18,30,12,11,4,3379,0,2,10.00,,,,TBG,,,,,,,,,,,,,,,
Prolute,TBG,FZF,SR592,,Scar,3,L,4,5,22,25,12,19,3,2786,3,4,10.00,,,,TBG,,,,,,,,,,,,,,,
Alluka,FZF,TBG,SR592,,Scar,3,W,5,4,24,24,11,12,4,3791,1,3,10.00,,,,FZF,FZF,TBG,SR592,,Scar,3,W,5,4,,,,,,
KingAbody,FZF,TBG,SR592,,Scar,3,W,5,4,30,20,7,23,9,3040,1,3,10.00,,,,FZF,,,,,,,,,,,,,,,
KnoX,FZF,TBG,SR592,,Scar,3,W,5,4,32,27,10,23,4,4298,1,1,10.00,,,,FZF,,,,,,,,,,,,,,,
Roxas,FZF,TBG,SR592,,Scar,3,W,5,4,25,26,8,19,4,2798,2,0,10.00,,,,FZF,,,,,,,,,,,,,,,
Breszy,EXC,FCS,SR593,,Den,3,W,8,1,31,19,10,23,6,3547,1,3,10.35,,,,EXC,EXC,FCS,SR593,,Den,3,W,8,1,,,,,,
Cobra,EXC,FCS,SR593,,Den,3,W,8,1,21,22,7,18,3,2564,4,7,10.35,,,,EXC,,,,,,,,,,,,,,,
Lynz,EXC,FCS,SR593,,Den,3,W,8,1,21,22,15,17,5,3802,1,2,10.35,,,,EXC,,,,,,,,,,,,,,,
Mighty,EXC,FCS,SR593,,Den,3,W,8,1,21,19,7,17,4,2622,2,3,10.35,,,,EXC,,,,,,,,,,,,,,,
Gio,FCS,EXC,SR593,,Den,3,L,1,8,24,23,5,15,4,2774,0,2,10.35,,,,FCS,FCS,EXC,SR593,,Den,3,L,1,8,,,,,,
IconZ,FCS,EXC,SR593,,Den,3,L,1,8,19,21,8,14,3,2840,1,7,10.35,,,,FCS,,,,,,,,,,,,,,,
KB,FCS,EXC,SR593,,Den,3,L,1,8,23,21,8,18,4,2659,0,2,10.35,,,,FCS,,,,,,,,,,,,,,,
Ruper,FCS,EXC,SR593,,Den,3,L,1,8,14,30,10,8,2,3186,0,3,10.35,,,,FCS,,,,,,,,,,,,,,,
Brack,HUN,CXO,SR594,,Scar,3,L,3,5,29,37,9,13,3,3845,1,2,13.38,,,,HUN,HUN,CXO,SR594,,Scar,3,L,3,5,,,,,,
Johnny,HUN,CXO,SR594,,Scar,3,L,3,5,33,33,16,22,6,4438,2,3,13.38,,,,HUN,,,,,,,,,,,,,,,
Renegade,HUN,CXO,SR594,,Scar,3,L,3,5,39,41,13,25,4,4635,0,4,13.38,,,,HUN,,,,,,,,,,,,,,,
Swooty,HUN,CXO,SR594,,Scar,3,L,3,5,37,35,14,26,4,4345,0,4,13.38,,,,HUN,,,,,,,,,,,,,,,
Couti,CXO,HUN,SR594,,Scar,3,W,5,3,25,34,17,16,2,3386,1,8,13.38,,,,CXO,CXO,HUN,SR594,,Scar,3,W,5,3,,,,,,
DTG,CXO,HUN,SR594,,Scar,3,W,5,3,50,31,16,38,6,4662,1,4,13.38,,,,CXO,,,,,,,,,,,,,,,
Veilleux,CXO,HUN,SR594,,Scar,3,W,5,3,44,38,18,24,3,5537,1,2,13.38,,,,CXO,,,,,,,,,,,,,,,
cWadz,CXO,HUN,SR594,,Scar,3,W,5,3,24,35,14,19,3,3235,2,2,13.38,,,,CXO,,,,,,,,,,,,,,,
Mack,FUN,OMB,SR595,,Den,3,L,2,3,15,28,13,9,2,2340,0,0,10.00,,,,FUN,FUN,OMB,SR595,,Den,3,L,2,3,,,,,,
Milly,FUN,OMB,SR595,,Den,3,L,2,3,23,26,7,16,3,2947,2,5,10.00,,,,FUN,,,,,,,,,,,,,,,
Owakening,FUN,OMB,SR595,,Den,3,L,2,3,21,24,8,11,4,3263,0,3,10.00,,,,FUN,,,,,,,,,,,,,,,
Uli,FUN,OMB,SR595,,Den,3,L,2,3,25,24,14,19,4,3441,0,3,10.00,,,,FUN,,,,,,,,,,,,,,,
2Real,OMB,FUN,SR595,,Den,3,W,3,2,23,24,7,16,3,2886,1,4,10.00,,,,OMB,OMB,FUN,SR595,,Den,3,W,3,2,,,,,,
PaulEhx,OMB,FUN,SR595,,Den,3,W,3,2,27,23,12,18,4,2826,0,2,10.00,,,,OMB,,,,,,,,,,,,,,,
Standy,OMB,FUN,SR595,,Den,3,W,3,2,22,18,13,20,5,3140,2,2,10.00,,,,OMB,,,,,,,,,,,,,,,
Wrecks,OMB,FUN,SR595,,Den,3,W,3,2,28,21,11,20,5,3758,0,4,10.00,,,,OMB,,,,,,,,,,,,,,,
Brack,HUN,FZF,SR596,,Exposure,3,L,2,4,17,27,9,9,3,2206,1,3,10.40,,,,HUN,HUN,FZF,SR596,,Exposure,3,L,2,4,,,,,,
Johnny,HUN,FZF,SR596,,Exposure,3,L,2,4,27,29,7,15,3,3452,0,4,10.40,,,,HUN,,,,,,,,,,,,,,,
Renegade,HUN,FZF,SR596,,Exposure,3,L,2,4,28,24,7,22,3,3416,1,4,10.40,,,,HUN,,,,,,,,,,,,,,,
Swooty,HUN,FZF,SR596,,Exposure,3,L,2,4,16,31,11,8,3,2557,0,2,10.40,,,,HUN,,,,,,,,,,,,,,,
Alluka,FZF,HUN,SR596,,Exposure,3,W,4,2,27,20,7,21,5,3378,1,3,10.40,,,,FZF,FZF,HUN,SR596,,Exposure,3,W,4,2,,,,,,
KingAbody,FZF,HUN,SR596,,Exposure,3,W,4,2,26,25,12,15,4,3177,0,4,10.40,,,,FZF,,,,,,,,,,,,,,,
KnoX,FZF,HUN,SR596,,Exposure,3,W,4,2,26,26,10,18,4,3248,2,6,10.40,,,,FZF,,,,,,,,,,,,,,,
Roxas,FZF,HUN,SR596,,Exposure,3,W,4,2,28,17,6,22,5,2997,1,4,10.40,,,,FZF,,,,,,,,,,,,,,,
D7oomx,ROC,FCS,SR597,,Scar,3,W,5,3,18,22,12,13,3,2719,0,0,8.60,,,,ROC,ROC,FCS,SR597,,Scar,3,W,5,3,,,,,,
D7om,ROC,FCS,SR597,,Scar,3,W,5,3,33,23,10,24,6,3626,2,5,8.60,,,,ROC,,,,,,,,,,,,,,,
Khhx,ROC,FCS,SR597,,Scar,3,W,5,3,26,20,12,19,5,3182,1,3,8.60,,,,ROC,,,,,,,,,,,,,,,
Rxld,ROC,FCS,SR597,,Scar,3,W,5,3,26,23,14,18,3,2575,2,1,8.60,,,,ROC,,,,,,,,,,,,,,,
Gio,FCS,ROC,SR597,,Scar,3,L,3,5,16,24,8,,2,2010,0,2,8.60,,,,FCS,FCS,ROC,SR597,,Scar,3,L,3,5,,,,,,
IconZ,FCS,ROC,SR597,,Scar,3,L,3,5,24,29,11,11,3,3239,3,4,8.60,,,,FCS,,,,,,,,,,,,,,,
KB,FCS,ROC,SR597,,Scar,3,L,3,5,22,23,8,15,5,2640,0,2,8.60,,,,FCS,,,,,,,,,,,,,,,
Ruper,FCS,ROC,SR597,,Scar,3,L,3,5,25,27,11,13,3,2844,0,1,8.60,,,,FCS,,,,,,,,,,,,,,,
Couti,CXO,TBG,SR598,,Scar,3,L,2,3,20,26,6,15,5,2427,1,2,10.00,,,,CXO,CXO,TBG,SR598,,Scar,3,L,2,3,,,,,,
DTG,CXO,TBG,SR598,,Scar,3,L,2,3,30,25,8,19,3,3626,1,4,10.00,,,,CXO,,,,,,,,,,,,,,,
Veilleux,CXO,TBG,SR598,,Scar,3,L,2,3,26,29,12,18,3,3735,0,3,10.00,,,,CXO,,,,,,,,,,,,,,,
cWadz,CXO,TBG,SR598,,Scar,3,L,2,3,23,23,15,17,4,3272,0,1,10.00,,,,CXO,,,,,,,,,,,,,,,
Abe,TBG,CXO,SR598,,Scar,3,W,3,2,27,27,12,19,6,3258,0,2,10.00,,,,TBG,TBG,CXO,SR598,,Scar,3,W,3,2,,,,,,
Cammy,TBG,CXO,SR598,,Scar,3,W,3,2,23,23,16,14,4,3258,0,2,10.00,,,,TBG,,,,,,,,,,,,,,,
Capsidal,TBG,CXO,SR598,,Scar,3,W,3,2,29,28,8,22,3,3000,3,7,10.00,,,,TBG,,,,,,,,,,,,,,,
Prolute,TBG,CXO,SR598,,Scar,3,W,3,2,24,23,9,17,4,3567,0,4,10.00,,,,TBG,,,,,,,,,,,,,,,
Beans,P7N,OMB,SR599,,Exposure,3,W,7,6,28,26,8,22,4,3436,1,3,12.73,,,,P7N,P7N,OMB,SR599,,Exposure,3,W,7,6,,,,,,
DC,P7N,OMB,SR599,,Exposure,3,W,7,6,23,30,11,19,3,3301,1,4,12.73,,,,P7N,,,,,,,,,,,,,,,
ErikBoom,P7N,OMB,SR599,,Exposure,3,W,7,6,31,31,12,18,4,3749,4,1,12.73,,,,P7N,,,,,,,,,,,,,,,
Snoopy,P7N,OMB,SR599,,Exposure,3,W,7,6,30,30,12,17,6,3997,1,7,12.73,,,,P7N,,,,,,,,,,,,,,,
2Real,OMB,P7N,SR599,,Exposure,3,L,6,7,25,28,14,13,5,3240,1,5,12.73,,,,OMB,OMB,P7N,SR599,,Exposure,3,L,6,7,,,,,,
PaulEhx,OMB,P7N,SR599,,Exposure,3,L,6,7,26,28,15,19,3,3813,0,4,12.73,,,,OMB,,,,,,,,,,,,,,,
Standy,OMB,P7N,SR599,,Exposure,3,L,6,7,32,27,12,19,5,3851,3,6,12.73,,,,OMB,,,,,,,,,,,,,,,
Wrecks,OMB,P7N,SR599,,Exposure,3,L,6,7,33,29,8,24,3,4044,2,3,12.73,,,,OMB,,,,,,,,,,,,,,,
Breszy,EXC,FZF,SR600,,Exposure,3,L,2,5,19,24,11,10,3,2583,2,4,10.17,,,,EXC,EXC,FZF,SR600,,Exposure,3,L,2,5,,,,,,
Cobra,EXC,FZF,SR600,,Exposure,3,L,2,5,26,24,10,18,4,3359,0,3,10.17,,,,EXC,,,,,,,,,,,,,,,
Lynz,EXC,FZF,SR600,,Exposure,3,L,2,5,18,30,4,8,2,2000,0,0,10.17,,,,EXC,,,,,,,,,,,,,,,
Mighty,EXC,FZF,SR600,,Exposure,3,L,2,5,21,22,13,15,4,2958,0,2,10.17,,,,EXC,,,,,,,,,,,,,,,
Alluka,FZF,EXC,SR600,,Exposure,3,W,5,2,26,20,5,17,4,2677,3,4,10.17,,,,FZF,FZF,EXC,SR600,,Exposure,3,W,5,2,,,,,,
KingAbody,FZF,EXC,SR600,,Exposure,3,W,5,2,28,20,11,18,5,3585,0,0,10.17,,,,FZF,,,,,,,,,,,,,,,
KnoX,FZF,EXC,SR600,,Exposure,3,W,5,2,25,24,7,16,3,3387,2,3,10.17,,,,FZF,,,,,,,,,,,,,,,
Roxas,FZF,EXC,SR600,,Exposure,3,W,5,2,20,20,6,13,3,2351,0,1,10.17,,,,FZF,,,,,,,,,,,,,,,
Mack,FUN,CBL,SR601,,Den,3,L,3,6,20,28,12,12,3,2731,2,1,10.00,,,,FUN,FUN,CBL,SR601,,Den,3,L,3,6,,,,,,
Milly,FUN,CBL,SR601,,Den,3,L,3,6,24,25,12,12,3,2905,1,5,10.00,,,,FUN,,,,,,,,,,,,,,,
Owakening,FUN,CBL,SR601,,Den,3,L,3,6,22,23,15,12,6,3214,0,3,10.00,,,,FUN,,,,,,,,,,,,,,,
Uli,FUN,CBL,SR601,,Den,3,L,3,6,25,24,9,19,5,2757,0,1,10.00,,,,FUN,,,,,,,,,,,,,,,
Flames,CBL,FUN,SR601,,Den,3,W,6,3,29,15,9,22,7,3446,1,5,10.00,,,,CBL,CBL,FUN,SR601,,Den,3,W,6,3,,,,,,
Nemensions,CBL,FUN,SR601,,Den,3,W,6,3,23,24,11,13,3,3295,1,2,10.00,,,,CBL,,,,,,,,,,,,,,,
Rspi,CBL,FUN,SR601,,Den,3,W,6,3,26,28,5,14,3,3079,2,3,10.00,,,,CBL,,,,,,,,,,,,,,,
Vik,CBL,FUN,SR601,,Den,3,W,6,3,22,24,9,17,2,2740,2,2,10.00,,,,CBL,,,,,,,,,,,,,,,
Abe,TBG,FCS,SR602,,Den,3,L,3,4,23,25,9,11,4,3109,2,3,10.40,,,,TBG,TBG,FCS,SR602,,Den,3,L,3,4,,,,,,
Cammy,TBG,FCS,SR602,,Den,3,L,3,4,22,26,12,13,3,3062,1,1,10.40,,,,TBG,,,,,,,,,,,,,,,
Capsidal,TBG,FCS,SR602,,Den,3,L,3,4,30,24,7,25,6,3502,0,4,10.40,,,,TBG,,,,,,,,,,,,,,,
Prolute,TBG,FCS,SR602,,Den,3,L,3,4,17,23,11,11,3,2465,0,1,10.40,,,,TBG,,,,,,,,,,,,,,,
Gio,FCS,TBG,SR602,,Den,3,W,4,3,29,19,8,23,8,3707,1,3,10.40,,,,FCS,FCS,TBG,SR602,,Den,3,W,4,3,,,,,,
IconZ,FCS,TBG,SR602,,Den,3,W,4,3,17,24,12,9,2,2580,3,2,10.40,,,,FCS,,,,,,,,,,,,,,,
KB,FCS,TBG,SR602,,Den,3,W,4,3,25,22,13,21,3,3317,0,2,10.40,,,,FCS,,,,,,,,,,,,,,,
Ruper,FCS,TBG,SR602,,Den,3,W,4,3,26,27,9,21,6,2873,0,2,10.40,,,,FCS,,,,,,,,,,,,,,,
Beans,P7N,OMN,SR603,,Exposure,3,L,1,3,19,26,11,8,4,2853,0,8,10.00,,,,P7N,P7N,OMN,SR603,,Exposure,3,L,1,3,,,,,,
DC,P7N,OMN,SR603,,Exposure,3,L,1,3,15,27,12,6,2,2845,0,0,10.00,,,,P7N,,,,,,,,,,,,,,,
ErikBoom,P7N,OMN,SR603,,Exposure,3,L,1,3,31,28,7,15,4,3036,1,6,10.00,,,,P7N,,,,,,,,,,,,,,,
Snoopy,P7N,OMN,SR603,,Exposure,3,L,1,3,25,26,9,17,5,3133,0,6,10.00,,,,P7N,,,,,,,,,,,,,,,
Andi,OMN,P7N,SR603,,Exposure,3,W,3,1,23,21,11,13,2,2566,1,8,10.00,,,,OMN,OMN,P7N,SR603,,Exposure,3,W,3,1,,,,,,
Booger,OMN,P7N,SR603,,Exposure,3,W,3,1,25,22,14,20,4,3329,1,0,10.00,,,,OMN,,,,,,,,,,,,,,,
Nate,OMN,P7N,SR603,,Exposure,3,W,3,1,20,26,11,10,3,2515,0,6,10.00,,,,OMN,,,,,,,,,,,,,,,
Peel,OMN,P7N,SR603,,Exposure,3,W,3,1,39,22,10,33,6,4184,1,7,10.00,,,,OMN,,,,,,,,,,,,,,,
2Real,OMB,HUN,SR604,,Scar,3,W,6,6,36,41,11,27,5,4537,1,6,15.13,,,,OMB,OMB,HUN,SR604,,Scar,3,W,6,6,,,,,,
PaulEhx,OMB,HUN,SR604,,Scar,3,W,6,6,40,36,20,28,4,5510,1,2,15.13,,,,OMB,,,,,,,,,,,,,,,
Standy,OMB,HUN,SR604,,Scar,3,W,6,6,40,34,9,29,4,4852,3,8,15.13,,,,OMB,,,,,,,,,,,,,,,
Wrecks,OMB,HUN,SR604,,Scar,3,W,6,6,37,48,15,23,3,4871,1,3,15.13,,,,OMB,,,,,,,,,,,,,,,
Brack,HUN,OMB,SR604,,Scar,3,L,6,6,38,35,14,25,5,4233,4,9,15.13,,,,HUN,HUN,OMB,SR604,,Scar,3,L,6,6,,,,,,
Johnny,HUN,OMB,SR604,,Scar,3,L,6,6,44,35,14,33,5,5963,1,4,15.13,,,,HUN,,,,,,,,,,,,,,,
Renegade,HUN,OMB,SR604,,Scar,3,L,6,6,34,47,12,19,3,4261,1,3,15.13,,,,HUN,,,,,,,,,,,,,,,
Swooty,HUN,OMB,SR604,,Scar,3,L,6,6,43,37,10,31,4,5083,0,8,15.13,,,,HUN,,,,,,,,,,,,,,,
Aspekt,ONR,ROC,SR605,,Scar,3,W,6,2,21,26,19,15,3,3889,1,1,10.00,,,,ONR,ONR,ROC,SR605,,Scar,3,W,6,2,,,,,,
Denza,ONR,ROC,SR605,,Scar,3,W,6,2,32,27,10,24,5,2921,2,5,10.00,,,,ONR,,,,,,,,,,,,,,,
DK,ONR,ROC,SR605,,Scar,3,W,6,2,27,31,18,15,3,3536,2,2,10.00,,,,ONR,,,,,,,,,,,,,,,
Ethan,ONR,ROC,SR605,,Scar,3,W,6,2,37,26,13,25,6,3734,1,2,10.00,,,,ONR,,,,,,,,,,,,,,,
D7oomx,ROC,ONR,SR605,,Scar,3,L,2,6,30,27,14,22,4,3643,0,7,10.00,,,,ROC,ROC,ONR,SR605,,Scar,3,L,2,6,,,,,,
D7om,ROC,ONR,SR605,,Scar,3,L,2,6,30,33,14,15,6,3260,0,1,10.00,,,,ROC,,,,,,,,,,,,,,,
Khhx,ROC,ONR,SR605,,Scar,3,L,2,6,24,27,14,16,3,3178,2,2,10.00,,,,ROC,,,,,,,,,,,,,,,
Rxld,ROC,ONR,SR605,,Scar,3,L,2,6,25,30,15,15,3,3239,0,2,10.00,,,,ROC,,,,,,,,,,,,,,,
Andi,OMN,FZF,SR606,,Exposure,3,L,3,5,21,25,9,15,4,2771,2,2,10.03,,,,OMN,OMN,FZF,SR606,,Exposure,3,L,3,5,,,,,,
Booger,OMN,FZF,SR606,,Exposure,3,L,3,5,25,26,9,16,3,3034,0,1,10.03,,,,OMN,,,,,,,,,,,,,,,
Nate,OMN,FZF,SR606,,Exposure,3,L,3,5,23,26,9,,3,2867,1,2,10.03,,,,OMN,,,,,,,,,,,,,,,
Peel,OMN,FZF,SR606,,Exposure,3,L,3,5,26,24,9,19,5,3312,0,2,10.03,,,,OMN,,,,,,,,,,,,,,,
Alluka,FZF,OMN,SR606,,Exposure,3,W,5,3,30,22,12,21,4,4185,1,3,10.03,,,,FZF,FZF,OMN,SR606,,Exposure,3,W,5,3,,,,,,
KingAbody,FZF,OMN,SR606,,Exposure,3,W,5,3,27,27,6,21,7,2994,1,2,10.03,,,,FZF,,,,,,,,,,,,,,,
KnoX,FZF,OMN,SR606,,Exposure,3,W,5,3,26,24,6,21,7,2994,1,2,10.03,,,,FZF,,,,,,,,,,,,,,,
Roxas,FZF,OMN,SR606,,Exposure,3,W,5,3,18,24,7,12,3,2228,3,7,10.03,,,,FZF,,,,,,,,,,,,,,,
Abe,TBG,CBL,SR607,,Den,3,W,6,2,27,24,10,25,3,3500,0,4,10.28,,,,TBG,TBG,CBL,SR607,,Den,3,W,6,2,,,,,,
Cammy,TBG,CBL,SR607,,Den,3,W,6,2,29,21,11,20,5,3655,1,3,10.28,,,,TBG,,,,,,,,,,,,,,,
Capsidal,TBG,CBL,SR607,,Den,3,W,6,2,23,23,11,,3,3024,4,4,10.28,,,,TBG,,,,,,,,,,,,,,,
Prolute,TBG,CBL,SR607,,Den,3,W,6,2,28,28,12,18,5,3609,1,4,10.28,,,,TBG,,,,,,,,,,,,,,,
Flames,CBL,TBG,SR607,,Den,3,L,2,6,21,26,4,10,3,2300,1,0,10.28,,,,CBL,CBL,TBG,SR607,,Den,3,L,2,6,,,,,,
Nemensions,CBL,TBG,SR607,,Den,3,L,2,6,19,24,11,13,3,2788,1,1,10.28,,,,CBL,,,,,,,,,,,,,,,
Rspi,CBL,TBG,SR607,,Den,3,L,2,6,27,28,10,23,3,3736,0,2,10.28,,,,CBL,,,,,,,,,,,,,,,
Vik,CBL,TBG,SR607,,Den,3,L,2,6,28,30,11,19,5,3437,0,4,10.28,,,,CBL,,,,,,,,,,,,,,,
D7oomx,ROC,FZF,SR608,,Exposure,3,L,3,6,14,24,10,8,3,2235,0,2,8.50,,,,ROC,ROC,FZF,SR608,,Exposure,3,L,3,6,,,,,,
D7om,ROC,FZF,SR608,,Exposure,3,L,3,6,24,22,10,17,4,2516,2,7,8.50,,,,ROC,,,,,,,,,,,,,,,
Khhx,ROC,FZF,SR608,,Exposure,3,L,3,6,18,23,8,10,3,2445,0,2,8.50,,,,ROC,,,,,,,,,,,,,,,
Rxld,ROC,FZF,SR608,,Exposure,3,L,3,6,15,25,11,9,2,2156,1,0,8.50,,,,ROC,,,,,,,,,,,,,,,
Alluka,FZF,ROC,SR608,,Exposure,3,W,6,3,21,18,7,19,4,2230,4,3,8.50,,,,FZF,FZF,ROC,SR608,,Exposure,3,W,6,3,,,,,,
KingAbody,FZF,ROC,SR608,,Exposure,3,W,6,3,18,20,7,14,6,2066,1,1,8.50,,,,FZF,,,,,,,,,,,,,,,
KnoX,FZF,ROC,SR608,,Exposure,3,W,6,3,32,16,6,26,8,3396,0,1,8.50,,,,FZF,,,,,,,,,,,,,,,
Roxas,FZF,ROC,SR608,,Exposure,3,W,6,3,23,19,8,10,4,3193,1,5,8.50,,,,FZF,,,,,,,,,,,,,,,
Brack,HUN,TBG,SR609,,Scar,3,L,3,5,28,28,8,19,3,3678,1,2,10.00,,,,HUN,HUN,TBG,SR609,,Scar,3,L,3,5,,,,,,
Johnny,HUN,TBG,SR609,,Scar,3,L,3,5,18,30,10,10,3,2583,0,1,10.00,,,,HUN,,,,,,,,,,,,,,,
Renegade,HUN,TBG,SR609,,Scar,3,L,3,5,21,27,9,12,3,2939,0,3,10.00,,,,HUN,,,,,,,,,,,,,,,
Swooty,HUN,TBG,SR609,,Scar,3,L,3,5,32,30,7,24,3,3617,2,4,10.00,,,,HUN,,,,,,,,,,,,,,,
Abe,TBG,HUN,SR609,,Scar,3,W,5,3,36,27,14,23,5,3708,0,3,10.00,,,,TBG,TBG,HUN,SR609,,Scar,3,W,5,3,,,,,,
Cammy,TBG,HUN,SR609,,Scar,3,W,5,3,20,23,17,15,4,3027,1,1,10.00,,,,TBG,,,,,,,,,,,,,,,
Capsidal,TBG,HUN,SR609,,Scar,3,W,5,3,34,25,10,24,6,3787,4,6,10.00,,,,TBG,,,,,,,,,,,,,,,
Prolute,TBG,HUN,SR609,,Scar,3,W,5,3,25,25,12,14,3,3192,0,4,10.00,,,,TBG,,,,,,,,,,,,,,,
Aspekt,ONR,OMB,SR610,,Scar,3,W,7,7,38,30,15,27,7,4549,1,4,12.38,,,,ONR,ONR,OMB,SR610,,Scar,3,W,7,7,,,,,,
Denza,ONR,OMB,SR610,,Scar,3,W,7,7,25,32,10,14,4,2934,1,3,12.38,,,,ONR,,,,,,,,,,,,,,,
DK,ONR,OMB,SR610,,Scar,3,W,7,7,32,32,12,22,5,3994,2,4,12.38,,,,ONR,,,,,,,,,,,,,,,
Ethan,ONR,OMB,SR610,,Scar,3,W,7,7,28,36,15,19,5,3664,3,1,12.38,,,,ONR,,,,,,,,,,,,,,,
2Real,OMB,ONR,SR610,,Scar,3,L,7,7,33,37,9,19,5,4232,0,3,12.38,,,,OMB,OMB,ONR,SR610,,Scar,3,L,7,7,,,,,,
PaulEhx,OMB,ONR,SR610,,Scar,3,L,7,7,29,29,15,22,5,3629,3,6,12.38,,,,OMB,,,,,,,,,,,,,,,
Standy,OMB,ONR,SR610,,Scar,3,L,7,7,39,29,11,29,4,4814,2,3,12.38,,,,OMB,,,,,,,,,,,,,,,
Wrecks,OMB,ONR,SR610,,Scar,3,L,7,7,29,29,12,20,4,3675,2,0,12.38,,,,OMB,,,,,,,,,,,,,,,
Alluka,FZF,TBG,SR611,,Scar,3,L,1,5,20,29,6,14,3,2632,0,1,10.00,,,,FZF,FZF,TBG,SR611,,Scar,3,L,1,5,,,,,,
KingAbody,FZF,TBG,SR611,,Scar,3,L,1,5,34,27,9,23,6,3431,0,4,10.00,,,,FZF,,,,,,,,,,,,,,,
KnoX,FZF,TBG,SR611,,Scar,3,L,1,5,24,36,8,10,4,2968,1,1,10.00,,,,FZF,,,,,,,,,,,,,,,
Roxas,FZF,TBG,SR611,,Scar,3,L,1,5,16,33,16,7,2,2776,0,1,10.00,,,,FZF,,,,,,,,,,,,,,,
Abe,TBG,FZF,SR611,,Scar,3,W,5,1,35,23,11,25,5,3702,1,7,10.00,,,,TBG,TBG,FZF,SR611,,Scar,3,W,5,1,,,,,,
Cammy,TBG,FZF,SR611,,Scar,3,W,5,1,29,24,16,21,4,4402,2,1,10.00,,,,TBG,,,,,,,,,,,,,,,
Capsidal,TBG,FZF,SR611,,Scar,3,W,5,1,31,27,11,25,4,3404,1,0,10.00,,,,TBG,,,,,,,,,,,,,,,
Prolute,TBG,FZF,SR611,,Scar,3,W,5,1,29,20,12,23,4,3238,1,3,10.00,,,,TBG,,,,,,,,,,,,,,,
2Real,OMB,TBG,SR612,,Den,3,L,2,4,19,28,6,14,2,2686,0,2,10.53,,,,OMB,OMB,TBG,SR612,,Den,3,L,2,4,,,,,,
PaulEhx,OMB,TBG,SR612,,Den,3,L,2,4,25,23,13,16,4,3569,1,3,10.53,,,,OMB,,,,,,,,,,,,,,,
Standy,OMB,TBG,SR612,,Den,3,L,2,4,22,22,7,16,3,2642,1,2,10.53,,,,OMB,,,,,,,,,,,,,,,
Wrecks,OMB,TBG,SR612,,Den,3,L,2,4,26,28,15,13,2,3459,0,3,10.53,,,,OMB,,,,,,,,,,,,,,,
Abe,TBG,OMB,SR612,,Den,3,W,4,2,29,27,4,20,3,3202,0,7,10.53,,,,TBG,TBG,OMB,SR612,,Den,3,W,4,2,,,,,,
Cammy,TBG,OMB,SR612,,Den,3,W,4,2,21,23,13,14,4,3453,1,2,10.53,,,,TBG,,,,,,,,,,,,,,,
Capsidal,TBG,OMB,SR612,,Den,3,W,4,2,26,21,12,19,3,3485,2,3,10.53,,,,TBG,,,,,,,,,,,,,,,
Prolute,TBG,OMB,SR612,,Den,3,W,4,2,25,21,14,18,4,3369,1,3,10.53,,,,TBG,,,,,,,,,,,,,,,
,,,,,,3,L,,,,,,,,,,,0.00,,,,,,,,,,3,L,,,,,,,,
,,,,,,3,L,,,,,,,,,,,0.00,,,,,,,,,,,,,,,,,,,
,,,,,,3,L,,,,,,,,,,,0.00,,,,,,,,,,,,,,,,,,,
,,,,,,3,L,,,,,,,,,,,0.00,,,,,,,,,,,,,,,,,,,
,,,,,,3,L,,,,,,,,,,,0.00,,,,,,,,,,3,L,,,,,,,,
,,,,,,3,L,,,,,,,,,,,0.00,,,,,,,,,,,,,,,,,,,
,,,,,,3,L,,,,,,,,,,,0.00,,,,,,,,,,,,,,,,,,,
,,,,,,3,L,,,,,,,,,,,0.00,,,,,,,,,,,,,,,,,,,
,,,,,,3,L,,,,,,,,,,,0.00,,,,,,,,,,3,L,,,,,,,,
,,,,,,3,L,,,,,,,,,,,0.00,,,,,,,,,,,,,,,,,,,
,,,,,,3,L,,,,,,,,,,,0.00,,,,,,,,,,,,,,,,,,,
,,,,,,3,L,,,,,,,,,,,0.00,,,,,,,,,,,,,,,,,,,
,,,,,,3,L,,,,,,,,,,,0.00,,,,,,,,,,3,L,,,,,,,,
,,,,,,3,L,,,,,,,,,,,0.00,,,,,,,,,,,,,,,,,,,
,,,,,,3,L,,,,,,,,,,,0.00,,,,,,,,,,,,,,,,,,,
,,,,,,3,L,,,,,,,,,,,0.00,,,,,,,,,,,,,,,,,,,
,,,,,,3,L,,,,,,,,,,,0.00,,,,,,,,,,3,L,,,,,,,,
,,,,,,3,L,,,,,,,,,,,0.00,,,,,,,,,,,,,,,,,,,
,,,,,,3,L,,,,,,,,,,,0.00,,,,,,,,,,,,,,,,,,,
,,,,,,3,L,,,,,,,,,,,0.00,,,,,,,,,,,,,,,,,,,
,,,,,,3,L,,,,,,,,,,,0.00,,,,,,,,,,3,L,,,,,,,,
,,,,,,3,L,,,,,,,,,,,0.00,,,,,,,,,,,,,,,,,,,
,,,,,,3,L,,,,,,,,,,,0.00,,,,,,,,,,,,,,,,,,,
,,,,,,3,L,,,,,,,,,,,0.00,,,,,,,,,,,,,,,,,,,
Aspekt,ONR,TBG,SR613,,Den,3,L,4,5,30,27,10,21,5,3098,2,2,11.32,,,,ONR,ONR,TBG,SR613,,Den,3,L,4,5,,,,,,
Denza,ONR,TBG,SR613,,Den,3,L,4,5,26,28,12,18,4,3574,0,2,11.32,,,,ONR,,,,,,,,,,,,,,,
DK,ONR,TBG,SR613,,Den,3,L,4,5,24,28,12,18,3,3037,0,2,11.32,,,,ONR,,,,,,,,,,,,,,,
Ethan,ONR,TBG,SR613,,Den,3,L,4,5,27,29,12,20,4,3593,2,5,11.32,,,,ONR,,,,,,,,,,,,,,,
Abe,TBG,ONR,SR613,,Den,3,W,5,4,25,30,14,16,4,3682,2,2,11.32,,,,TBG,TBG,ONR,SR613,,Den,3,W,5,4,,,,,,
Cammy,TBG,ONR,SR613,,Den,3,W,5,4,30,26,7,23,5,4459,0,5,11.32,,,,TBG,,,,,,,,,,,,,,,
Capsidal,TBG,ONR,SR613,,Den,3,W,5,4,19,28,9,12,4,2550,3,3,11.32,,,,TBG,,,,,,,,,,,,,,,
Prolute,TBG,ONR,SR613,,Den,3,W,5,4,36,24,8,27,5,4374,0,3,11.32,,,,TBG,,,,,,,,,,,,,,,
,ONR,TBG,SR613,,Scar,6,,,,,,,,,,,,0.00,,,,ONR,ONR,TBG,SR613,,Scar,6,,,,,,,,,
,ONR,TBG,SR613,,Scar,6,,,,,,,,,,,,0.00,,,,ONR,,,,,,,,,,,,,,,
,ONR,TBG,SR613,,Scar,6,,,,,,,,,,,,0.00,,,,ONR,,,,,,,,,,,,,,,
,ONR,TBG,SR613,,Scar,6,,,,,,,,,,,,0.00,,,,ONR,,,,,,,,,,,,,,,
,TBG,ONR,SR613,,Scar,6,,,,,,,,,,,,0.00,,,,TBG,TBG,ONR,SR613,,Scar,6,,,,,,,,,
,TBG,ONR,SR613,,Scar,6,,,,,,,,,,,,0.00,,,,TBG,,,,,,,,,,,,,,,
,TBG,ONR,SR613,,Scar,6,,,,,,,,,,,,0.00,,,,TBG,,,,,,,,,,,,,,,
,TBG,ONR,SR613,,Scar,6,,,,,,,,,,,,0.00,,,,TBG,,,,,,,,,,,,,,,
Scythe,BTD,T1G,SR614,,Den,3,L,3,4,27,28,5,18,3,3443,1,4,10.33,,,,BTD,BTD,T1G,SR614,,Den,3,L,3,4,,,,,,
Rush,BTD,T1G,SR614,,Den,3,L,3,4,26,23,5,17,5,3025,0,3,10.33,,,,BTD,,,,,,,,,,,,,,,
UH,BTD,T1G,SR614,,Den,3,L,3,4,33,25,7,21,3,4076,1,5,10.33,,,,BTD,,,,,,,,,,,,,,,
Clutch,BTD,T1G,SR614,,Den,3,L,3,4,18,27,10,10,2,2310,1,1,10.33,,,,BTD,,,,,,,,,,,,,,,
Ovrlay,T1G,BTD,SR614,,Den,3,W,4,3,18,27,15,11,2,3062,0,1,10.33,,,,T1G,T1G,BTD,SR614,,Den,3,W,4,3,,,,,,
Kez,T1G,BTD,SR614,,Den,3,W,4,3,33,27,14,25,3,4134,2,1,10.33,,,,T1G,,,,,,,,,,,,,,,
Detain,T1G,BTD,SR614,,Den,3,W,4,3,22,25,11,16,6,3246,0,3,10.33,,,,T1G,,,,,,,,,,,,,,,
Disarray,T1G,BTD,SR614,,Den,3,W,4,3,28,26,12,21,3,3438,2,5,10.33,,,,T1G,,,,,,,,,,,,,,,
Lynz,EXC,ROA,SR615,,Den,3,L,3,7,24,24,11,19,8,2965,0,0,10.00,,,,EXC,EXC,ROA,SR615,,Den,3,L,3,7,,,,,,
Breszy,EXC,ROA,SR615,,Den,3,L,3,7,22,24,13,17,4,2941,1,1,10.00,,,,EXC,,,,,,,,,,,,,,,
Mighty,EXC,ROA,SR615,,Den,3,L,3,7,25,25,5,17,3,2945,1,2,10.00,,,,EXC,,,,,,,,,,,,,,,
Cobra,EXC,ROA,SR615,,Den,3,L,3,7,19,22,12,11,6,2409,1,1,10.00,,,,EXC,,,,,,,,,,,,,,,
NotTaad,ROA,EXC,SR615,,Den,3,W,7,3,21,25,8,10,2,2958,2,3,10.00,,,,ROA,ROA,EXC,SR615,,Den,3,W,7,3,,,,,,
Faisal,ROA,EXC,SR615,,Den,3,W,7,3,33,22,1,26,8,3193,2,8,10.00,,,,ROA,,,,,,,,,,,,,,,
Sway,ROA,EXC,SR615,,Den,3,W,7,3,24,18,7,17,5,2948,1,2,10.00,,,,ROA,,,,,,,,,,,,,,,
RealCharm,ROA,EXC,SR615,,Den,3,W,7,3,16,26,13,9,3,2814,2,2,10.00,,,,ROA,,,,,,,,,,,,,,,
Nadox,FRA,ROC,SR616,,Scar,3,L,3,5,35,29,8,23,5,3665,0,2,10.00,,,,FRA,FRA,ROC,SR616,,Scar,3,L,3,5,,,,,,
Lqgend,FRA,ROC,SR616,,Scar,3,L,3,5,22,28,9,15,4,3316,0,0,10.00,,,,FRA,,,,,,,,,,,,,,,
Dany,FRA,ROC,SR616,,Scar,3,L,3,5,26,24,9,18,6,3133,2,5,10.00,,,,FRA,,,,,,,,,,,,,,,
Blade,FRA,ROC,SR616,,Scar,3,L,3,5,19,30,10,9,3,2987,1,1,10.00,,,,FRA,,,,,,,,,,,,,,,
Clox,ROC,FRA,SR616,,Scar,3,W,5,3,33,20,9,25,6,3327,2,3,10.00,,,,ROC,ROC,FRA,SR616,,Scar,3,W,5,3,,,,,,
D7oomx,ROC,FRA,SR616,,Scar,3,W,5,3,27,24,8,23,4,3448,2,2,10.00,,,,ROC,,,,,,,,,,,,,,,
D7om,ROC,FRA,SR616,,Scar,3,W,5,3,22,35,10,11,2,3110,0,3,10.00,,,,ROC,,,,,,,,,,,,,,,
Khhx,ROC,FRA,SR616,,Scar,3,W,5,3,28,25,15,20,5,4117,1,2,10.00,,,,ROC,,,,,,,,,,,,,,,
Ethan,ONR,LIN,SR617,,Den,3,W,8,0,13,10,0,8,6,1535,1,0,4.62,,,,ONR,ONR,LIN,SR617,,Den,3,W,8,0,,,,,,
dk,ONR,LIN,SR617,,Den,3,W,8,0,9,8,4,6,2,1247,4,0,4.62,,,,ONR,,,,,,,,,,,,,,,
Aspekt,ONR,LIN,SR617,,Den,3,W,8,0,16,9,5,13,4,1958,1,0,4.62,,,,ONR,,,,,,,,,,,,,,,
Denza,ONR,LIN,SR617,,Den,3,W,8,0,10,8,3,8,3,1167,2,1,4.62,,,,ONR,,,,,,,,,,,,,,,
JamL,LIN,ONR,SR617,,Den,3,L,0,8,5,12,2,2,1,807,0,1,4.62,,,,LIN,LIN,ONR,SR617,,Den,3,L,0,8,,,,,,
Slade,LIN,ONR,SR617,,Den,3,L,0,8,15,13,2,8,3,1593,0,0,4.62,,,,LIN,,,,,,,,,,,,,,,
Weaths,LIN,ONR,SR617,,Den,3,L,0,8,8,12,2,7,4,1044,0,0,4.62,,,,LIN,,,,,,,,,,,,,,,
D3,LIN,ONR,SR617,,Den,3,L,0,8,7,11,6,6,3,1292,0,0,4.62,,,,LIN,,,,,,,,,,,,,,,
FDot,P7E,ORG,SR618,,Den,3,W,8,1,22,23,13,15,4,3025,1,1,9.13,,,,P7E,P7E,ORG,SR618,,Den,3,W,8,1,,,,,,
Mythix,P7E,ORG,SR618,,Den,3,W,8,1,18,20,7,11,4,2514,2,1,9.13,,,,P7E,,,,,,,,,,,,,,,
Harry,P7E,ORG,SR618,,Den,3,W,8,1,32,18,6,25,6,4111,0,2,9.13,,,,P7E,,,,,,,,,,,,,,,
Henry,P7E,ORG,SR618,,Den,3,W,8,1,27,17,3,21,5,2827,5,1,9.13,,,,P7E,,,,,,,,,,,,,,,
eMiracule,ORG,P7E,SR618,,Den,3,L,1,8,28,27,6,20,5,3252,0,2,9.13,,,,ORG,ORG,P7E,SR618,,Den,3,L,1,8,,,,,,
Early,ORG,P7E,SR618,,Den,3,L,1,8,18,26,4,11,3,2218,0,0,9.13,,,,ORG,,,,,,,,,,,,,,,
Wailers,ORG,P7E,SR618,,Den,3,L,1,8,13,25,16,8,2,2570,0,2,9.13,,,,ORG,,,,,,,,,,,,,,,
Yafty,ORG,P7E,SR618,,Den,3,L,1,8,18,25,10,12,4,2623,1,1,9.13,,,,ORG,,,,,,,,,,,,,,,
Alfa,ASK,ATS,SR619,,Gridlock,3,W,4,0,28,24,15,20,6,4061,1,2,10.08,,,,ASK,ASK,ATS,SR619,,Gridlock,3,W,4,0,,,,,,
Melko,ASK,ATS,SR619,,Gridlock,3,W,4,0,24,23,15,14,4,3000,0,2,10.08,,,,ASK,,,,,,,,,,,,,,,
Depa,ASK,ATS,SR619,,Gridlock,3,W,4,0,29,24,12,15,4,3347,1,1,10.08,,,,ASK,,,,,,,,,,,,,,,
Syqz,ASK,ATS,SR619,,Gridlock,3,W,4,0,34,20,10,22,7,3150,2,2,10.08,,,,ASK,,,,,,,,,,,,,,,
MCoof,ATS,ASK,SR619,,Gridlock,3,L,0,4,21,31,14,15,4,2650,0,4,10.08,,,,ATS,ATS,ASK,SR619,,Gridlock,3,L,0,4,,,,,,
Zyrro,ATS,ASK,SR619,,Gridlock,3,L,0,4,18,28,12,11,3,2236,0,0,10.08,,,,ATS,,,,,,,,,,,,,,,
Virsuh,ATS,ASK,SR619,,Gridlock,3,L,0,4,28,30,11,17,4,3771,0,5,10.08,,,,ATS,,,,,,,,,,,,,,,
Eleven,ATS,ASK,SR619,,Gridlock,3,L,0,4,23,26,8,15,3,2986,0,2,10.08,,,,ATS,,,,,,,,,,,,,,,
Nadox,FRA,EXC,SR620,,Den,3,L,2,1,22,23,6,14,3,3063,1,1,10.05,,,,FRA,FRA,EXC,SR620,,Den,3,L,2,1,,,,,,
Lqgend,FRA,EXC,SR620,,Den,3,L,2,1,21,22,5,12,3,2424,0,1,10.05,,,,FRA,,,,,,,,,,,,,,,
Dany,FRA,EXC,SR620,,Den,3,L,2,1,30,22,7,20,4,3283,0,6,10.05,,,,FRA,,,,,,,,,,,,,,,
Blade,FRA,EXC,SR620,,Den,3,L,2,1,20,29,6,11,2,2619,1,5,10.05,,,,FRA,,,,,,,,,,,,,,,
Lynz,EXC,FRA,SR620,,Den,3,L,1,2,32,25,7,19,4,3442,0,5,10.05,,,,EXC,EXC,FRA,SR620,,Den,3,L,1,2,,,,,,
Breszy,EXC,FRA,SR620,,Den,3,L,1,2,16,24,11,9,2,2122,0,3,10.05,,,,EXC,,,,,,,,,,,,,,,
Mighty,EXC,FRA,SR620,,Den,3,L,1,2,18,24,12,11,3,2530,0,3,10.05,,,,EXC,,,,,,,,,,,,,,,
Cobra,EXC,FRA,SR620,,Den,3,L,1,2,28,24,13,17,3,3324,1,8,10.05,,,,EXC,,,,,,,,,,,,,,,
Alfa,ASK,ROA,SR621,,Scar,3,L,0,7,30,33,11,19,5,3345,0,1,10.00,,,,ASK,ASK,ROA,SR621,,Scar,3,L,0,7,,,,,,
Melko,ASK,ROA,SR621,,Scar,3,L,0,7,33,30,14,21,3,4185,0,3,10.00,,,,ASK,,,,,,,,,,,,,,,
Depa,ASK,ROA,SR621,,Scar,3,L,0,7,26,33,11,15,3,2585,0,0,10.00,,,,ASK,,,,,,,,,,,,,,,
Syqz,ASK,ROA,SR621,,Scar,3,L,0,7,20,31,22,8,2,3030,0,1,10.00,,,,ASK,,,,,,,,,,,,,,,
NotTaad,ROA,ASK,SR621,,Scar,3,W,7,0,34,31,14,18,4,4051,3,1,10.00,,,,ROA,ROA,ASK,SR621,,Scar,3,W,7,0,,,,,,
Faisal,ROA,ASK,SR621,,Scar,3,W,7,0,35,27,6,25,4,3482,2,3,10.00,,,,ROA,,,,,,,,,,,,,,,
Sway,ROA,ASK,SR621,,Scar,3,W,7,0,30,26,13,24,4,3723,1,2,10.00,,,,ROA,,,,,,,,,,,,,,,
RealCharm,ROA,ASK,SR621,,Scar,3,W,7,0,27,27,13,18,3,3670,1,3,10.00,,,,ROA,,,,,,,,,,,,,,,
Clox,ROC,ATS,SR622,,Gridlock,3,W,5,0,26,17,13,22,5,3482,0,1,9.13,,,,ROC,ROC,ATS,SR622,,Gridlock,3,W,5,0,,,,,,
D7oomx,ROC,ATS,SR622,,Gridlock,3,W,5,0,18,19,8,16,2,2540,1,2,9.13,,,,ROC,,,,,,,,,,,,,,,
D7om,ROC,ATS,SR622,,Gridlock,3,W,5,0,27,19,7,19,4,3261,2,1,9.13,,,,ROC,,,,,,,,,,,,,,,
Khhx,ROC,ATS,SR622,,Gridlock,3,W,5,0,23,17,4,15,4,2593,2,3,9.13,,,,ROC,,,,,,,,,,,,,,,
MCoof,ATS,ROC,SR622,,Gridlock,3,L,0,5,18,25,3,12,3,2246,0,3,9.13,,,,ATS,ATS,ROC,SR622,,Gridlock,3,L,0,5,,,,,,
Zyrro,ATS,ROC,SR622,,Gridlock,3,L,0,5,19,24,7,13,3,2949,0,2,9.13,,,,ATS,,,,,,,,,,,,,,,
Virsuh,ATS,ROC,SR622,,Gridlock,3,L,0,5,20,21,5,15,3,2524,0,4,9.13,,,,ATS,,,,,,,,,,,,,,,
Eleven,ATS,ROC,SR622,,Gridlock,3,L,0,5,14,24,11,5,2,2303,0,1,9.13,,,,ATS,,,,,,,,,,,,,,,
eMiracule,ORG,ONR,SR623,,Scar,3,L,1,8,21,25,7,14,5,2419,0,0,7.40,,,,ORG,ORG,ONR,SR623,,Scar,3,L,1,8,,,,,,
Early,ORG,ONR,SR623,,Scar,3,L,1,8,11,25,4,7,3,1669,1,1,7.40,,,,ORG,,,,,,,,,,,,,,,
Wailers,ORG,ONR,SR623,,Scar,3,L,1,8,22,22,10,15,4,2982,0,1,7.40,,,,ORG,,,,,,,,,,,,,,,
Yafty,ORG,ONR,SR623,,Scar,3,L,1,8,19,19,10,15,4,2571,0,2,7.40,,,,ORG,,,,,,,,,,,,,,,
Ethan,ONR,ORG,SR623,,Scar,3,W,8,1,20,21,10,13,2,2858,4,1,7.40,,,,ONR,ONR,ORG,SR623,,Scar,3,W,8,1,,,,,,
dk,ONR,ORG,SR623,,Scar,3,W,8,1,19,20,9,14,5,2764,1,3,7.40,,,,ONR,,,,,,,,,,,,,,,
Aspekt,ONR,ORG,SR623,,Scar,3,W,8,1,25,19,8,15,5,2763,2,0,7.40,,,,ONR,,,,,,,,,,,,,,,
Denza,ONR,ORG,SR623,,Scar,3,W,8,1,26,13,7,23,5,2727,1,1,7.40,,,,ONR,,,,,,,,,,,,,,,
Ovrlay,T1G,P7E,SR624,,Den,3,W,4,2,22,22,12,18,4,2879,0,0,10.00,,,,T1G,T1G,P7E,SR624,,Den,3,W,4,2,,,,,,
Kez,T1G,P7E,SR624,,Den,3,W,4,2,33,24,15,18,4,3809,2,3,10.00,,,,T1G,,,,,,,,,,,,,,,
Detain,T1G,P7E,SR624,,Den,3,W,4,2,26,22,10,21,4,3179,0,1,10.00,,,,T1G,,,,,,,,,,,,,,,
Disarray,T1G,P7E,SR624,,Den,3,W,4,2,23,21,8,17,4,2917,2,5,10.00,,,,T1G,,,,,,,,,,,,,,,
FDot,P7E,T1G,SR624,,Den,3,L,2,4,28,30,7,17,3,3549,0,3,10.00,,,,P7E,P7E,T1G,SR624,,Den,3,L,2,4,,,,,,
Mythix,P7E,T1G,SR624,,Den,3,L,2,4,17,23,10,14,4,2436,2,3,10.00,,,,P7E,,,,,,,,,,,,,,,
Harry,P7E,T1G,SR624,,Den,3,L,2,4,15,26,14,10,3,3203,0,1,10.00,,,,P7E,,,,,,,,,,,,,,,
Henry,P7E,T1G,SR624,,Den,3,L,2,4,28,27,5,18,5,3290,0,2,10.00,,,,P7E,,,,,,,,,,,,,,,
Scythe,BTD,LIN,SR625,,Den,3,W,5,3,36,24,6,22,4,4076,0,5,10.00,,,,BTD,BTD,LIN,SR625,,Den,3,W,5,3,,,,,,
Rush,BTD,LIN,SR625,,Den,3,W,5,3,32,20,9,23,6,4098,3,2,10.00,,,,BTD,,,,,,,,,,,,,,,
UH,BTD,LIN,SR625,,Den,3,W,5,3,21,26,9,12,3,2507,2,2,10.00,,,,BTD,,,,,,,,,,,,,,,
Clutch,BTD,LIN,SR625,,Den,3,W,5,3,22,24,10,13,3,2673,0,4,10.00,,,,BTD,,,,,,,,,,,,,,,
JamaL,LIN,BTD,SR625,,Den,3,L,3,5,22,32,11,13,3,3146,1,2,10.00,,,,LIN,LIN,BTD,SR625,,Den,3,L,3,5,,,,,,
Slade,LIN,BTD,SR625,,Den,3,L,3,5,29,26,11,19,5,3496,0,2,10.00,,,,LIN,,,,,,,,,,,,,,,
Weaths,LIN,BTD,SR625,,Den,3,L,3,5,23,24,12,18,3,2770,1,3,10.00,,,,LIN,,,,,,,,,,,,,,,
D3,LIN,BTD,SR625,,Den,3,L,3,5,17,29,5,9,2,2251,2,2,10.00,,,,LIN,,,,,,,,,,,,,,,
Ruper,FCS,STS,SR626,,Scar,3,L,2,3,19,27,11,11,3,2944,1,3,10.12,,,,FCS,FCS,STS,SR626,,Scar,3,L,2,3,,,,,,
kB,FCS,STS,SR626,,Scar,3,L,2,3,31,24,5,21,7,2974,0,2,10.12,,,,FCS,,,,,,,,,,,,,,,
Iconz,FCS,STS,SR626,,Scar,3,L,2,3,21,29,12,9,3,3118,1,1,10.12,,,,FCS,,,,,,,,,,,,,,,
Gio,FCS,STS,SR626,,Scar,3,L,2,3,23,21,10,19,5,3582,0,2,10.12,,,,FCS,,,,,,,,,,,,,,,
Swooty,STS,FCS,SR626,,Scar,3,W,3,2,25,21,9,21,4,3762,0,1,10.12,,,,STS,STS,FCS,SR626,,Scar,3,W,3,2,,,,,,
Okis,STS,FCS,SR626,,Scar,3,W,3,2,26,23,8,19,7,3344,1,2,10.12,,,,STS,,,,,,,,,,,,,,,
Manny,STS,FCS,SR626,,Scar,3,W,3,2,24,25,16,16,3,3417,1,1,10.12,,,,STS,,,,,,,,,,,,,,,
Skil,STS,FCS,SR626,,Scar,3,W,3,2,26,25,7,21,3,2734,1,2,10.12,,,,STS,,,,,,,,,,,,,,,
Vik,CBL,OMB,SR627,,Gridlock,3,L,2,3,30,26,8,21,5,3394,0,1,10.00,,,,CBL,CBL,OMB,SR627,,Gridlock,3,L,2,3,,,,,,
Flames,CBL,OMB,SR627,,Gridlock,3,L,2,3,18,22,5,12,4,2663,2,3,10.00,,,,CBL,,,,,,,,,,,,,,,
Nemensions,CBL,OMB,SR627,,Gridlock,3,L,2,3,23,22,7,17,2,2978,0,2,10.00,,,,CBL,,,,,,,,,,,,,,,
RSPI,CBL,OMB,SR627,,Gridlock,3,L,2,3,21,25,8,11,3,2955,0,0,10.00,,,,CBL,,,,,,,,,,,,,,,
PaulEhx,OMB,CBL,SR627,,Gridlock,3,W,3,2,23,22,9,16,4,3129,0,2,10.00,,,,OMB,OMB,CBL,SR627,,Gridlock,3,W,3,2,,,,,,
Gwinn,OMB,CBL,SR627,,Gridlock,3,W,3,2,28,22,7,22,4,2885,1,2,10.00,,,,OMB,,,,,,,,,,,,,,,
2ReaL,OMB,CBL,SR627,,Gridlock,3,W,3,2,20,23,12,15,3,2786,2,2,10.00,,,,OMB,,,,,,,,,,,,,,,
Wrecks,OMB,CBL,SR627,,Gridlock,3,W,3,2,21,25,11,15,4,3374,0,1,10.00,,,,OMB,,,,,,,,,,,,,,,
Capsidal,TBG,TRN,SR628,,Den,3,W,3,2,31,21,6,23,8,2917,1,2,10.15,,,,TBG,TBG,TRN,SR628,,Den,3,W,3,2,,,,,,
Prolute,TBG,TRN,SR628,,Den,3,W,3,2,16,32,9,9,2,2920,0,3,10.15,,,,TBG,,,,,,,,,,,,,,,
Cammy,TBG,TRN,SR628,,Den,3,W,3,2,24,27,13,14,2,3601,0,2,10.15,,,,TBG,,,,,,,,,,,,,,,
Traix,TBG,TRN,SR628,,Den,3,W,3,2,19,27,10,13,3,2187,2,2,10.15,,,,TBG,,,,,,,,,,,,,,,
Dak,TRN,TBG,SR628,,Den,3,W,2,3,26,21,8,17,7,3344,0,2,10.15,,,,TRN,TRN,TBG,SR628,,Den,3,W,2,3,,,,,,
TKay,TRN,TBG,SR628,,Den,3,W,2,3,33,23,11,23,5,3568,0,1,10.15,,,,TRN,,,,,,,,,,,,,,,
Hitmxn,TRN,TBG,SR628,,Den,3,W,2,3,19,23,10,13,3,2616,0,1,10.15,,,,TRN,,,,,,,,,,,,,,,
Mince,TRN,TBG,SR628,,Den,3,W,2,3,27,24,13,16,5,3265,2,2,10.15,,,,TRN,,,,,,,,,,,,,,,
Brack,HUN,OTN,SR629,,Gridlock,3,W,5,2,16,21,6,11,3,2078,2,1,10.00,,,,HUN,HUN,OTN,SR629,,Gridlock,3,W,5,2,,,,,,
Johnny,HUN,OTN,SR629,,Gridlock,3,W,5,2,27,18,7,19,10,3252,1,1,10.00,,,,HUN,,,,,,,,,,,,,,,
Renegade,HUN,OTN,SR629,,Gridlock,3,W,5,2,22,17,10,21,4,2945,0,2,10.00,,,,HUN,,,,,,,,,,,,,,,
Owakening,HUN,OTN,SR629,,Gridlock,3,W,5,2,28,17,9,24,4,2790,2,1,10.00,,,,HUN,,,,,,,,,,,,,,,
Couti,OTN,HUN,SR629,,Gridlock,3,L,2,5,17,25,5,15,3,2652,1,3,10.00,,,,OTN,OTN,HUN,SR629,,Gridlock,3,L,2,5,,,,,,
Darksived,OTN,HUN,SR629,,Gridlock,3,L,2,5,19,18,4,15,4,2570,0,4,10.00,,,,OTN,,,,,,,,,,,,,,,
DTG,OTN,HUN,SR629,,Gridlock,3,L,2,5,16,25,6,12,3,2379,1,2,10.00,,,,OTN,,,,,,,,,,,,,,,
cWadz,OTN,HUN,SR629,,Gridlock,3,L,2,5,20,25,3,12,3,2908,0,1,10.00,,,,OTN,,,,,,,,,,,,,,,
ErikBoom,P7N,FUN,SR630,,Scar,3,W,6,2,33,27,10,24,4,4162,2,0,10.03,,,,P7N,P7N,FUN,SR630,,Scar,3,W,6,2,,,,,,
Beans,P7N,FUN,SR630,,Scar,3,W,6,2,31,26,6,20,6,3324,2,3,10.03,,,,P7N,,,,,,,,,,,,,,,
Snoopy,P7N,FUN,SR630,,Scar,3,W,6,2,30,23,11,24,5,3456,1,2,10.03,,,,P7N,,,,,,,,,,,,,,,
DC,P7N,FUN,SR630,,Scar,3,W,6,2,27,24,12,23,5,3671,1,2,10.03,,,,P7N,,,,,,,,,,,,,,,
Arcitys,FUN,P7N,SR630,,Scar,3,L,2,6,22,29,9,13,4,3430,0,2,10.03,,,,FUN,FUN,P7N,SR630,,Scar,3,L,2,6,,,,,,
Uli,FUN,P7N,SR630,,Scar,3,L,2,6,23,33,8,12,3,3029,0,3,10.03,,,,FUN,,,,,,,,,,,,,,,
Asim,FUN,P7N,SR630,,Scar,3,L,2,6,29,30,7,18,5,3849,0,3,10.03,,,,FUN,,,,,,,,,,,,,,,
Mack,FUN,P7N,SR630,,Scar,3,L,2,6,26,29,12,18,4,3425,2,3,10.03,,,,FUN,,,,,,,,,,,,,,,
Nate,BTS,FAC,SR631,,Den,3,W,3,2,25,26,9,15,3,3079,1,1,10.42,,,,BTS,BTS,FAC,SR631,,Den,3,W,3,2,,,,,,
Prodahh,BTS,FAC,SR631,,Den,3,W,3,2,20,23,8,16,4,3051,0,4,10.42,,,,BTS,,,,,,,,,,,,,,,
Peel,BTS,FAC,SR631,,Den,3,W,3,2,28,27,10,20,3,3478,1,5,10.42,,,,BTS,,,,,,,,,,,,,,,
Felo,BTS,FAC,SR631,,Den,3,W,3,2,25,25,10,16,3,3008,1,3,10.42,,,,BTS,,,,,,,,,,,,,,,
Roxas,FAC,BTS,SR631,,Den,3,L,2,3,20,21,11,14,2,2995,0,3,10.42,,,,FAC,FAC,BTS,SR631,,Den,3,L,2,3,,,,,,
Alluka,FAC,BTS,SR631,,Den,3,L,2,3,28,21,8,11,2,3127,0,1,10.42,,,,FAC,,,,,,,,,,,,,,,
Kingabody,FAC,BTS,SR631,,Den,3,L,2,3,22,28,5,14,3,2739,0,3,10.42,,,,FAC,,,,,,,,,,,,,,,
Knox,FAC,BTS,SR631,,Den,3,L,2,3,31,28,10,16,4,3397,2,3,10.42,,,,FAC,,,,,,,,,,,,,,,
Brack,HUN,P7N,SR632,,Scar,3,W,3,2,24,29,13,14,3,3215,0,2,10.28,,,,HUN,HUN,P7N,SR632,,Scar,3,W,3,2,,,,,,
Johnny,HUN,P7N,SR632,,Scar,3,W,3,2,39,29,10,22,4,4037,1,2,10.28,,,,HUN,,,,,,,,,,,,,,,
Renegade,HUN,P7N,SR632,,Scar,3,W,3,2,29,30,13,23,4,3627,1,7,10.28,,,,HUN,,,,,,,,,,,,,,,
Owakening,HUN,P7N,SR632,,Scar,3,W,3,2,19,28,21,14,3,3056,1,6,10.28,,,,HUN,,,,,,,,,,,,,,,
ErikBoom,P7N,HUN,SR632,,Scar,3,W,2,3,30,31,14,21,4,3403,0,2,10.28,,,,P7N,P7N,HUN,SR632,,Scar,3,W,2,3,,,,,,
Beans,P7N,HUN,SR632,,Scar,3,W,2,3,27,30,16,12,3,3751,1,3,10.28,,,,P7N,,,,,,,,,,,,,,,
Snoopy,P7N,HUN,SR632,,Scar,3,W,2,3,24,25,13,17,3,2947,0,2,10.28,,,,P7N,,,,,,,,,,,,,,,
DC,P7N,HUN,SR632,,Scar,3,W,2,3,35,26,8,28,6,3548,1,6,10.28,,,,P7N,,,,,,,,,,,,,,,
Dak,TRN,OMB,SR633,,Exposure,3,L,4,5,15,27,11,9,5,2476,0,2,10.05,,,,TRN,TRN,OMB,SR633,,Exposure,3,L,4,5,,,,,,
TKay,TRN,OMB,SR633,,Exposure,3,L,4,5,24,24,9,16,4,2914,1,6,10.05,,,,TRN,,,,,,,,,,,,,,,
Hitmxn,TRN,OMB,SR633,,Exposure,3,L,4,5,23,23,5,14,3,2732,1,5,10.05,,,,TRN,,,,,,,,,,,,,,,
Mince,TRN,OMB,SR633,,Exposure,3,L,4,5,27,21,7,18,4,2753,2,1,10.05,,,,TRN,,,,,,,,,,,,,,,
PaulEhx,OMB,TRN,SR633,,Exposure,3,W,5,4,29,19,6,21,7,3278,1,1,10.05,,,,OMB,OMB,TRN,SR633,,Exposure,3,W,5,4,,,,,,
Gwinn,OMB,TRN,SR633,,Exposure,3,W,5,4,26,26,10,14,3,2886,1,3,10.05,,,,OMB,,,,,,,,,,,,,,,
2ReaL,OMB,TRN,SR633,,Exposure,3,W,5,4,20,23,12,9,3,2564,2,3,10.05,,,,OMB,,,,,,,,,,,,,,,
Wrecks,OMB,TRN,SR633,,Exposure,3,W,5,4,18,21,13,14,3,2473,1,0,10.05,,,,OMB,,,,,,,,,,,,,,,
Ruper,CBL,FCS,SR634,,Den,3,L,1,4,21,25,6,13,2,2615,1,4,10.27,,,,CBL,CBL,FCS,SR634,,Den,3,L,1,4,,,,,,
kB,CBL,FCS,SR634,,Den,3,L,1,4,27,21,5,22,5,3308,1,3,10.27,,,,CBL,,,,,,,,,,,,,,,
Iconz,CBL,FCS,SR634,,Den,3,L,1,4,24,23,17,17,3,3154,1,4,10.27,,,,CBL,,,,,,,,,,,,,,,
Gio,CBL,FCS,SR634,,Den,3,L,1,4,29,24,14,23,5,3932,1,2,10.27,,,,CBL,,,,,,,,,,,,,,,
Vik,FCS,CBL,SR634,,Den,3,W,4,1,27,26,10,16,4,3548,0,3,10.27,,,,FCS,FCS,CBL,SR634,,Den,3,W,4,1,,,,,,
Flames,FCS,CBL,SR634,,Den,3,W,4,1,16,22,8,11,3,2444,0,0,10.27,,,,FCS,,,,,,,,,,,,,,,
Nemensions,FCS,CBL,SR634,,Den,3,W,4,1,15,29,15,10,3,3064,0,2,10.27,,,,FCS,,,,,,,,,,,,,,,
RSPI,FCS,CBL,SR634,,Den,3,W,4,1,30,25,3,24,4,3148,1,5,10.27,,,,FCS,,,,,,,,,,,,,,,
Couti,OTN,FAC,SR635,,Exposure,3,L,2,4,17,31,10,8,3,2316,0,3,10.00,,,,OTN,OTN,FAC,SR635,,Exposure,3,L,2,4,,,,,,
Darksived,OTN,FAC,SR635,,Exposure,3,L,2,4,22,27,12,17,3,3063,1,2,10.00,,,,OTN,,,,,,,,,,,,,,,
DTG,OTN,FAC,SR635,,Exposure,3,L,2,4,20,28,8,10,3,2393,1,4,10.00,,,,OTN,,,,,,,,,,,,,,,
cWadz,OTN,FAC,SR635,,Exposure,3,L,2,4,17,27,13,13,3,2338,0,2,10.00,,,,OTN,,,,,,,,,,,,,,,
Roxas,FAC,OTN,SR635,,Exposure,3,W,4,2,25,16,7,20,4,2861,1,2,10.00,,,,FAC,FAC,OTN,SR635,,Exposure,3,W,4,2,,,,,,
Alluka,FAC,OTN,SR635,,Exposure,3,W,4,2,30,19,9,17,4,3756,0,3,10.00,,,,FAC,,,,,,,,,,,,,,,
Kingabody,FAC,OTN,SR635,,Exposure,3,W,4,2,29,21,8,17,6,2999,2,3,10.00,,,,FAC,,,,,,,,,,,,,,,
Knox,FAC,OTN,SR635,,Exposure,3,W,4,2,28,20,10,21,6,3223,1,3,10.00,,,,FAC,,,,,,,,,,,,,,,
Swooty,STS,TBG,SR636,,Scar,3,W,4,3,29,22,12,20,4,3499,3,4,10.00,,,,P7N,P7N,TBG,SR459,,Exposure,3,W,4,3,,,,,,
Okis,STS,TBG,SR636,,Scar,3,W,4,3,23,26,13,17,4,3329,1,1,10.00,,,,P7N,,,,,,,,,,,,,,,
Manny,STS,TBG,SR636,,Scar,3,W,4,3,32,29,12,19,7,3493,0,3,10.00,,,,P7N,,,,,,,,,,,,,,,
Skil,STS,TBG,SR636,,Scar,3,W,4,3,33,23,10,24,5,3745,0,1,10.00,,,,P7N,,,,,,,,,,,,,,,
Capsidal,TBG,STS,SR636,,Scar,3,L,3,4,26,28,10,18,5,2909,1,3,10.00,,,,TBG,TBG,P7N,SR459,,Exposure,3,L,3,4,,,,,,
Prolute,TBG,STS,SR636,,Scar,3,L,3,4,20,31,12,10,3,3074,1,1,10.00,,,,TBG,,,,,,,,,,,,,,,
Cammy,TBG,STS,SR636,,Scar,3,L,3,4,25,29,12,18,7,3434,1,2,10.00,,,,TBG,,,,,,,,,,,,,,,
Traix,TBG,STS,SR636,,Scar,3,L,3,4,29,29,8,19,5,3635,0,4,10.00,,,,TBG,,,,,,,,,,,,,,,
Arcitys,FUN,BTS,SR637,,Den,3,W,3,1,22,18,12,18,5,3070,0,3,10.42,,,,FUN,FUN,BTS,SR637,,Den,3,W,3,1,,,,,,
Uli,FUN,BTS,SR637,,Den,3,W,3,1,27,29,11,15,4,3003,1,2,10.42,,,,FUN,,,,,,,,,,,,,,,
Asim,FUN,BTS,SR637,,Den,3,W,3,1,22,24,13,15,3,3176,1,0,10.42,,,,FUN,,,,,,,,,,,,,,,
Mack,FUN,BTS,SR637,,Den,3,W,3,1,29,26,12,21,4,3666,1,3,10.42,,,,FUN,,,,,,,,,,,,,,,
Nate,BTS,FUN,SR637,,Den,3,L,1,3,21,25,8,13,4,2582,1,4,10.42,,,,BTS,BTS,FUN,SR637,,Den,3,L,1,3,,,,,,
Prodahh,BTS,FUN,SR637,,Den,3,L,1,3,27,27,7,12,4,2928,0,2,10.42,,,,BTS,,,,,,,,,,,,,,,
Peel,BTS,FUN,SR637,,Den,3,L,1,3,31,27,9,19,4,3989,0,1,10.42,,,,BTS,,,,,,,,,,,,,,,
Felo,BTS,FUN,SR637,,Den,3,L,1,3,17,22,10,11,2,3245,0,0,10.42,,,,BTS,,,,,,,,,,,,,,,
FDot,P7E,ONR,SR638,,Den,3,L,1,6,30,31,14,19,3,3653,0,3,10.13,,,,P7E,P7E,ONR,SR638,,Den,3,L,1,6,,,,,,
Mythix,P7E,ONR,SR638,,Den,3,L,1,6,23,29,10,11,3,2986,0,1,10.13,,,,P7E,,,,,,,,,,,,,,,
Harry,P7E,ONR,SR638,,Den,3,L,1,6,26,28,14,14,3,4118,0,1,10.13,,,,P7E,,,,,,,,,,,,,,,
Henry,P7E,ONR,SR638,,Den,3,L,1,6,24,26,5,16,3,2506,1,4,10.13,,,,P7E,,,,,,,,,,,,,,,
Ethan,ONR,P7E,SR638,,Den,3,W,6,1,27,27,7,15,4,3052,1,2,10.13,,,,ONR,ONR,P7E,SR638,,Den,3,W,6,1,,,,,,
dk,ONR,P7E,SR638,,Den,3,W,6,1,26,22,11,18,5,3068,3,0,10.13,,,,ONR,,,,,,,,,,,,,,,
Aspekt,ONR,P7E,SR638,,Den,3,W,6,1,35,27,11,22,5,3995,2,2,10.13,,,,ONR,,,,,,,,,,,,,,,
Denza,ONR,P7E,SR638,,Den,3,W,6,1,25,28,13,14,4,3635,0,4,10.13,,,,ONR,,,,,,,,,,,,,,,
Clox,ROC,ROA,SR639,,Scar,3,W,6,3,33,18,10,24,6,3608,3,0,10.28,,,,ROC,ROC,ROA,SR639,,Scar,3,W,6,3,,,,,,
D7oomx,ROC,ROA,SR639,,Scar,3,W,6,3,26,24,13,19,7,3533,0,1,10.28,,,,ROC,,,,,,,,,,,,,,,
D7om,ROC,ROA,SR639,,Scar,3,W,6,3,27,25,6,15,4,3171,2,1,10.28,,,,ROC,,,,,,,,,,,,,,,
Khhx,ROC,ROA,SR639,,Scar,3,W,6,3,26,22,16,18,5,3437,1,1,10.28,,,,ROC,,,,,,,,,,,,,,,
NotTaad,ROA,ROC,SR639,,Scar,3,L,3,6,25,32,13,12,2,3449,0,3,10.28,,,,ROA,ROA,ROC,SR639,,Scar,3,L,3,6,,,,,,
Faisal,ROA,ROC,SR639,,Scar,3,L,3,6,23,28,9,18,4,2757,0,1,10.28,,,,ROA,,,,,,,,,,,,,,,
Sway,ROA,ROC,SR639,,Scar,3,L,3,6,18,26,12,9,2,2361,1,2,10.28,,,,ROA,,,,,,,,,,,,,,,
RealCharm,ROA,ROC,SR639,,Scar,3,L,3,6,23,26,11,17,5,2939,2,0,10.28,,,,ROA,,,,,,,,,,,,,,,
Nadox,FRA,ATS,SR640,,Den,3,W,4,3,25,28,12,19,3,3398,0,2,10.33,,,,FRA,FRA,ATS,SR640,,Den,3,W,4,3,,,,,,
Lqgend,FRA,ATS,SR640,,Den,3,W,4,3,26,23,8,18,5,3283,1,3,10.33,,,,FRA,,,,,,,,,,,,,,,
Dany,FRA,ATS,SR640,,Den,3,W,4,3,35,25,10,25,5,3748,2,7,10.33,,,,FRA,,,,,,,,,,,,,,,
Blade,FRA,ATS,SR640,,Den,3,W,4,3,23,31,14,12,2,2750,1,1,10.33,,,,FRA,,,,,,,,,,,,,,,
MCoof,ATS,FRA,SR640,,Den,3,L,3,4,31,31,9,17,4,3868,0,3,10.33,,,,ATS,ATS,FRA,SR640,,Den,3,L,3,4,,,,,,
Zyrro,ATS,FRA,SR640,,Den,3,L,3,4,20,29,19,13,2,2783,1,2,10.33,,,,ATS,,,,,,,,,,,,,,,
Virsuh,ATS,FRA,SR640,,Den,3,L,3,4,30,22,13,22,5,3810,1,2,10.33,,,,ATS,,,,,,,,,,,,,,,
Eleven,ATS,FRA,SR640,,Den,3,L,3,4,25,27,9,15,2,3308,1,5,10.33,,,,ATS,,,,,,,,,,,,,,,
Lynz,EXC,ASK,SR641,,Scar,3,L,3,5,15,22,8,13,2,2443,0,1,7.53,,,,EXC,EXC,ASK,SR641,,Scar,3,L,3,5,,,,,,
Breszy,EXC,ASK,SR641,,Scar,3,L,3,5,15,19,11,5,2,2299,1,2,7.53,,,,EXC,,,,,,,,,,,,,,,
Mighty,EXC,ASK,SR641,,Scar,3,L,3,5,23,20,8,15,4,2647,2,0,7.53,,,,EXC,,,,,,,,,,,,,,,
Cobra,EXC,ASK,SR641,,Scar,3,L,3,5,16,22,7,12,3,2051,0,1,7.53,,,,EXC,,,,,,,,,,,,,,,
Alfa,ASK,EXC,SR641,,Scar,3,W,5,3,17,16,10,13,4,2266,2,1,7.53,,,,ASK,ASK,EXC,SR641,,Scar,3,W,5,3,,,,,,
Melko,ASK,EXC,SR641,,Scar,3,W,5,3,27,19,5,16,5,2725,2,1,7.53,,,,ASK,,,,,,,,,,,,,,,
Depa,ASK,EXC,SR641,,Scar,3,W,5,3,17,18,8,11,3,2171,0,0,7.53,,,,ASK,,,,,,,,,,,,,,,
Syqz,ASK,EXC,SR641,,Scar,3,W,5,3,21,16,8,17,3,2727,1,1,7.53,,,,ASK,,,,,,,,,,,,,,,
eMiracule,ORG,BTD,SR642,,Exposure,3,L,4,7,27,26,10,19,3,3075,1,2,9.85,,,,ORG,ORG,BTD,SR642,,Exposure,3,L,4,7,,,,,,
Early,ORG,BTD,SR642,,Exposure,3,L,4,7,22,28,8,11,3,2617,2,2,9.85,,,,ORG,,,,,,,,,,,,,,,
Wailers,ORG,BTD,SR642,,Exposure,3,L,4,7,29,24,11,22,4,3808,1,3,9.85,,,,ORG,,,,,,,,,,,,,,,
Yafty,ORG,BTD,SR642,,Exposure,3,L,4,7,19,29,6,11,3,2568,0,1,9.85,,,,ORG,,,,,,,,,,,,,,,
Scythe,BTD,ORG,SR642,,Exposure,3,W,7,4,31,23,9,22,4,3747,1,3,9.85,,,,BTD,BTD,ORG,SR642,,Exposure,3,W,7,4,,,,,,
Rush,BTD,ORG,SR642,,Exposure,3,W,7,4,24,26,5,18,4,2543,2,1,9.85,,,,BTD,,,,,,,,,,,,,,,
UH,BTD,ORG,SR642,,Exposure,3,W,7,4,28,23,8,18,5,3393,1,5,9.85,,,,BTD,,,,,,,,,,,,,,,
Clutch,BTD,ORG,SR642,,Exposure,3,W,7,4,24,26,12,14,5,3333,3,3,9.85,,,,BTD,,,,,,,,,,,,,,,
JamaL,LIN,T1G,SR643,,Den,3,L,3,8,17,24,4,7,4,2355,1,2,7.97,,,,LIN,LIN,T1G,SR643,,Den,3,L,3,8,,,,,,
Slade,LIN,T1G,SR643,,Den,3,L,3,8,11,25,6,7,3,1838,0,1,7.97,,,,LIN,,,,,,,,,,,,,,,
Weaths,LIN,T1G,SR643,,Den,3,L,3,8,18,21,6,11,3,2502,2,1,7.97,,,,LIN,,,,,,,,,,,,,,,
D3,LIN,T1G,SR643,,Den,3,L,3,8,12,26,6,9,3,2202,0,0,7.97,,,,LIN,,,,,,,,,,,,,,,
Ovrlay,T1G,LIN,SR643,,Den,3,W,8,3,22,15,8,16,7,2565,3,1,7.97,,,,T1G,T1G,LIN,SR643,,Den,3,W,8,3,,,,,,
Kez,T1G,LIN,SR643,,Den,3,W,8,3,28,17,8,22,7,3219,1,2,7.97,,,,T1G,,,,,,,,,,,,,,,
Detain,T1G,LIN,SR643,,Den,3,W,8,3,26,12,6,22,8,2596,0,1,7.97,,,,T1G,,,,,,,,,,,,,,,
Disarray,T1G,LIN,SR643,,Den,3,W,8,3,20,15,9,17,5,2685,4,1,7.97,,,,T1G,,,,,,,,,,,,,,,
Clox,ROC,EXC,SR644,,Scar,3,W,6,3,21,27,11,14,3,2825,2,2,10.00,,,,ROC,ROC,EXC,SR644,,Scar,3,W,6,3,,,,,,
D7oomx,ROC,EXC,SR644,,Scar,3,W,6,3,37,22,6,25,5,3604,2,2,10.00,,,,ROC,,,,,,,,,,,,,,,
D7om,ROC,EXC,SR644,,Scar,3,W,6,3,22,31,10,12,3,3207,1,1,10.00,,,,ROC,,,,,,,,,,,,,,,
Khhx,ROC,EXC,SR644,,Scar,3,W,6,3,34,25,13,24,5,3791,1,4,10.00,,,,ROC,,,,,,,,,,,,,,,
Lynz,EXC,ROC,SR644,,Scar,3,L,3,6,23,29,9,17,4,2841,2,1,10.00,,,,EXC,EXC,ROC,SR644,,Scar,3,L,3,6,,,,,,
Breszy,EXC,ROC,SR644,,Scar,3,L,3,6,30,26,10,20,4,3612,1,3,10.00,,,,EXC,,,,,,,,,,,,,,,
Mighty,EXC,ROC,SR644,,Scar,3,L,3,6,20,32,12,12,6,2857,0,1,10.00,,,,EXC,,,,,,,,,,,,,,,
Cobra,EXC,ROC,SR644,,Scar,3,L,3,6,29,28,10,18,3,3307,0,1,10.00,,,,EXC,,,,,,,,,,,,,,,
Nadox,FRA,ASK,SR645,,Scar,3,W,4,3,26,30,7,17,3,3739,2,1,11.30,,,,FRA,FRA,ASK,SR645,,Scar,3,W,4,3,,,,,,
Lqgend,FRA,ASK,SR645,,Scar,3,W,4,3,20,28,15,13,5,2847,0,2,11.30,,,,FRA,,,,,,,,,,,,,,,
Dany,FRA,ASK,SR645,,Scar,3,W,4,3,31,21,8,22,8,3702,1,4,11.30,,,,FRA,,,,,,,,,,,,,,,
Blade,FRA,ASK,SR645,,Scar,3,W,4,3,22,29,8,15,3,3500,1,0,11.30,,,,FRA,,,,,,,,,,,,,,,
Alfa,ASK,FRA,SR645,,Scar,3,L,3,4,25,22,8,18,7,3834,0,3,11.30,,,,ASK,ASK,FRA,SR645,,Scar,3,L,3,4,,,,,,
Melko,ASK,FRA,SR645,,Scar,3,L,3,4,32,25,9,24,6,3629,0,1,11.30,,,,ASK,,,,,,,,,,,,,,,
Depa,ASK,FRA,SR645,,Scar,3,L,3,4,27,29,9,16,3,3122,0,3,11.30,,,,ASK,,,,,,,,,,,,,,,
Syqz,ASK,FRA,SR645,,Scar,3,L,3,4,24,23,16,20,3,3808,3,2,11.30,,,,ASK,,,,,,,,,,,,,,,
MCoof,ATS,ROA,SR646,,Den,3,W,5,3,25,30,8,16,3,2702,1,3,10.03,,,,ATS,ATS,ROA,SR646,,Den,3,W,5,3,,,,,,
Zyrro,ATS,ROA,SR646,,Den,3,W,5,3,27,24,12,19,3,3115,2,3,10.03,,,,ATS,,,,,,,,,,,,,,,
Virsuh,ATS,ROA,SR646,,Den,3,W,5,3,33,25,10,20,6,3996,0,2,10.03,,,,ATS,,,,,,,,,,,,,,,
Eleven,ATS,ROA,SR646,,Den,3,W,5,3,20,27,12,13,3,3255,2,0,10.03,,,,ATS,,,,,,,,,,,,,,,
NotTaad,ROA,ATS,SR646,,Den,3,L,3,5,36,25,13,24,5,4479,1,2,10.03,,,,ROA,ROA,ATS,SR646,,Den,3,L,3,5,,,,,,
Faisal,ROA,ATS,SR646,,Den,3,L,3,5,24,29,10,10,3,3275,0,3,10.03,,,,ROA,,,,,,,,,,,,,,,
Sway,ROA,ATS,SR646,,Den,3,L,3,5,24,28,8,15,3,2517,1,3,10.03,,,,ROA,,,,,,,,,,,,,,,
RealCharm,ROA,ATS,SR646,,Den,3,L,3,5,22,26,10,16,5,2892,1,0,10.03,,,,ROA,,,,,,,,,,,,,,,
Ovrlay,T1G,ONR,SR647,,Scar,3,L,0,4,21,28,17,15,2,3166,0,0,10.07,,,,T1G,T1G,ONR,SR647,,Scar,3,L,0,4,,,,,,
Kez,T1G,ONR,SR647,,Scar,3,L,0,4,28,33,14,16,3,3884,0,2,10.07,,,,T1G,,,,,,,,,,,,,,,
Detain,T1G,ONR,SR647,,Scar,3,L,0,4,24,26,9,19,4,3167,0,2,10.07,,,,T1G,,,,,,,,,,,,,,,
Disarray,T1G,ONR,SR647,,Scar,3,L,0,4,27,31,8,17,5,2845,0,3,10.07,,,,T1G,,,,,,,,,,,,,,,
Ethan,ONR,T1G,SR647,,Scar,3,W,4,0,29,25,13,20,4,3794,0,3,10.07,,,,ONR,ONR,T1G,SR647,,Scar,3,W,4,0,,,,,,
dk,ONR,T1G,SR647,,Scar,3,W,4,0,30,27,10,21,5,3977,2,2,10.07,,,,ONR,,,,,,,,,,,,,,,
Aspekt,ONR,T1G,SR647,,Scar,3,W,4,0,31,23,9,24,5,3572,1,4,10.07,,,,ONR,,,,,,,,,,,,,,,
Denza,ONR,T1G,SR647,,Scar,3,W,4,0,27,25,6,20,6,3225,1,1,10.07,,,,ONR,,,,,,,,,,,,,,,
FDot,P7E,BTD,SR648,,Den,3,L,7,1,23,20,9,14,3,2805,2,2,9.03,,,,P7E,P7E,BTD,SR648,,Den,3,L,7,1,,,,,,
Mythix,P7E,BTD,SR648,,Den,3,L,7,1,33,23,4,22,6,3783,1,0,9.03,,,,P7E,,,,,,,,,,,,,,,
Harry,P7E,BTD,SR648,,Den,3,L,7,1,21,15,8,16,6,2865,1,0,9.03,,,,P7E,,,,,,,,,,,,,,,
Henry,P7E,BTD,SR648,,Den,3,L,7,1,24,22,6,17,3,3159,3,1,9.03,,,,P7E,,,,,,,,,,,,,,,
Scythe,BTD,P7E,SR648,,Den,3,L,1,7,18,25,9,12,4,2805,1,0,9.03,,,,BTD,BTD,P7E,SR648,,Den,3,L,1,7,,,,,,
Rush,BTD,P7E,SR648,,Den,3,L,1,7,23,23,13,17,4,3005,0,0,9.03,,,,BTD,,,,,,,,,,,,,,,
UH,BTD,P7E,SR648,,Den,3,L,1,7,15,27,11,11,4,2276,0,0,9.03,,,,BTD,,,,,,,,,,,,,,,
Clutch,BTD,P7E,SR648,,Den,3,L,1,7,24,26,7,13,4,2558,0,1,9.03,,,,BTD,,,,,,,,,,,,,,,
eMiracule,ORG,LIN,SR649,,Scar,3,W,5,4,42,42,15,28,5,4756,3,5,13.73,,,,ORG,ORG,LIN,SR649,,Scar,3,W,5,4,,,,,,
Early,ORG,LIN,SR649,,Scar,3,W,5,4,36,40,16,23,3,4280,1,4,13.73,,,,ORG,,,,,,,,,,,,,,,
Wailers,ORG,LIN,SR649,,Scar,3,W,5,4,34,29,20,26,5,5285,0,2,13.73,,,,ORG,,,,,,,,,,,,,,,
Yafty,ORG,LIN,SR649,,Scar,3,W,5,4,34,27,21,26,5,4697,2,4,13.73,,,,ORG,,,,,,,,,,,,,,,
JamaL,LIN,ORG,SR649,,Scar,3,L,4,5,29,34,18,19,3,3711,3,2,13.73,,,,LIN,LIN,ORG,SR649,,Scar,3,L,4,5,,,,,,
Slade,LIN,ORG,SR649,,Scar,3,L,4,5,35,39,10,18,3,4427,0,3,13.73,,,,LIN,,,,,,,,,,,,,,,
Weaths,LIN,ORG,SR649,,Scar,3,L,4,5,41,33,8,32,6,5087,1,5,13.73,,,,LIN,,,,,,,,,,,,,,,
D3,LIN,ORG,SR649,,Scar,3,L,4,5,33,41,10,20,3,4111,0,2,13.73,,,,LIN,,,,,,,,,,,,,,,
Nate,BTS,P7N,SR650,,Den,3,L,3,4,17,23,14,2,3,2873,1,2,10.62,,,,BTS,BTS,P7N,SR650,,Den,3,L,3,4,,,,,,
Prodahh,BTS,P7N,SR650,,Den,3,L,3,4,27,24,6,20,4,3493,0,1,10.62,,,,BTS,,,,,,,,,,,,,,,
Peel,BTS,P7N,SR650,,Den,3,L,3,4,27,23,2,21,3,3101,1,2,10.62,,,,BTS,,,,,,,,,,,,,,,
Felo,BTS,P7N,SR650,,Den,3,L,3,4,19,22,11,14,4,3134,1,1,10.62,,,,BTS,,,,,,,,,,,,,,,
ErikBoom,P7N,BTS,SR650,,Den,3,W,4,3,25,25,6,19,3,3010,1,1,10.62,,,,P7N,P7N,BTS,SR650,,Den,3,W,4,3,,,,,,
Beans,P7N,BTS,SR650,,Den,3,W,4,3,20,24,11,13,3,3233,3,2,10.62,,,,P7N,,,,,,,,,,,,,,,
Snoopy,P7N,BTS,SR650,,Den,3,W,4,3,23,21,9,18,5,3340,0,1,10.62,,,,P7N,,,,,,,,,,,,,,,
DC,P7N,BTS,SR650,,Den,3,W,4,3,23,21,5,18,4,2878,0,2,10.62,,,,P7N,,,,,,,,,,,,,,,
Vik,CBL,TBG,SR651,,Scar,3,L,3,7,28,30,15,18,6,3554,0,4,10.03,,,,CBL,CBL,TBG,SR651,,Scar,3,L,3,7,,,,,,
Flames,CBL,TBG,SR651,,Scar,3,L,3,7,26,27,10,17,2,2904,1,3,10.03,,,,CBL,,,,,,,,,,,,,,,
Nemensions,CBL,TBG,SR651,,Scar,3,L,3,7,22,28,17,17,3,3299,2,2,10.03,,,,CBL,,,,,,,,,,,,,,,
RSPI,CBL,TBG,SR651,,Scar,3,L,3,7,29,34,8,14,3,3372,0,1,10.03,,,,CBL,,,,,,,,,,,,,,,
Capsidal,TBG,CBL,SR651,,Scar,3,W,7,3,30,25,14,21,5,4018,1,1,10.03,,,,TBG,TBG,CBL,SR651,,Scar,3,W,7,3,,,,,,
Prolute,TBG,CBL,SR651,,Scar,3,W,7,3,27,29,13,15,4,3612,1,1,10.03,,,,TBG,,,,,,,,,,,,,,,
Cammy,TBG,CBL,SR651,,Scar,3,W,7,3,30,25,14,17,4,4007,2,1,10.03,,,,TBG,,,,,,,,,,,,,,,
Traix,TBG,CBL,SR651,,Scar,3,W,7,3,30,27,7,23,3,3053,3,5,10.03,,,,TBG,,,,,,,,,,,,,,,
Ruper,FCS,OMB,SR652,,Gridlock,3,W,2,1,29,31,9,18,2,3601,1,4,14.02,,,,FCS,FCS,OMB,SR652,,Gridlock,3,W,2,1,,,,,,
kB,FCS,OMB,SR652,,Gridlock,3,W,2,1,36,29,14,25,3,4278,0,3,14.02,,,,FCS,,,,,,,,,,,,,,,
Iconz,FCS,OMB,SR652,,Gridlock,3,W,2,1,31,31,12,22,3,3589,1,3,14.02,,,,FCS,,,,,,,,,,,,,,,
Gio,FCS,OMB,SR652,,Gridlock,3,W,2,1,32,28,14,25,4,4267,0,4,14.02,,,,FCS,,,,,,,,,,,,,,,
PaulEhx,OMB,FCS,SR652,,Gridlock,3,L,1,2,40,29,13,28,5,4618,0,4,14.02,,,,OMB,OMB,FCS,SR652,,Gridlock,3,L,1,2,,,,,,
Gwinn,OMB,FCS,SR652,,Gridlock,3,L,1,2,28,38,7,14,4,3621,1,0,14.02,,,,OMB,,,,,,,,,,,,,,,
2ReaL,OMB,FCS,SR652,,Gridlock,3,L,1,2,20,31,10,12,3,2572,0,3,14.02,,,,OMB,,,,,,,,,,,,,,,
Wrecks,OMB,FCS,SR652,,Gridlock,3,L,1,2,30,30,14,20,4,3991,0,1,14.02,,,,OMB,,,,,,,,,,,,,,,
Brack,HUN,FAC,SR653,,Scar,3,L,1,3,19,27,8,12,3,2822,0,2,10.22,,,,HUN,HUN,FAC,SR653,,Scar,3,L,1,3,,,,,,
Johnny,HUN,FAC,SR653,,Scar,3,L,1,3,27,26,15,21,4,426,1,1,10.22,,,,HUN,,,,,,,,,,,,,,,
Renegade,HUN,FAC,SR653,,Scar,3,L,1,3,30,21,3,23,7,2948,0,2,10.22,,,,HUN,,,,,,,,,,,,,,,
Owakening,HUN,FAC,SR653,,Scar,3,L,1,3,20,30,17,11,3,3050,0,1,10.22,,,,HUN,,,,,,,,,,,,,,,
Roxas,FAC,HUN,SR653,,Scar,3,W,3,1,17,25,8,10,3,2056,1,2,10.22,,,,FAC,FAC,HUN,SR653,,Scar,3,W,3,1,,,,,,
Alluka,FAC,HUN,SR653,,Scar,3,W,3,1,30,25,9,20,5,4109,1,0,10.22,,,,FAC,,,,,,,,,,,,,,,
Kingabody,FAC,HUN,SR653,,Scar,3,W,3,1,28,27,8,18,4,3301,0,2,10.22,,,,FAC,,,,,,,,,,,,,,,
Knox,FAC,HUN,SR653,,Scar,3,W,3,1,26,19,7,21,4,3587,1,3,10.22,,,,FAC,,,,,,,,,,,,,,,
Couti,OTN,FUN,SR654,,Den,3,W,1,5,14,25,7,8,4,2051,1,2,10.18,,,,OTN,OTN,FUN,SR654,,Den,3,W,1,5,,,,,,
Darksived,OTN,FUN,SR654,,Den,3,W,1,5,20,24,8,14,3,2684,0,2,10.18,,,,OTN,,,,,,,,,,,,,,,
DTG,OTN,FUN,SR654,,Den,3,W,1,5,22,20,4,16,5,2602,0,4,10.18,,,,OTN,,,,,,,,,,,,,,,
cWadz,OTN,FUN,SR654,,Den,3,W,1,5,20,21,6,14,3,3198,0,1,10.18,,,,OTN,,,,,,,,,,,,,,,
Arcitys,FUN,OTN,SR654,,Den,3,W,5,1,24,20,7,16,3,2746,1,5,10.18,,,,FUN,FUN,OTN,SR654,,Den,3,W,5,1,,,,,,
Uli,FUN,OTN,SR654,,Den,3,W,5,1,24,19,8,18,3,3093,1,1,10.18,,,,FUN,,,,,,,,,,,,,,,
Asim,FUN,OTN,SR654,,Den,3,W,5,1,19,19,9,17,4,2794,0,0,10.18,,,,FUN,,,,,,,,,,,,,,,
Mack,FUN,OTN,SR654,,Den,3,W,5,1,23,18,9,18,4,2966,3,3,10.18,,,,FUN,,,,,,,,,,,,,,,
Swooty,STS,TRN,SR655,,Exposure,3,W,2,8,13,24,7,7,4,2472,1,1,7.70,,,,STS,STS,TRN,SR655,,Exposure,3,W,2,8,,,,,,
Okis,STS,TRN,SR655,,Exposure,3,W,2,8,12,22,4,6,3,1639,0,1,7.70,,,,STS,,,,,,,,,,,,,,,
Manny,STS,TRN,SR655,,Exposure,3,W,2,8,15,22,5,9,3,2026,1,2,7.70,,,,STS,,,,,,,,,,,,,,,
Skil,STS,TRN,SR655,,Exposure,3,W,2,8,12,20,6,7,3,1679,0,0,7.70,,,,STS,,,,,,,,,,,,,,,
Dak,TRN,STS,SR655,,Exposure,3,W,8,2,29,10,3,25,8,2881,1,1,7.70,,,,TRN,TRN,STS,SR655,,Exposure,3,W,8,2,,,,,,
TKay,TRN,STS,SR655,,Exposure,3,W,8,2,23,13,8,17,5,2471,3,1,7.70,,,,TRN,,,,,,,,,,,,,,,
Hitmxn,TRN,STS,SR655,,Exposure,3,W,8,2,16,15,9,12,3,2072,4,1,7.70,,,,TRN,,,,,,,,,,,,,,,
Mince,TRN,STS,SR655,,Exposure,3,W,8,2,20,15,9,16,4,2396,0,2,7.70,,,,TRN,,,,,,,,,,,,,,,
PaulEhx,OMB,TBG,SR656,,Gridlock,3,L,3,5,26,23,8,20,4,3328,1,1,10.00,,,,OMB,OMB,TBG,SR656,,Gridlock,3,L,3,5,,,,,,
Gwinn,OMB,TBG,SR656,,Gridlock,3,L,3,5,16,31,11,10,3,2527,0,2,10.00,,,,OMB,,,,,,,,,,,,,,,
2ReaL,OMB,TBG,SR656,,Gridlock,3,L,3,5,23,25,8,16,4,3356,1,4,10.00,,,,OMB,,,,,,,,,,,,,,,
Wrecks,OMB,TBG,SR656,,Gridlock,3,L,3,5,16,23,7,12,3,2376,1,0,10.00,,,,OMB,,,,,,,,,,,,,,,
Capsidal,TBG,OMB,SR656,,Gridlock,3,W,5,3,34,16,7,31,6,3480,1,2,10.00,,,,TBG,TBG,OMB,SR656,,Gridlock,3,W,5,3,,,,,,
Prolute,TBG,OMB,SR656,,Gridlock,3,W,5,3,16,23,13,9,3,2735,2,0,10.00,,,,TBG,,,,,,,,,,,,,,,
Cammy,TBG,OMB,SR656,,Gridlock,3,W,5,3,25,19,11,20,5,3580,1,2,10.00,,,,TBG,,,,,,,,,,,,,,,
Traix,TBG,OMB,SR656,,Gridlock,3,W,5,3,26,23,5,19,3,3107,1,0,10.00,,,,TBG,,,,,,,,,,,,,,,
Swooty,STS,CBL,SR657,,Exposure,3,L,4,5,26,34,10,14,3,3836,4,3,13.15,,,,STS,STS,CBL,SR657,,Exposure,3,L,4,5,,,,,,
Okis,STS,CBL,SR657,,Exposure,3,L,4,5,38,31,9,28,5,4981,0,5,13.15,,,,STS,,,,,,,,,,,,,,,
Manny,STS,CBL,SR657,,Exposure,3,L,4,5,28,31,8,18,3,3752,1,6,13.15,,,,STS,,,,,,,,,,,,,,,
Skil,STS,CBL,SR657,,Exposure,3,L,4,5,25,29,6,16,5,3394,0,2,13.15,,,,STS,,,,,,,,,,,,,,,
Vik,CBL,STS,SR657,,Exposure,3,W,5,4,41,31,8,30,5,4321,3,4,13.15,,,,CBL,CBL,STS,SR657,,Exposure,3,W,5,4,,,,,,
Flames,CBL,STS,SR657,,Exposure,3,W,5,4,27,28,13,22,4,3507,1,5,13.15,,,,CBL,,,,,,,,,,,,,,,
Nemensions,CBL,STS,SR657,,Exposure,3,W,5,4,26,28,12,19,2,3924,1,2,13.15,,,,CBL,,,,,,,,,,,,,,,
RSPI,CBL,STS,SR657,,Exposure,3,W,5,4,31,30,9,24,7,3991,0,4,13.15,,,,CBL,,,,,,,,,,,,,,,
Ruper,FCS,TRN,SR658,,Den,3,W,3,2,22,23,12,15,3,3083,1,1,10.47,,,,FCS,FCS,TRN,SR658,,Den,3,W,3,2,,,,,,
kB,FCS,TRN,SR658,,Den,3,W,3,2,14,28,12,9,3,2162,1,1,10.47,,,,FCS,,,,,,,,,,,,,,,
Iconz,FCS,TRN,SR658,,Den,3,W,3,2,32,23,3,26,4,3768,1,5,10.47,,,,FCS,,,,,,,,,,,,,,,
Gio,FCS,TRN,SR658,,Den,3,W,3,2,23,21,13,17,3,3021,0,2,10.47,,,,FCS,,,,,,,,,,,,,,,
Dak,TRN,FCS,SR658,,Den,3,L,2,3,17,21,12,13,4,2408,2,3,10.47,,,,TRN,TRN,FCS,SR658,,Den,3,L,2,3,,,,,,
TKay,TRN,FCS,SR658,,Den,3,L,2,3,17,26,9,9,3,2510,0,0,10.47,,,,TRN,,,,,,,,,,,,,,,
Hitmxn,TRN,FCS,SR658,,Den,3,L,2,3,26,23,12,15,2,3760,0,1,10.47,,,,TRN,,,,,,,,,,,,,,,
Mince,TRN,FCS,SR658,,Den,3,L,2,3,33,22,10,21,6,3479,0,2,10.47,,,,TRN,,,,,,,,,,,,,,,
Arcitys,FUN,FAC,SR659,,Exposure,3,L,4,5,24,23,11,20,6,3110,0,2,10.05,,,,FUN,FUN,FAC,SR659,,Exposure,3,L,4,5,,,,,,
Uli,FUN,FAC,SR659,,Exposure,3,L,4,5,25,21,7,16,4,3057,1,2,10.05,,,,FUN,,,,,,,,,,,,,,,
Asim,FUN,FAC,SR659,,Exposure,3,L,4,5,20,26,9,10,3,2761,2,0,10.05,,,,FUN,,,,,,,,,,,,,,,
Mack,FUN,FAC,SR659,,Exposure,3,L,4,5,13,23,8,10,2,2115,1,0,10.05,,,,FUN,,,,,,,,,,,,,,,
Roxas,FAC,FUN,SR659,,Exposure,3,W,5,4,23,19,12,15,3,3073,3,4,10.05,,,,FAC,FAC,FUN,SR659,,Exposure,3,W,5,4,,,,,,
Alluka,FAC,FUN,SR659,,Exposure,3,W,5,4,25,22,7,17,4,2620,2,0,10.05,,,,FAC,,,,,,,,,,,,,,,
Kingabody,FAC,FUN,SR659,,Exposure,3,W,5,4,24,19,9,19,4,3153,0,3,10.05,,,,FAC,,,,,,,,,,,,,,,
Knox,FAC,FUN,SR659,,Exposure,3,W,5,4,21,24,12,9,3,2854,0,1,10.05,,,,FAC,,,,,,,,,,,,,,,
Couti,OTN,P7N,SR660,,Exposure,3,L,2,7,11,23,10,10,3,2033,0,1,8.27,,,,OTN,OTN,P7N,SR660,,Exposure,3,L,2,7,,,,,,
Darksived,OTN,P7N,SR660,,Exposure,3,L,2,7,19,20,5,11,3,2271,0,2,8.27,,,,OTN,,,,,,,,,,,,,,,
DTG,OTN,P7N,SR660,,Exposure,3,L,2,7,19,21,4,8,3,2061,2,1,8.27,,,,OTN,,,,,,,,,,,,,,,
cWadz,OTN,P7N,SR660,,Exposure,3,L,2,7,20,17,4,16,4,2160,0,2,8.27,,,,OTN,,,,,,,,,,,,,,,
ErikBoom,P7N,OTN,SR660,,Exposure,3,W,7,2,17,22,9,11,2,2223,2,0,8.27,,,,P7N,P7N,OTN,SR660,,Exposure,3,W,7,2,,,,,,
Beans,P7N,OTN,SR660,,Exposure,3,W,7,2,20,16,7,16,4,2803,2,0,8.27,,,,P7N,,,,,,,,,,,,,,,
Snoopy,P7N,OTN,SR660,,Exposure,3,W,7,2,28,17,5,18,5,2873,2,1,8.27,,,,P7N,,,,,,,,,,,,,,,
DC,P7N,OTN,SR660,,Exposure,3,W,7,2,15,14,6,11,4,1950,1,0,8.27,,,,P7N,,,,,,,,,,,,,,,
Brack,HUN,BTS,SR661,,Den,3,L,1,8,15,27,9,8,2,2597,0,1,7.98,,,,HUN,HUN,BTS,SR661,,Den,3,L,1,8,,,,,,
Johnny,HUN,BTS,SR661,,Den,3,L,1,8,15,22,5,9,3,2073,0,2,7.98,,,,HUN,,,,,,,,,,,,,,,
Renegade,HUN,BTS,SR661,,Den,3,L,1,8,13,27,4,8,3,1646,1,0,7.98,,,,HUN,,,,,,,,,,,,,,,
Owakening,HUN,BTS,SR661,,Den,3,L,1,8,16,23,4,9,3,2645,0,2,7.98,,,,HUN,,,,,,,,,,,,,,,
Nate,BTS,HUN,SR661,,Den,3,W,8,1,26,13,6,21,6,3077,1,1,7.98,,,,BTS,BTS,HUN,SR661,,Den,3,W,8,1,,,,,,
Prodahh,BTS,HUN,SR661,,Den,3,W,8,1,26,12,10,23,7,2709,2,1,7.98,,,,BTS,,,,,,,,,,,,,,,
Peel,BTS,HUN,SR661,,Den,3,W,8,1,20,22,12,12,3,2210,2,1,7.98,,,,BTS,,,,,,,,,,,,,,,
Felo,BTS,HUN,SR661,,Den,3,W,8,1,25,12,7,23,7,2640,3,1,7.98,,,,BTS,,,,,,,,,,,,,,,
Nadox,FRA,ROA,SR662,,Den,3,W,5,3,,,,,,,,,0.00,,,,FRA,FRA,ROA,SR662,,Den,3,W,5,3,,,,,,
Lqgend,FRA,ROA,SR662,,Den,3,W,5,3,,,,,,,,,0.00,,,,FRA,,,,,,,,,,,,,,,
Dany,FRA,ROA,SR662,,Den,3,W,5,3,,,,,,,,,0.00,,,,FRA,,,,,,,,,,,,,,,
Blade,FRA,ROA,SR662,,Den,3,W,5,3,,,,,,,,,0.00,,,,FRA,,,,,,,,,,,,,,,
NotTaad,ROA,FRA,SR662,,Den,3,L,3,5,,,,,,,,,0.00,,,,ROA,ROA,FRA,SR662,,Den,3,L,3,5,,,,,,
Faisal,ROA,FRA,SR662,,Den,3,L,3,5,,,,,,,,,0.00,,,,ROA,,,,,,,,,,,,,,,
Sway,ROA,FRA,SR662,,Den,3,L,3,5,,,,,,,,,0.00,,,,ROA,,,,,,,,,,,,,,,
RealCharm,ROA,FRA,SR662,,Den,3,L,3,5,,,,,,,,,0.00,,,,ROA,,,,,,,,,,,,,,,
Clox,ROC,ASK,SR663,,Scar,3,L,2,5,20,29,10,12,2,2706,0,2,10.45,,,,ROC,ROC,ASK,SR663,,Scar,3,L,2,5,,,,,,
D7oomx,ROC,ASK,SR663,,Scar,3,L,2,5,22,28,6,14,3,3336,0,2,10.45,,,,ROC,,,,,,,,,,,,,,,
D7om,ROC,ASK,SR663,,Scar,3,L,2,5,26,32,8,13,3,3366,1,2,10.45,,,,ROC,,,,,,,,,,,,,,,
Khhx,ROC,ASK,SR663,,Scar,3,L,2,5,38,26,9,28,6,4511,1,1,10.45,,,,ROC,,,,,,,,,,,,,,,
Alfa,ASK,ROC,SR663,,Scar,3,W,5,2,27,26,16,16,4,3386,0,4,10.45,,,,ASK,ASK,ROC,SR663,,Scar,3,W,5,2,,,,,,
Melko,ASK,ROC,SR663,,Scar,3,W,5,2,31,27,11,20,3,3989,1,6,10.45,,,,ASK,,,,,,,,,,,,,,,
Depa,ASK,ROC,SR663,,Scar,3,W,5,2,22,28,8,17,3,2497,2,4,10.45,,,,ASK,,,,,,,,,,,,,,,
Syqz,ASK,ROC,SR663,,Scar,3,W,5,2,34,25,14,21,4,3984,2,3,10.45,,,,ASK,,,,,,,,,,,,,,,
Lynz,EXC,ATS,SR664,,Den,3,W,6,0,34,19,8,27,4,3385,0,3,9.32,,,,EXC,EXC,ATS,SR664,,Den,3,W,6,0,,,,,,
Breszy,EXC,ATS,SR664,,Den,3,W,6,0,28,19,8,20,6,3353,0,1,9.32,,,,EXC,,,,,,,,,,,,,,,
Mighty,EXC,ATS,SR664,,Den,3,W,6,0,16,24,9,10,4,2376,3,1,9.32,,,,EXC,,,,,,,,,,,,,,,
Cobra,EXC,ATS,SR664,,Den,3,W,6,0,22,24,12,13,5,3212,3,0,9.32,,,,EXC,,,,,,,,,,,,,,,
MCoof,ATS,EXC,SR664,,Den,3,L,0,6,21,25,9,12,4,2946,0,2,9.32,,,,ATS,ATS,EXC,SR664,,Den,3,L,0,6,,,,,,
Zyrro,ATS,EXC,SR664,,Den,3,L,0,6,20,27,13,13,4,2724,0,4,9.32,,,,ATS,,,,,,,,,,,,,,,
Virsuh,ATS,EXC,SR664,,Den,3,L,0,6,24,21,6,19,6,2944,0,2,9.32,,,,ATS,,,,,,,,,,,,,,,
Eleven,ATS,EXC,SR664,,Den,3,L,0,6,21,28,9,16,4,2931,0,3,9.32,,,,ATS,,,,,,,,,,,,,,,
Ovrlay,T1G,ORG,SR665,,Scar,3,W,5,2,28,21,15,23,5,3188,4,3,10.00,,,,T1G,T1G,ORG,SR665,,Scar,3,W,5,2,,,,,,
Kez,T1G,ORG,SR665,,Scar,3,W,5,2,27,29,18,15,4,3906,0,1,10.00,,,,T1G,,,,,,,,,,,,,,,
Detain,T1G,ORG,SR665,,Scar,3,W,5,2,23,24,8,15,3,3218,0,2,10.00,,,,T1G,,,,,,,,,,,,,,,
Disarray,T1G,ORG,SR665,,Scar,3,W,5,2,28,25,12,18,3,3310,1,4,10.00,,,,T1G,,,,,,,,,,,,,,,
eMiracule,ORG,T1G,SR665,,Scar,3,L,2,5,17,33,15,10,2,2944,1,1,10.00,,,,ORG,ORG,T1G,SR665,,Scar,3,L,2,5,,,,,,
Early,ORG,T1G,SR665,,Scar,3,L,2,5,19,28,9,10,3,2342,1,2,10.00,,,,ORG,,,,,,,,,,,,,,,
Wailers,ORG,T1G,SR665,,Scar,3,L,2,5,34,23,8,23,5,4011,0,3,10.00,,,,ORG,,,,,,,,,,,,,,,
Yafty,ORG,T1G,SR665,,Scar,3,L,2,5,25,22,4,21,4,2908,0,1,10.00,,,,ORG,,,,,,,,,,,,,,,
Ethan,ONR,BTD,SR666,,Scar,3,W,5,0,25,16,9,18,4,2567,3,3,7.30,,,,ONR,ONR,BTD,SR666,,Scar,3,W,5,0,,,,,,
dk,ONR,BTD,SR666,,Scar,3,W,5,0,25,20,9,16,4,3115,0,3,7.30,,,,ONR,,,,,,,,,,,,,,,
Aspekt,ONR,BTD,SR666,,Scar,3,W,5,0,31,19,5,21,6,3225,2,1,7.30,,,,ONR,,,,,,,,,,,,,,,
Denza,ONR,BTD,SR666,,Scar,3,W,5,0,16,20,10,9,3,2435,0,0,7.30,,,,ONR,,,,,,,,,,,,,,,
Scythe,BTD,ONR,SR666,,Scar,3,L,0,5,15,26,12,7,3,2225,0,0,7.30,,,,BTD,BTD,ONR,SR666,,Scar,3,L,0,5,,,,,,
Rush,BTD,ONR,SR666,,Scar,3,L,0,5,26,20,11,17,4,2999,0,2,7.30,,,,BTD,,,,,,,,,,,,,,,
UH,BTD,ONR,SR666,,Scar,3,L,0,5,14,25,14,6,3,2306,0,1,7.30,,,,BTD,,,,,,,,,,,,,,,
Clutch,BTD,ONR,SR666,,Scar,3,L,0,5,20,26,7,8,2,2143,0,3,7.30,,,,BTD,,,,,,,,,,,,,,,
JamaL,LIN,P7E,SR667,,Den,3,L,0,8,14,20,5,9,2,2450,0,2,8.48,,,,LIN,LIN,P7E,SR667,,Den,3,L,0,8,,,,,,
Slade,LIN,P7E,SR667,,Den,3,L,0,8,21,19,3,13,4,2467,0,3,8.48,,,,LIN,,,,,,,,,,,,,,,
Weaths,LIN,P7E,SR667,,Den,3,L,0,8,14,19,4,9,2,2139,0,1,8.48,,,,LIN,,,,,,,,,,,,,,,
D3,LIN,P7E,SR667,,Den,3,L,0,8,14,26,5,11,2,2332,0,2,8.48,,,,LIN,,,,,,,,,,,,,,,
FDot,P7E,LIN,SR667,,Den,3,W,8,0,25,13,4,22,7,2445,1,0,8.48,,,,P7E,P7E,LIN,SR667,,Den,3,W,8,0,,,,,,
Mythix,P7E,LIN,SR667,,Den,3,W,8,0,20,18,12,15,5,2898,2,1,8.48,,,,P7E,,,,,,,,,,,,,,,
Harry,P7E,LIN,SR667,,Den,3,W,8,0,17,13,13,14,2,2400,2,1,8.48,,,,P7E,,,,,,,,,,,,,,,
Henry,P7E,LIN,SR667,,Den,3,W,8,0,19,19,7,14,5,2691,3,0,8.48,,,,P7E,,,,,,,,,,,,,,,
PaulEhx,OMB,STS,SR668,,Den,3,W,2,1,23,21,12,16,4,2886,1,1,10.15,,,,OMB,OMB,STS,SR668,,Den,3,W,2,1,,,,,,
Gwinn,OMB,STS,SR668,,Den,3,W,2,1,21,23,6,16,4,2818,1,4,10.15,,,,OMB,,,,,,,,,,,,,,,
2ReaL,OMB,STS,SR668,,Den,3,W,2,1,29,23,8,21,3,2992,0,2,10.15,,,,OMB,,,,,,,,,,,,,,,
Wrecks,OMB,STS,SR668,,Den,3,W,2,1,27,20,16,20,6,3859,0,2,10.15,,,,OMB,,,,,,,,,,,,,,,
Swooty,STS,OMB,SR668,,Den,3,L,1,2,29,27,5,22,4,3161,0,3,10.15,,,,STS,STS,OMB,SR668,,Den,3,L,1,2,,,,,,
Okis,STS,OMB,SR668,,Den,3,L,1,2,18,24,12,11,4,3435,0,4,10.15,,,,STS,,,,,,,,,,,,,,,
Manny,STS,OMB,SR668,,Den,3,L,1,2,18,26,13,11,3,2774,1,3,10.15,,,,STS,,,,,,,,,,,,,,,
Skil,STS,OMB,SR668,,Den,3,L,1,2,22,25,10,14,3,3063,0,0,10.15,,,,STS,,,,,,,,,,,,,,,
Vik,CBL,TRN,SR669,,Den,3,W,8,0,36,19,10,32,6,4060,0,2,9.67,,,,CBL,CBL,TRN,SR669,,Den,3,W,8,0,,,,,,
Flames,CBL,TRN,SR669,,Den,3,W,8,0,28,17,12,23,9,3446,2,3,9.67,,,,CBL,,,,,,,,,,,,,,,
Nemensions,CBL,TRN,SR669,,Den,3,W,8,0,30,19,11,21,3,4033,2,3,9.67,,,,CBL,,,,,,,,,,,,,,,
RSPI,CBL,TRN,SR669,,Den,3,W,8,0,19,22,2,14,4,2325,4,2,9.67,,,,CBL,,,,,,,,,,,,,,,
Dak,TRN,CBL,SR669,,Den,3,L,0,8,29,26,8,19,5,3561,0,7,9.67,,,,TRN,TRN,CBL,SR669,,Den,3,L,0,8,,,,,,
TKay,TRN,CBL,SR669,,Den,3,L,0,8,22,30,8,11,3,3521,0,2,9.67,,,,TRN,,,,,,,,,,,,,,,
Hitmxn,TRN,CBL,SR669,,Den,3,L,0,8,9,27,3,5,1,1743,0,2,9.67,,,,TRN,,,,,,,,,,,,,,,
Mince,TRN,CBL,SR669,,Den,3,L,0,8,17,31,8,12,4,2771,0,1,9.67,,,,TRN,,,,,,,,,,,,,,,
Capsidal,TBG,FCS,SR670,,Scar,3,W,6,2,26,27,14,16,5,3030,2,2,10.05,,,,TBG,TBG,FCS,SR670,,Scar,3,W,6,2,,,,,,
Prolute,TBG,FCS,SR670,,Scar,3,W,6,2,33,22,14,24,6,4490,0,5,10.05,,,,TBG,,,,,,,,,,,,,,,
Cammy,TBG,FCS,SR670,,Scar,3,W,6,2,25,31,12,15,3,3220,1,2,10.05,,,,TBG,,,,,,,,,,,,,,,
Traix,TBG,FCS,SR670,,Scar,3,W,6,2,32,27,12,21,6,3425,3,3,10.05,,,,TBG,,,,,,,,,,,,,,,
Ruper,FCS,TBG,SR670,,Scar,3,W,2,6,30,29,8,18,4,3097,0,1,10.05,,,,FCS,FCS,TBG,SR670,,Scar,3,W,2,6,,,,,,
kB,FCS,TBG,SR670,,Scar,3,W,2,6,23,33,14,12,3,3671,1,5,10.05,,,,FCS,,,,,,,,,,,,,,,
Iconz,FCS,TBG,SR670,,Scar,3,W,2,6,24,29,13,14,3,3595,0,5,10.05,,,,FCS,,,,,,,,,,,,,,,
Gio,FCS,TBG,SR670,,Scar,3,W,2,6,30,26,12,20,4,3410,1,2,10.05,,,,FCS,,,,,,,,,,,,,,,
ErikBoom,P7N,FAC,SR671,,Den,3,W,5,4,35,30,11,28,5,4432,1,1,13.30,,,,P7N,P7N,FAC,SR671,,Den,3,W,5,4,,,,,,
Beans,P7N,FAC,SR671,,Den,3,W,5,4,30,29,11,19,5,4315,2,5,13.30,,,,P7N,,,,,,,,,,,,,,,
Snoopy,P7N,FAC,SR671,,Den,3,W,5,4,36,31,8,24,5,4549,2,3,13.30,,,,P7N,,,,,,,,,,,,,,,
DC,P7N,FAC,SR671,,Den,3,W,5,4,23,35,13,16,4,3329,0,3,13.30,,,,P7N,,,,,,,,,,,,,,,
Roxas,FAC,P7N,SR671,,Den,3,L,4,5,26,30,15,17,7,3690,1,2,13.30,,,,FAC,FAC,P7N,SR671,,Den,3,L,4,5,,,,,,
Alluka,FAC,P7N,SR671,,Den,3,L,4,5,25,29,10,18,3,3295,1,3,13.30,,,,FAC,,,,,,,,,,,,,,,
Kingabody,FAC,P7N,SR671,,Den,3,L,4,5,29,35,12,20,3,3731,2,3,13.30,,,,FAC,,,,,,,,,,,,,,,
Knox,FAC,P7N,SR671,,Den,3,L,4,5,44,31,13,31,6,5434,0,7,13.30,,,,FAC,,,,,,,,,,,,,,,
Arcitys,FUN,HUN,SR672,,Exposure,3,L,3,4,19,26,10,12,4,2536,3,2,11.82,,,,FUN,FUN,HUN,SR672,,Exposure,3,L,3,4,,,,,,
Uli,FUN,HUN,SR672,,Exposure,3,L,3,4,30,26,10,23,4,3556,1,6,11.82,,,,FUN,,,,,,,,,,,,,,,
Asim,FUN,HUN,SR672,,Exposure,3,L,3,4,27,27,15,17,3,3809,0,4,11.82,,,,FUN,,,,,,,,,,,,,,,
Mack,FUN,HUN,SR672,,Exposure,3,L,3,4,21,31,8,10,2,2920,0,2,11.82,,,,FUN,,,,,,,,,,,,,,,
Brack,HUN,FUN,SR672,,Exposure,3,W,4,3,28,27,11,20,4,3115,2,1,11.82,,,,HUN,HUN,FUN,SR672,,Exposure,3,W,4,3,,,,,,
Johnny,HUN,FUN,SR672,,Exposure,3,W,4,3,32,20,4,25,8,3722,0,1,11.82,,,,HUN,,,,,,,,,,,,,,,
Renegade,HUN,FUN,SR672,,Exposure,3,W,4,3,22,27,8,17,7,2875,1,1,11.82,,,,HUN,,,,,,,,,,,,,,,
Owakening,HUN,FUN,SR672,,Exposure,3,W,4,3,27,25,8,17,3,3363,1,2,11.82,,,,HUN,,,,,,,,,,,,,,,
Nate,BTS,OTN,SR673,,Scar,3,W,4,3,26,24,20,18,4,3467,0,3,10.08,,,,BTS,BTS,OTN,SR673,,Scar,3,W,4,3,,,,,,
Prodahh,BTS,OTN,SR673,,Scar,3,W,4,3,30,24,5,22,4,3055,1,4,10.08,,,,BTS,,,,,,,,,,,,,,,
Peel,BTS,OTN,SR673,,Scar,3,W,4,3,27,29,8,17,3,2955,2,0,10.08,,,,BTS,,,,,,,,,,,,,,,
Felo,BTS,OTN,SR673,,Scar,3,W,4,3,28,22,16,20,4,4190,1,2,10.08,,,,BTS,,,,,,,,,,,,,,,
Couti,OTN,BTS,SR673,,Scar,3,L,3,4,18,33,6,8,2,3098,0,1,10.08,,,,OTN,OTN,BTS,SR673,,Scar,3,L,3,4,,,,,,
Darksived,OTN,BTS,SR673,,Scar,3,L,3,4,24,26,14,13,3,3183,0,0,10.08,,,,OTN,,,,,,,,,,,,,,,
DTG,OTN,BTS,SR673,,Scar,3,L,3,4,28,26,5,20,2,3261,2,2,10.08,,,,OTN,,,,,,,,,,,,,,,
cWadz,OTN,BTS,SR673,,Scar,3,L,3,4,27,26,8,17,4,3381,1,3,10.08,,,,OTN,,,,,,,,,,,,,,,
FDot,P7E,EXC,SR674,,Den,3,L,1,4,23,30,13,14,3,3159,1,4,10.23,,,,P7E,P7E,EXC,SR674,,Den,3,L,1,4,,,,,,
Mythix,P7E,EXC,SR674,,Den,3,L,1,4,33,25,10,21,4,3030,0,3,10.23,,,,P7E,,,,,,,,,,,,,,,
Harry,P7E,EXC,SR674,,Den,3,L,1,4,23,24,7,13,3,3370,0,2,10.23,,,,P7E,,,,,,,,,,,,,,,
Henry,P7E,EXC,SR674,,Den,3,L,1,4,22,24,16,16,2,3125,0,1,10.23,,,,P7E,,,,,,,,,,,,,,,
Lynz,EXC,P7E,SR674,,Den,3,W,4,1,23,27,14,12,4,2919,2,1,10.23,,,,EXC,EXC,P7E,SR674,,Den,3,W,4,1,,,,,,
Breszy,EXC,P7E,SR674,,Den,3,W,4,1,34,26,12,24,4,3843,1,6,10.23,,,,EXC,,,,,,,,,,,,,,,
Mighty,EXC,P7E,SR674,,Den,3,W,4,1,27,26,9,20,6,3173,1,3,10.23,,,,EXC,,,,,,,,,,,,,,,
Cobra,EXC,P7E,SR674,,Den,3,W,4,1,18,24,12,13,3,2623,0,3,10.23,,,,EXC,,,,,,,,,,,,,,,
Ethan,ONR,FRA,SR675,,Den,3,L,8,1,23,11,6,17,9,2287,3,3,6.30,,,,ONR,ONR,FRA,SR675,,Den,3,L,8,1,,,,,,
dk,ONR,FRA,SR675,,Den,3,L,8,1,20,11,6,19,4,2752,1,1,6.30,,,,ONR,,,,,,,,,,,,,,,
Aspekt,ONR,FRA,SR675,,Den,3,L,8,1,19,13,6,15,4,2649,2,1,6.30,,,,ONR,,,,,,,,,,,,,,,
Denza,ONR,FRA,SR675,,Den,3,L,8,1,16,12,8,11,5,2121,2,1,6.30,,,,ONR,,,,,,,,,,,,,,,
Nadox,FRA,ONR,SR675,,Den,3,L,1,8,12,21,8,5,3,2125,1,1,6.30,,,,FRA,FRA,ONR,SR675,,Den,3,L,1,8,,,,,,
Lqgend,FRA,ONR,SR675,,Den,3,L,1,8,7,20,4,5,2,1052,0,1,6.30,,,,FRA,,,,,,,,,,,,,,,
Dany,FRA,ONR,SR675,,Den,3,L,1,8,13,18,3,10,2,1661,0,2,6.30,,,,FRA,,,,,,,,,,,,,,,
Blade,FRA,ONR,SR675,,Den,3,L,1,8,14,22,7,8,3,1791,0,3,6.30,,,,FRA,,,,,,,,,,,,,,,
Alfa,ASK,ORG,SR676,,Exposure,3,W,8,0,18,13,8,13,5,2389,2,1,7.48,,,,ASK,ASK,ORG,SR676,,Exposure,3,W,8,0,,,,,,
Melko,ASK,ORG,SR676,,Exposure,3,W,8,0,21,13,5,16,4,2334,2,1,7.48,,,,ASK,,,,,,,,,,,,,,,
Depa,ASK,ORG,SR676,,Exposure,3,W,8,0,15,12,4,11,2,1948,1,2,7.48,,,,ASK,,,,,,,,,,,,,,,
Syqz,ASK,ORG,SR676,,Exposure,3,W,8,0,24,16,4,15,4,2698,3,2,7.48,,,,ASK,,,,,,,,,,,,,,,
eMiracule,ORG,ASK,SR676,,Exposure,3,L,0,8,12,23,10,8,2,1655,0,2,7.48,,,,ORG,ORG,ASK,SR676,,Exposure,3,L,0,8,,,,,,
Early,ORG,ASK,SR676,,Exposure,3,L,0,8,12,22,4,9,3,1795,0,2,7.48,,,,ORG,,,,,,,,,,,,,,,
Wailers,ORG,ASK,SR676,,Exposure,3,L,0,8,17,16,6,13,3,2404,0,0,7.48,,,,ORG,,,,,,,,,,,,,,,
5LF,ORG,ASK,SR676,,Exposure,3,L,0,8,11,19,5,7,3,1855,0,1,7.48,,,,ORG,,,,,,,,,,,,,,,
Clox,ROC,BTD,SR677,,Gridlock,3,L,2,6,12,15,3,8,3,1339,1,2,8.75,,,,ROC,ROC,BTD,SR677,,Gridlock,3,L,2,6,,,,,,
D7oomx,ROC,BTD,SR677,,Gridlock,3,L,2,6,19,25,7,12,4,2657,0,1,8.75,,,,ROC,,,,,,,,,,,,,,,
D7om,ROC,BTD,SR677,,Gridlock,3,L,2,6,16,23,10,12,3,2652,1,3,8.75,,,,ROC,,,,,,,,,,,,,,,
Khhx,ROC,BTD,SR677,,Gridlock,3,L,2,6,25,23,8,15,4,2988,0,3,8.75,,,,ROC,,,,,,,,,,,,,,,
Scythe,BTD,ROC,SR677,,Gridlock,3,W,6,2,26,17,10,17,5,3557,0,1,8.75,,,,BTD,BTD,ROC,SR677,,Gridlock,3,W,6,2,,,,,,
Rush,BTD,ROC,SR677,,Gridlock,3,W,6,2,24,17,4,18,3,2545,3,4,8.75,,,,BTD,,,,,,,,,,,,,,,
UH,BTD,ROC,SR677,,Gridlock,3,W,6,2,22,20,7,16,4,2719,1,0,8.75,,,,BTD,,,,,,,,,,,,,,,
Clutch,BTD,ROC,SR677,,Gridlock,3,W,6,2,17,19,7,12,4,2146,2,1,8.75,,,,BTD,,,,,,,,,,,,,,,
Scythe,BTD,EXC,SR678,,Gridlock,3,L,0,2,27,29,4,11,3,3251,0,0,10.05,,,,BTD,BTD,EXC,SR678,,Gridlock,3,L,0,2,,,,,,
Rush,BTD,EXC,SR678,,Gridlock,3,L,0,2,20,23,5,14,3,2840,0,5,10.05,,,,BTD,,,,,,,,,,,,,,,
UH,BTD,EXC,SR678,,Gridlock,3,L,0,2,22,28,5,13,4,2573,0,1,10.05,,,,BTD,,,,,,,,,,,,,,,
Clutch,BTD,EXC,SR678,,Gridlock,3,L,0,2,19,24,4,12,0,2463,0,1,10.05,,,,BTD,,,,,,,,,,,,,,,
Lynz,EXC,BTD,SR678,,Gridlock,3,W,2,0,22,25,13,14,4,3122,0,0,10.05,,,,EXC,EXC,BTD,SR678,,Gridlock,3,W,2,0,,,,,,
Breszy,EXC,BTD,SR678,,Gridlock,3,W,2,0,16,26,13,13,3,2593,0,4,10.05,,,,EXC,,,,,,,,,,,,,,,
Mighty,EXC,BTD,SR678,,Gridlock,3,W,2,0,34,21,11,26,7,3626,1,2,10.05,,,,EXC,,,,,,,,,,,,,,,
Cobra,EXC,BTD,SR678,,Gridlock,3,W,2,0,31,16,5,25,5,3143,1,4,10.05,,,,EXC,,,,,,,,,,,,,,,
Nadox,FRA,ORG,SR679,,Den,3,W,5,2,16,25,11,12,3,2589,2,4,10.03,,,,FRA,FRA,ORG,SR679,,Den,3,W,5,2,,,,,,
Lqgend,FRA,ORG,SR679,,Den,3,W,5,2,32,19,5,23,5,3735,1,6,10.03,,,,FRA,,,,,,,,,,,,,,,
Dany,FRA,ORG,SR679,,Den,3,W,5,2,29,20,13,20,5,3438,1,8,10.03,,,,FRA,,,,,,,,,,,,,,,
Blade,FRA,ORG,SR679,,Den,3,W,5,2,25,27,8,18,4,2794,1,4,10.03,,,,FRA,,,,,,,,,,,,,,,
eMiracule,ORG,FRA,SR679,,Den,3,L,2,5,23,29,6,17,5,2870,0,1,10.03,,,,ORG,ORG,FRA,SR679,,Den,3,L,2,5,,,,,,
Early,ORG,FRA,SR679,,Den,3,L,2,5,19,28,4,10,3,2519,1,6,10.03,,,,ORG,,,,,,,,,,,,,,,
Wailers,ORG,FRA,SR679,,Den,3,L,2,5,22,24,16,17,3,3209,0,4,10.03,,,,ORG,,,,,,,,,,,,,,,
Yafty,ORG,FRA,SR679,,Den,3,L,2,5,26,22,8,18,6,3177,1,4,10.03,,,,ORG,,,,,,,,,,,,,,,
FDot,P7E,ROC,SR680,,Scar,3,W,3,1,26,31,11,16,4,3491,1,2,10.00,,,,P7E,P7E,ROC,SR680,,Scar,3,W,3,1,,,,,,
Mythix,P7E,ROC,SR680,,Scar,3,W,3,1,35,27,9,21,5,3716,1,4,10.00,,,,P7E,,,,,,,,,,,,,,,
Harry,P7E,ROC,SR680,,Scar,3,W,3,1,32,20,14,22,5,4010,1,2,10.00,,,,P7E,,,,,,,,,,,,,,,
Henry,P7E,ROC,SR680,,Scar,3,W,3,1,23,27,8,14,3,2953,0,3,10.00,,,,P7E,,,,,,,,,,,,,,,
Clox,ROC,P7E,SR680,,Scar,3,L,1,3,18,33,20,8,2,3285,0,4,10.00,,,,ROC,ROC,P7E,SR680,,Scar,3,L,1,3,,,,,,
D7oomx,ROC,P7E,SR680,,Scar,3,L,1,3,31,26,8,23,3,3476,0,1,10.00,,,,ROC,,,,,,,,,,,,,,,
D7om,ROC,P7E,SR680,,Scar,3,L,1,3,27,28,12,15,4,2954,1,2,10.00,,,,ROC,,,,,,,,,,,,,,,
Khhx,ROC,P7E,SR680,,Scar,3,L,1,3,28,29,19,19,3,3088,0,3,10.00,,,,ROC,,,,,,,,,,,,,,,
Alfa,ASK,ONR,SR681,,Scar,3,L,2,7,19,21,7,15,5,2409,0,0,6.92,,,,ASK,ASK,ONR,SR681,,Scar,3,L,2,7,,,,,,
Melko,ASK,ONR,SR681,,Scar,3,L,2,7,12,22,8,8,2,2013,1,1,6.92,,,,ASK,,,,,,,,,,,,,,,
Depa,ASK,ONR,SR681,,Scar,3,L,2,7,22,21,8,10,3,2510,0,3,6.92,,,,ASK,,,,,,,,,,,,,,,
Syqz,ASK,ONR,SR681,,Scar,3,L,2,7,13,21,11,10,2,1930,1,2,6.92,,,,ASK,,,,,,,,,,,,,,,
Ethan,ONR,ASK,SR681,,Scar,3,W,7,2,21,16,9,13,5,2908,0,0,6.92,,,,ONR,ONR,ASK,SR681,,Scar,3,W,7,2,,,,,,
dk,ONR,ASK,SR681,,Scar,3,W,7,2,14,18,12,7,2,2222,3,2,6.92,,,,ONR,,,,,,,,,,,,,,,
Aspekt,ONR,ASK,SR681,,Scar,3,W,7,2,21,16,7,13,4,2649,3,4,6.92,,,,ONR,,,,,,,,,,,,,,,
Denza,ONR,ASK,SR681,,Scar,3,W,7,2,27,16,3,19,4,2438,1,1,6.92,,,,ONR,,,,,,,,,,,,,,,
Brack,HUN,STS,SR682,,Gridlock,3,L,1,6,18,27,7,12,3,2239,0,3,10.12,,,,HUN,HUN,STS,SR682,,Gridlock,3,L,1,6,,,,,,
Johnny,HUN,STS,SR682,,Gridlock,3,L,1,6,23,24,5,14,4,2830,0,0,10.12,,,,HUN,,,,,,,,,,,,,,,
Renegade,HUN,STS,SR682,,Gridlock,3,L,1,6,16,28,6,12,4,2486,0,2,10.12,,,,HUN,,,,,,,,,,,,,,,
Owakening,HUN,STS,SR682,,Gridlock,3,L,1,6,27,20,9,23,4,3454,1,1,10.12,,,,HUN,,,,,,,,,,,,,,,
Swooty,STS,HUN,SR682,,Gridlock,3,W,6,1,28,24,10,20,4,3575,1,2,10.12,,,,STS,STS,HUN,SR682,,Gridlock,3,W,6,1,,,,,,
Okis,STS,HUN,SR682,,Gridlock,3,W,6,1,24,16,8,21,5,2800,3,2,10.12,,,,STS,,,,,,,,,,,,,,,
Manny,STS,HUN,SR682,,Gridlock,3,W,6,1,27,21,10,19,4,3442,2,2,10.12,,,,STS,,,,,,,,,,,,,,,
Skil,STS,HUN,SR682,,Gridlock,3,W,6,1,19,24,7,13,3,2647,0,2,10.12,,,,STS,,,,,,,,,,,,,,,
PaulEhx,OMB,P7N,SR683,,Exposure,3,W,5,2,27,23,7,17,6,3215,4,7,10.35,,,,OMB,OMB,P7N,SR683,,Exposure,3,W,5,2,,,,,,
Gwinn,OMB,P7N,SR683,,Exposure,3,W,5,2,29,23,8,25,5,3855,0,1,10.35,,,,OMB,,,,,,,,,,,,,,,
2ReaL,OMB,P7N,SR683,,Exposure,3,W,5,2,23,22,9,16,4,3045,0,4,10.35,,,,OMB,,,,,,,,,,,,,,,
Wrecks,OMB,P7N,SR683,,Exposure,3,W,5,2,28,24,10,20,4,3506,1,2,10.35,,,,OMB,,,,,,,,,,,,,,,
ErikBoom,P7N,OMB,SR683,,Exposure,3,L,2,5,24,28,5,15,4,2749,0,2,10.35,,,,P7N,P7N,OMB,SR683,,Exposure,3,L,2,5,,,,,,
Beans,P7N,OMB,SR683,,Exposure,3,L,2,5,25,25,8,17,3,3724,0,3,10.35,,,,P7N,,,,,,,,,,,,,,,
Snoopy,P7N,OMB,SR683,,Exposure,3,L,2,5,21,27,10,15,3,2743,1,2,10.35,,,,P7N,,,,,,,,,,,,,,,
DC,P7N,OMB,SR683,,Exposure,3,L,2,5,22,29,9,15,3,2982,1,3,10.35,,,,P7N,,,,,,,,,,,,,,,
Capsidal,TBG,BTS,SR684,,Scar,3,W,5,1,27,21,9,21,4,2999,2,3,8.92,,,,TBG,TBG,BTS,SR684,,Scar,3,W,5,1,,,,,,
Prolute,TBG,BTS,SR684,,Scar,3,W,5,1,26,19,14,21,3,3394,2,2,8.92,,,,TBG,,,,,,,,,,,,,,,
Cammy,TBG,BTS,SR684,,Scar,3,W,5,1,26,24,9,15,4,3268,1,1,8.92,,,,TBG,,,,,,,,,,,,,,,
Traix,TBG,BTS,SR684,,Scar,3,W,5,1,28,24,15,22,7,3639,0,0,8.92,,,,TBG,,,,,,,,,,,,,,,
Nate,BTS,TBG,SR684,,Scar,3,L,1,5,24,29,5,14,4,3036,0,2,8.92,,,,BTS,BTS,TBG,SR684,,Scar,3,L,1,5,,,,,,
Prodahh,BTS,TBG,SR684,,Scar,3,L,1,5,21,24,11,14,4,2772,0,2,8.92,,,,BTS,,,,,,,,,,,,,,,
Peel,BTS,TBG,SR684,,Scar,3,L,1,5,19,28,8,9,3,2921,0,1,8.92,,,,BTS,,,,,,,,,,,,,,,
Felo,BTS,TBG,SR684,,Scar,3,L,1,5,24,26,10,15,3,3073,1,3,8.92,,,,BTS,,,,,,,,,,,,,,,
Vik,CBL,FAC,SR685,,Den,3,L,5,2,25,24,13,17,3,3385,2,4,10.15,,,,CBL,CBL,FAC,SR685,,Den,3,L,5,2,,,,,,
Flames,CBL,FAC,SR685,,Den,3,L,5,2,28,22,10,19,4,3725,1,2,10.15,,,,CBL,,,,,,,,,,,,,,,
Nemensions,CBL,FAC,SR685,,Den,3,L,5,2,22,25,10,15,4,2564,1,2,10.15,,,,CBL,,,,,,,,,,,,,,,
RSPI,CBL,FAC,SR685,,Den,3,L,5,2,22,28,12,13,3,3263,1,2,10.15,,,,CBL,,,,,,,,,,,,,,,
Roxas,FAC,CBL,SR685,,Den,3,L,2,5,24,27,9,15,3,2916,1,2,10.15,,,,FAC,FAC,CBL,SR685,,Den,3,L,2,5,,,,,,
Alluka,FAC,CBL,SR685,,Den,3,L,2,5,19,23,10,14,4,2807,0,1,10.15,,,,FAC,,,,,,,,,,,,,,,
Kingabody,FAC,CBL,SR685,,Den,3,L,2,5,24,23,4,17,2,2294,0,3,10.15,,,,FAC,,,,,,,,,,,,,,,
Knox,FAC,CBL,SR685,,Den,3,L,2,5,30,28,11,20,4,4034,1,5,10.15,,,,FAC,,,,,,,,,,,,,,,
Swooty,STS,BTS,SR686,,Exposure,3,L,4,5,21,22,11,16,5,3284,1,0,10.00,,,,STS,STS,BTS,SR686,,Exposure,3,L,4,5,,,,,,
Okis,STS,BTS,SR686,,Exposure,3,L,4,5,19,23,8,14,3,2763,1,2,10.00,,,,STS,,,,,,,,,,,,,,,
Manny,STS,BTS,SR686,,Exposure,3,L,4,5,28,22,8,18,4,3290,0,2,10.00,,,,STS,,,,,,,,,,,,,,,
Skil,STS,BTS,SR686,,Exposure,3,L,4,5,17,29,12,11,2,2369,2,3,10.00,,,,STS,,,,,,,,,,,,,,,
Nate,BTS,STS,SR686,,Exposure,3,W,5,4,28,22,16,22,7,3440,1,2,10.00,,,,BTS,BTS,STS,SR686,,Exposure,3,W,5,4,,,,,,
Prodahh,BTS,STS,SR686,,Exposure,3,W,5,4,25,22,11,13,7,2811,1,1,10.00,,,,BTS,,,,,,,,,,,,,,,
Peel,BTS,STS,SR686,,Exposure,3,W,5,4,23,23,8,18,5,2878,1,4,10.00,,,,BTS,,,,,,,,,,,,,,,
Felo,BTS,STS,SR686,,Exposure,3,W,5,4,19,19,11,14,7,2553,2,2,10.00,,,,BTS,,,,,,,,,,,,,,,
ErikBoom,P7N,FAC,SR687,,Scar,3,W,4,3,26,28,11,17,5,3119,3,5,10.05,,,,P7N,P7N,FAC,SR687,,Scar,3,W,4,3,,,,,,
Beans,P7N,FAC,SR687,,Scar,3,W,4,3,36,26,9,24,3,4208,0,6,10.05,,,,P7N,,,,,,,,,,,,,,,
Snoopy,P7N,FAC,SR687,,Scar,3,W,4,3,27,28,8,18,4,3490,1,1,10.05,,,,P7N,,,,,,,,,,,,,,,
DC,P7N,FAC,SR687,,Scar,3,W,4,3,27,26,11,19,5,3299,0,4,10.05,,,,P7N,,,,,,,,,,,,,,,
Roxas,FAC,P7N,SR687,,Scar,3,L,3,4,31,25,4,22,4,3160,0,7,10.05,,,,FAC,FAC,P7N,SR687,,Scar,3,L,3,4,,,,,,
Alluka,FAC,P7N,SR687,,Scar,3,L,3,4,21,30,21,12,4,3800,0,0,10.05,,,,FAC,,,,,,,,,,,,,,,
Kingabody,FAC,P7N,SR687,,Scar,3,L,3,4,24,31,9,11,3,2659,1,2,10.05,,,,FAC,,,,,,,,,,,,,,,
Knox,FAC,P7N,SR687,,Scar,3,L,3,4,32,30,13,18,3,3787,2,4,10.05,,,,FAC,,,,,,,,,,,,,,,
Capsidal,TBG,HUN,SR688,,Den,3,W,5,4,25,35,15,12,3,3851,4,5,11.88,,,,TBG,TBG,HUN,SR688,,Den,3,W,5,4,,,,,,
Prolute,TBG,HUN,SR688,,Den,3,W,5,4,31,26,11,19,5,4134,1,2,11.88,,,,TBG,,,,,,,,,,,,,,,
Cammy,TBG,HUN,SR688,,Den,3,W,5,4,39,25,9,32,8,4123,0,4,11.88,,,,TBG,,,,,,,,,,,,,,,
Traix,TBG,HUN,SR688,,Den,3,W,5,4,26,28,7,16,3,3505,0,2,11.88,,,,TBG,,,,,,,,,,,,,,,
Brack,HUN,TBG,SR688,,Den,3,L,4,5,33,32,11,20,4,4208,0,4,11.88,,,,HUN,HUN,TBG,SR688,,Den,3,L,4,5,,,,,,
Johnny,HUN,TBG,SR688,,Den,3,L,4,5,29,29,11,19,9,3861,1,2,11.88,,,,HUN,,,,,,,,,,,,,,,
Renegade,HUN,TBG,SR688,,Den,3,L,4,5,32,31,8,26,5,3950,1,4,11.88,,,,HUN,,,,,,,,,,,,,,,
Owakening,HUN,TBG,SR688,,Den,3,L,4,5,19,29,6,9,3,2729,2,3,11.88,,,,HUN,,,,,,,,,,,,,,,
PaulEhx,OMB,CBL,SR689,,Gridlock,3,W,5,2,23,18,10,18,8,2600,2,1,10.00,,,,OMB,OMB,CBL,SR689,,Gridlock,3,W,5,2,,,,,,
Gwinn,OMB,CBL,SR689,,Gridlock,3,W,5,2,22,19,7,17,2,2969,2,5,10.00,,,,OMB,,,,,,,,,,,,,,,
2ReaL,OMB,CBL,SR689,,Gridlock,3,W,5,2,20,21,5,13,3,2265,1,2,10.00,,,,OMB,,,,,,,,,,,,,,,
Wrecks,OMB,CBL,SR689,,Gridlock,3,W,5,2,28,20,14,22,9,3945,0,1,10.00,,,,OMB,,,,,,,,,,,,,,,
Vik,CBL,OMB,SR689,,Gridlock,3,L,2,5,20,23,10,15,3,2565,0,0,10.00,,,,CBL,CBL,OMB,SR689,,Gridlock,3,L,2,5,,,,,,
Flames,CBL,OMB,SR689,,Gridlock,3,L,2,5,16,22,6,8,2,1964,1,4,10.00,,,,CBL,,,,,,,,,,,,,,,
Nemensions,CBL,OMB,SR689,,Gridlock,3,L,2,5,20,23,7,15,2,2648,1,5,10.00,,,,CBL,,,,,,,,,,,,,,,
RSPI,CBL,OMB,SR689,,Gridlock,3,L,2,5,21,25,5,14,5,2972,0,1,10.00,,,,CBL,,,,,,,,,,,,,,,
Alfa,ASK,EXC,SR690,,Gridlock,3,L,1,5,26,24,8,15,5,3292,0,3,10.17,,,,ASK,ASK,EXC,SR690,,Gridlock,3,L,1,5,,,,,,
Melko,ASK,EXC,SR690,,Gridlock,3,L,1,5,17,25,4,13,3,2409,1,2,10.17,,,,ASK,,,,,,,,,,,,,,,
Depa,ASK,EXC,SR690,,Gridlock,3,L,1,5,13,27,9,8,2,2066,0,3,10.17,,,,ASK,,,,,,,,,,,,,,,
Syqz,ASK,EXC,SR690,,Gridlock,3,L,1,5,23,25,8,13,3,2743,0,8,10.17,,,,ASK,,,,,,,,,,,,,,,
Lynz,EXC,ASK,SR690,,Gridlock,3,W,5,1,27,19,13,20,6,3420,0,3,10.17,,,,EXC,EXC,ASK,SR690,,Gridlock,3,W,5,1,,,,,,
Breszy,EXC,ASK,SR690,,Gridlock,3,W,5,1,26,19,4,21,4,2979,0,3,10.17,,,,EXC,,,,,,,,,,,,,,,
Mighty,EXC,ASK,SR690,,Gridlock,3,W,5,1,25,22,11,17,4,3311,4,5,10.17,,,,EXC,,,,,,,,,,,,,,,
Cobra,EXC,ASK,SR690,,Gridlock,3,W,5,1,23,19,8,15,5,3060,1,3,10.17,,,,EXC,,,,,,,,,,,,,,,
Clox,ROC,FRA,SR691,,Scar,3,L,6,8,21,31,10,16,6,2959,2,0,11.38,,,,ROC,ROC,FRA,SR691,,Scar,3,L,6,8,,,,,,
D7oomx,ROC,FRA,SR691,,Scar,3,L,6,8,26,32,15,18,5,3132,2,2,11.38,,,,ROC,,,,,,,,,,,,,,,
D7om,ROC,FRA,SR691,,Scar,3,L,6,8,29,36,10,18,5,3664,1,5,11.38,,,,ROC,,,,,,,,,,,,,,,
Khhx,ROC,FRA,SR691,,Scar,3,L,6,8,40,28,8,31,5,4577,1,3,11.38,,,,ROC,,,,,,,,,,,,,,,
Nadox,FRA,ROC,SR691,,Scar,3,W,8,6,35,28,15,24,5,3943,3,1,11.38,,,,FRA,FRA,ROC,SR691,,Scar,3,W,8,6,,,,,,
Lqgend,FRA,ROC,SR691,,Scar,3,W,8,6,41,27,10,29,11,4474,0,7,11.38,,,,FRA,,,,,,,,,,,,,,,
Dany,FRA,ROC,SR691,,Scar,3,W,8,6,26,29,9,20,3,2959,3,3,11.38,,,,FRA,,,,,,,,,,,,,,,
Blade,FRA,ROC,SR691,,Scar,3,W,8,6,25,33,13,16,3,3601,2,1,11.38,,,,FRA,,,,,,,,,,,,,,,
FDot,P7E,ONR,SR692,,Den,3,W,4,3,24,27,13,19,5,3212,1,6,10.05,,,,P7E,P7E,ONR,SR692,,Den,3,W,4,3,,,,,,
Mythix,P7E,ONR,SR692,,Den,3,W,4,3,27,27,6,18,6,3097,1,2,10.05,,,,P7E,,,,,,,,,,,,,,,
Harry,P7E,ONR,SR692,,Den,3,W,4,3,30,26,12,16,5,4158,1,4,10.05,,,,P7E,,,,,,,,,,,,,,,
Henry,P7E,ONR,SR692,,Den,3,W,4,3,28,25,9,17,4,3633,1,5,10.05,,,,P7E,,,,,,,,,,,,,,,
Ethan,ONR,P7E,SR692,,Den,3,L,3,4,23,33,16,13,2,3403,1,5,10.05,,,,ONR,ONR,P7E,SR692,,Den,3,L,3,4,,,,,,
dk,ONR,P7E,SR692,,Den,3,L,3,4,29,28,6,19,4,3309,0,1,10.05,,,,ONR,,,,,,,,,,,,,,,
Aspekt,ONR,P7E,SR692,,Den,3,L,3,4,33,25,8,25,3,3835,0,5,10.05,,,,ONR,,,,,,,,,,,,,,,
Denza,ONR,P7E,SR692,,Den,3,L,3,4,19,26,8,14,4,2466,2,3,10.05,,,,ONR,,,,,,,,,,,,,,,
Lynz,EXC,ROC,SR693,,Exposure,3,W,5,4,12,15,12,11,3,1779,1,2,7.03,,,,EXC,EXC,ROC,SR693,,Exposure,3,W,5,4,,,,,,
Breszy,EXC,ROC,SR693,,Exposure,3,W,5,4,19,16,11,14,4,2398,2,2,7.03,,,,EXC,,,,,,,,,,,,,,,
Mighty,EXC,ROC,SR693,,Exposure,3,W,5,4,19,14,10,14,5,2190,1,3,7.03,,,,EXC,,,,,,,,,,,,,,,
Cobra,EXC,ROC,SR693,,Exposure,3,W,5,4,22,14,9,16,4,2156,1,1,7.03,,,,EXC,,,,,,,,,,,,,,,
Clox,ROC,EXC,SR693,,Exposure,3,L,4,5,14,17,4,10,4,1732,1,1,7.03,,,,ROC,ROC,EXC,SR693,,Exposure,3,L,4,5,,,,,,
D7oomx,ROC,EXC,SR693,,Exposure,3,L,4,5,13,19,5,8,3,1737,1,0,7.03,,,,ROC,,,,,,,,,,,,,,,
D7om,ROC,EXC,SR693,,Exposure,3,L,4,5,14,18,6,9,3,1770,1,4,7.03,,,,ROC,,,,,,,,,,,,,,,
Khhx,ROC,EXC,SR693,,Exposure,3,L,4,5,15,19,5,8,3,1737,1,0,7.03,,,,ROC,,,,,,,,,,,,,,,
Brack,HUN,FAC,SR694,,Exposure,3,W,5,4,9,19,6,7,3,1889,2,1,7.67,,,,HUN,HUN,FAC,SR694,,Exposure,3,W,5,4,,,,,,
Johnny,HUN,FAC,SR694,,Exposure,3,W,5,4,24,19,5,18,5,2600,0,4,7.67,,,,HUN,,,,,,,,,,,,,,,
Renegade,HUN,FAC,SR694,,Exposure,3,W,5,4,23,14,6,20,5,2494,3,3,7.67,,,,HUN,,,,,,,,,,,,,,,
Owakening,HUN,FAC,SR694,,Exposure,3,W,5,4,18,15,8,15,4,2562,0,1,7.67,,,,HUN,,,,,,,,,,,,,,,
Roxas,FAC,HUN,SR694,,Exposure,3,L,4,5,18,20,3,11,5,2355,0,2,7.67,,,,FAC,FAC,HUN,SR694,,Exposure,3,L,4,5,,,,,,
Alluka,FAC,HUN,SR694,,Exposure,3,L,4,5,13,16,7,11,3,1649,2,1,7.67,,,,FAC,,,,,,,,,,,,,,,
Kingabody,FAC,HUN,SR694,,Exposure,3,L,4,5,11,21,5,4,2,1398,2,1,7.67,,,,FAC,,,,,,,,,,,,,,,
Knox,FAC,HUN,SR694,,Exposure,3,L,4,5,25,18,7,20,5,3109,0,3,7.67,,,,FAC,,,,,,,,,,,,,,,
PaulEhx,OMB,BTS,SR695,,Exposure,3,L,1,7,18,17,9,11,6,2822,0,3,7.55,,,,OMB,OMB,BTS,SR695,,Exposure,3,L,1,7,,,,,,
Gwinn,OMB,BTS,SR695,,Exposure,3,L,1,7,16,24,5,6,2,2248,0,3,7.55,,,,OMB,,,,,,,,,,,,,,,
2ReaL,OMB,BTS,SR695,,Exposure,3,L,1,7,16,20,2,13,3,1850,1,2,7.55,,,,OMB,,,,,,,,,,,,,,,
Wrecks,OMB,BTS,SR695,,Exposure,3,L,1,7,7,18,5,4,2,1733,0,0,7.55,,,,OMB,,,,,,,,,,,,,,,
Nate,BTS,OMB,SR695,,Exposure,3,L,7,1,23,12,7,18,5,2492,3,4,7.55,,,,BTS,BTS,OMB,SR695,,Exposure,3,L,7,1,,,,,,
Prodahh,BTS,OMB,SR695,,Exposure,3,L,7,1,18,15,6,14,4,1967,1,4,7.55,,,,BTS,,,,,,,,,,,,,,,
Peel,BTS,OMB,SR695,,Exposure,3,L,7,1,22,18,9,17,7,3078,0,3,7.55,,,,BTS,,,,,,,,,,,,,,,
Felo,BTS,OMB,SR695,,Exposure,3,L,7,1,16,15,3,12,4,2100,3,2,7.55,,,,BTS,,,,,,,,,,,,,,,
Vik,CBL,TBG,SR696,,Den,3,W,7,5,35,29,12,24,4,3748,3,11,12.78,,,,CBL,CBL,TBG,SR696,,Den,3,W,7,5,,,,,,
Flames,CBL,TBG,SR696,,Den,3,W,7,5,32,26,22,23,4,4237,0,3,12.78,,,,CBL,,,,,,,,,,,,,,,
Nemensions,CBL,TBG,SR696,,Den,3,W,7,5,25,32,15,11,3,3680,0,1,12.78,,,,CBL,,,,,,,,,,,,,,,
RSPI,CBL,TBG,SR696,,Den,3,W,7,5,39,34,7,25,4,4343,4,3,12.78,,,,CBL,,,,,,,,,,,,,,,
Capsidal,TBG,CBL,SR696,,Den,3,L,5,7,24,34,14,16,4,3541,2,7,12.78,,,,TBG,TBG,CBL,SR696,,Den,3,L,5,7,,,,,,
Prolute,TBG,CBL,SR696,,Den,3,L,5,7,33,29,19,21,3,4411,1,3,12.78,,,,TBG,,,,,,,,,,,,,,,
Cammy,TBG,CBL,SR696,,Den,3,L,5,7,32,32,11,20,5,3952,0,1,12.78,,,,TBG,,,,,,,,,,,,,,,
Traix,TBG,CBL,SR696,,Den,3,L,5,7,31,36,14,21,3,3388,2,6,12.78,,,,TBG,,,,,,,,,,,,,,,
Brack,HUN,BTS,SR697,,Exposure,3,W,6,5,19,22,8,15,4,2590,0,2,10.02,,,,HUN,HUN,BTS,SR697,,Exposure,3,W,6,5,,,,,,
Johnny,HUN,BTS,SR697,,Exposure,3,W,6,5,28,17,9,22,5,3007,4,7,10.02,,,,HUN,,,,,,,,,,,,,,,
Renegade,HUN,BTS,SR697,,Exposure,3,W,6,5,19,23,8,11,3,2950,1,0,10.02,,,,HUN,,,,,,,,,,,,,,,
Owakening,HUN,BTS,SR697,,Exposure,3,W,6,5,27,24,8,14,4,3052,1,2,10.02,,,,HUN,,,,,,,,,,,,,,,
Nate,BTS,HUN,SR697,,Exposure,3,L,5,6,18,25,10,11,3,2406,1,3,10.02,,,,BTS,BTS,HUN,SR697,,Exposure,3,L,5,6,,,,,,
Prodahh,BTS,HUN,SR697,,Exposure,3,L,5,6,18,20,6,16,4,2270,1,2,10.02,,,,BTS,,,,,,,,,,,,,,,
Peel,BTS,HUN,SR697,,Exposure,3,L,5,6,24,25,8,15,4,2897,2,2,10.02,,,,BTS,,,,,,,,,,,,,,,
Felo,BTS,HUN,SR697,,Exposure,3,L,5,6,25,23,7,16,3,2992,1,2,10.02,,,,BTS,,,,,,,,,,,,,,,
Ethan,ONR,EXC,SR698,,Den,3,W,4,2,27,26,4,16,3,3203,2,8,10.20,,,,ONR,ONR,EXC,SR698,,Den,3,W,4,2,,,,,,
dk,ONR,EXC,SR698,,Den,3,W,4,2,31,27,12,21,4,4031,0,4,10.20,,,,ONR,,,,,,,,,,,,,,,
Aspekt,ONR,EXC,SR698,,Den,3,W,4,2,18,26,10,15,4,2863,1,2,10.20,,,,ONR,,,,,,,,,,,,,,,
Denza,ONR,EXC,SR698,,Den,3,W,4,2,24,23,8,18,4,2739,1,3,10.20,,,,ONR,,,,,,,,,,,,,,,
Lynz,EXC,ONR,SR698,,Den,3,L,2,4,19,31,11,9,4,2545,0,2,10.20,,,,EXC,EXC,ONR,SR698,,Den,3,L,2,4,,,,,,
Breszy,EXC,ONR,SR698,,Den,3,L,2,4,26,19,8,23,7,3003,1,8,10.20,,,,EXC,,,,,,,,,,,,,,,
Mighty,EXC,ONR,SR698,,Den,3,L,2,4,23,26,12,16,3,3134,1,7,10.20,,,,EXC,,,,,,,,,,,,,,,
Cobra,EXC,ONR,SR698,,Den,3,L,2,4,33,25,8,22,5,4095,0,2,10.20,,,,EXC,,,,,,,,,,,,,,,
Vik,CBL,HUN,SR699,,Gridlock,3,L,3,5,16,21,9,10,4,2526,1,1,7.88,,,,CBL,CBL,HUN,SR699,,Gridlock,3,L,3,5,,,,,,
Flames,CBL,HUN,SR699,,Gridlock,3,L,3,5,16,22,7,9,2,2021,1,5,7.88,,,,CBL,,,,,,,,,,,,,,,
Nemensions,CBL,HUN,SR699,,Gridlock,3,L,3,5,16,21,5,10,3,2108,1,4,7.88,,,,CBL,,,,,,,,,,,,,,,
RSPI,CBL,HUN,SR699,,Gridlock,3,L,3,5,17,20,6,10,3,2438,0,4,7.88,,,,CBL,,,,,,,,,,,,,,,
Brack,HUN,CBL,SR699,,Gridlock,3,W,5,3,16,16,13,12,4,2072,2,1,7.88,,,,HUN,HUN,CBL,SR699,,Gridlock,3,W,5,3,,,,,,
Johnny,HUN,CBL,SR699,,Gridlock,3,W,5,3,23,16,14,19,3,2824,2,5,7.88,,,,HUN,,,,,,,,,,,,,,,
Renegade,HUN,CBL,SR699,,Gridlock,3,W,5,3,20,17,9,16,5,2518,1,0,7.88,,,,HUN,,,,,,,,,,,,,,,
Owakening,HUN,CBL,SR699,,Gridlock,3,W,5,3,25,17,11,18,4,2864,0,3,7.88,,,,HUN,,,,,,,,,,,,,,,
FDot,P7E,ONR,SR700,,Den,3,L,0,8,17,27,12,7,2,2759,0,5,9.22,,,,P7E,P7E,ONR,SR700,,Den,3,L,0,8,,,,,,
Mythix,P7E,ONR,SR700,,Den,3,L,0,8,24,29,10,14,3,3209,0,1,9.22,,,,P7E,,,,,,,,,,,,,,,
Harry,P7E,ONR,SR700,,Den,3,L,0,8,22,25,13,17,3,3142,0,5,9.22,,,,P7E,,,,,,,,,,,,,,,
Henry,P7E,ONR,SR700,,Den,3,L,0,8,21,26,6,14,3,2590,0,2,9.22,,,,P7E,,,,,,,,,,,,,,,
Ethan,ONR,P7E,SR700,,Den,3,W,8,0,31,22,7,19,7,3529,2,5,9.22,,,,ONR,ONR,P7E,SR700,,Den,3,W,8,0,,,,,,
dk,ONR,P7E,SR700,,Den,3,W,8,0,25,17,10,20,5,3421,1,2,9.22,,,,ONR,,,,,,,,,,,,,,,
Aspekt,ONR,P7E,SR700,,Den,3,W,8,0,20,23,8,12,4,2870,2,5,9.22,,,,ONR,,,,,,,,,,,,,,,
Denza,ONR,P7E,SR700,,Den,3,W,8,0,29,22,5,20,4,3053,3,2,9.22,,,,ONR,,,,,,,,,,,,,,,
,P7E,ONR,SR700,,,6,,,,,,,,,,,,0.00,,,,P7E,P7E,ONR,SR700,,,6,,,,,,,,,
,P7E,ONR,SR700,,,6,,,,,,,,,,,,0.00,,,,P7E,,,,,,,,,,,,,,,
,P7E,ONR,SR700,,,6,,,,,,,,,,,,0.00,,,,P7E,,,,,,,,,,,,,,,
,P7E,ONR,SR700,,,6,,,,,,,,,,,,0.00,,,,P7E,,,,,,,,,,,,,,,
,ONR,P7E,SR700,,,6,,,,,,,,,,,,0.00,,,,ONR,ONR,P7E,SR700,,,6,,,,,,,,,
,ONR,P7E,SR700,,,6,,,,,,,,,,,,0.00,,,,ONR,,,,,,,,,,,,,,,
,ONR,P7E,SR700,,,6,,,,,,,,,,,,0.00,,,,ONR,,,,,,,,,,,,,,,
,ONR,P7E,SR700,,,6,,,,,,,,,,,,0.00,,,,ONR,,,,,,,,,,,,,,,
Capsidal,TBG,CBL,SR701,,Gridlock,3,W,4,2,26,26,10,18,3,3058,1,4,10.30,,,,TBG,TBG,CBL,SR701,,Gridlock,3,W,4,2,,,,,,
Prolute,TBG,CBL,SR701,,Gridlock,3,W,4,2,38,22,5,26,5,4023,0,3,10.30,,,,TBG,,,,,,,,,,,,,,,
Cammy,TBG,CBL,SR701,,Gridlock,3,W,4,2,23,22,10,13,4,3320,1,1,10.30,,,,TBG,,,,,,,,,,,,,,,
Traix,TBG,CBL,SR701,,Gridlock,3,W,4,2,20,25,15,11,3,2974,2,2,10.30,,,,TBG,,,,,,,,,,,,,,,
Vik,CBL,TBG,SR701,,Gridlock,3,W,2,4,26,26,6,17,4,3184,0,5,10.30,,,,CBL,CBL,TBG,SR701,,Gridlock,3,W,2,4,,,,,,
Flames,CBL,TBG,SR701,,Gridlock,3,W,2,4,23,27,7,17,3,2763,0,1,10.30,,,,CBL,,,,,,,,,,,,,,,
Nemensions,CBL,TBG,SR701,,Gridlock,3,W,2,4,21,27,17,14,3,3324,1,2,10.30,,,,CBL,,,,,,,,,,,,,,,
RSPI,CBL,TBG,SR701,,Gridlock,3,W,2,4,24,29,7,15,3,2862,1,3,10.30,,,,CBL,,,,,,,,,,,,,,,
,TBG,CBL,SR701,,,6,,,,,,,,,,,,0.00,,,,TBG,TBG,CBL,SR701,,,6,,,,,,,,,
,TBG,CBL,SR701,,,6,,,,,,,,,,,,0.00,,,,TBG,,,,,,,,,,,,,,,
,TBG,CBL,SR701,,,6,,,,,,,,,,,,0.00,,,,TBG,,,,,,,,,,,,,,,
,TBG,CBL,SR701,,,6,,,,,,,,,,,,0.00,,,,TBG,,,,,,,,,,,,,,,
,CBL,TBG,SR701,,,6,,,,,,,,,,,,0.00,,,,CBL,CBL,TBG,SR701,,,6,,,,,,,,,
,CBL,TBG,SR701,,,6,,,,,,,,,,,,0.00,,,,CBL,,,,,,,,,,,,,,,
,CBL,TBG,SR701,,,6,,,,,,,,,,,,0.00,,,,CBL,,,,,,,,,,,,,,,
,CBL,TBG,SR701,,,6,,,,,,,,,,,,0.00,,,,CBL,,,,,,,,,,,,,,,
Johnny,HUN,WAR,SR702,,Exposure,3,L,3,5,31,23,12,23,4,3958,1,5,10.18,,,,HUN,HUN,WAR,SR702,,Exposure,3,L,3,5,,,,,,
Owakening,HUN,WAR,SR702,,Exposure,3,L,3,5,20,22,10,12,2,2611,1,2,10.18,,,,HUN,,,,,,,,,,,,,,,
Renegade,HUN,WAR,SR702,,Exposure,3,L,3,5,21,30,9,12,3,2430,1,1,10.18,,,,HUN,,,,,,,,,,,,,,,
Brack,HUN,WAR,SR702,,Exposure,3,L,3,5,18,25,9,11,3,2994,0,4,10.18,,,,HUN,,,,,,,,,,,,,,,
Flames,WAR,HUN,SR702,,Exposure,3,W,5,3,25,22,8,16,4,3115,1,0,10.18,,,,WAR,WAR,HUN,SR702,,Exposure,3,W,5,3,,,,,,
Vik,WAR,HUN,SR702,,Exposure,3,W,5,3,30,24,8,21,4,3463,1,3,10.18,,,,WAR,,,,,,,,,,,,,,,
Nemensions,WAR,HUN,SR702,,Exposure,3,W,5,3,20,25,16,13,3,2933,0,1,10.18,,,,WAR,,,,,,,,,,,,,,,
Iconz,WAR,HUN,SR702,,Exposure,3,W,5,3,24,21,12,18,3,3202,3,3,10.18,,,,WAR,,,,,,,,,,,,,,,
DTG,INC,TGX,SR703,,Exposure,3,W,8,2,35,24,6,22,8,3504,4,7,9.58,,,,INC,INC,TGX,SR703,,Exposure,3,W,8,2,,,,,,
Darksived,INC,TGX,SR703,,Exposure,3,W,8,2,19,20,9,13,5,2512,1,3,9.58,,,,INC,,,,,,,,,,,,,,,
cWadz,INC,TGX,SR703,,Exposure,3,W,8,2,21,25,8,13,3,2845,3,2,9.58,,,,INC,,,,,,,,,,,,,,,
Veilleux,INC,TGX,SR703,,Exposure,3,W,8,2,26,23,12,20,3,3307,0,0,9.58,,,,INC,,,,,,,,,,,,,,,
TGX 35,TGX,INC,SR703,,Exposure,3,L,2,8,28,26,6,15,4,3414,0,5,9.58,,,,TGX,TGX,INC,SR703,,Exposure,3,L,2,8,,,,,,
TGX 36,TGX,INC,SR703,,Exposure,3,L,2,8,23,21,6,19,6,2466,0,0,9.58,,,,TGX,,,,,,,,,,,,,,,
TGX 37,TGX,INC,SR703,,Exposure,3,L,2,8,24,26,9,15,4,2762,2,2,9.58,,,,TGX,,,,,,,,,,,,,,,
TGX 38,TGX,INC,SR703,,Exposure,3,L,2,8,16,29,10,11,3,2121,0,1,9.58,,,,TGX,,,,,,,,,,,,,,,
Syqz,ASK,INC,SR704,,Exposure,3,L,1,7,24,30,9,11,6,3495,0,2,10.38,,,,ASK,ASK,INC,SR704,,Exposure,3,L,1,7,,,,,,
Depa,ASK,INC,SR704,,Exposure,3,L,1,7,23,28,5,13,2,2990,0,1,10.38,,,,ASK,,,,,,,,,,,,,,,
Alfa,ASK,INC,SR704,,Exposure,3,L,1,7,11,27,8,8,3,2017,0,1,10.38,,,,ASK,,,,,,,,,,,,,,,
Melko,ASK,INC,SR704,,Exposure,3,L,1,7,20,24,6,12,3,2373,1,0,10.38,,,,ASK,,,,,,,,,,,,,,,
DTG,INC,ASK,SR704,,Exposure,3,W,7,1,30,24,8,20,4,3388,2,4,10.38,,,,INC,INC,ASK,SR704,,Exposure,3,W,7,1,,,,,,
Darksived,INC,ASK,SR704,,Exposure,3,W,7,1,26,21,10,20,5,3361,1,0,10.38,,,,INC,,,,,,,,,,,,,,,
cWadz,INC,ASK,SR704,,Exposure,3,W,7,1,23,17,14,18,7,2631,2,0,10.38,,,,INC,,,,,,,,,,,,,,,
Veilleux,INC,ASK,SR704,,Exposure,3,W,7,1,28,21,9,20,6,3253,2,3,10.38,,,,INC,,,,,,,,,,,,,,,
Ruper,FCS,ASK,SR705,,Scar,3,W,7,3,24,24,10,19,4,3302,3,4,9.37,,,,FCS,FCS,ASK,SR705,,Scar,3,W,7,3,,,,,,
Asim,FCS,ASK,SR705,,Scar,3,W,7,3,21,20,8,14,4,2890,0,2,9.37,,,,FCS,,,,,,,,,,,,,,,
Skil,FCS,ASK,SR705,,Scar,3,W,7,3,21,23,4,16,4,2872,1,1,9.37,,,,FCS,,,,,,,,,,,,,,,
KB,FCS,ASK,SR705,,Scar,3,W,7,3,21,21,11,11,3,2512,3,1,9.37,,,,FCS,,,,,,,,,,,,,,,
Syqz,ASK,FCS,SR705,,Scar,3,L,3,7,20,22,15,15,6,3001,1,2,9.37,,,,ASK,ASK,FCS,SR705,,Scar,3,L,3,7,,,,,,
Depa,ASK,FCS,SR705,,Scar,3,L,3,7,18,22,9,13,4,2491,1,1,9.37,,,,ASK,,,,,,,,,,,,,,,
Alfa,ASK,FCS,SR705,,Scar,3,L,3,7,27,23,11,20,3,3418,1,0,9.37,,,,ASK,,,,,,,,,,,,,,,
Melko,ASK,FCS,SR705,,Scar,3,L,3,7,23,21,10,16,4,2669,0,3,9.37,,,,ASK,,,,,,,,,,,,,,,
Mirage,OMI,P7E,SR706,,Gridlock,3,W,5,3,25,15,8,21,5,3069,4,3,10.28,,,,OMI,OMI,P7E,SR706,,Gridlock,3,W,5,3,,,,,,
Mack,OMI,P7E,SR706,,Gridlock,3,W,5,3,16,24,12,10,4,2688,1,1,10.28,,,,OMI,,,,,,,,,,,,,,,
Uli,OMI,P7E,SR706,,Gridlock,3,W,5,3,32,24,5,23,4,3246,0,2,10.28,,,,OMI,,,,,,,,,,,,,,,
Arcitys,OMI,P7E,SR706,,Gridlock,3,W,5,3,16,24,8,8,3,2393,0,0,10.28,,,,OMI,,,,,,,,,,,,,,,
Harry,P7E,OMI,SR706,,Gridlock,3,L,3,5,25,19,9,17,7,2854,1,1,10.28,,,,P7E,P7E,OMI,SR706,,Gridlock,3,L,3,5,,,,,,
Mythix,P7E,OMI,SR706,,Gridlock,3,L,3,5,17,21,8,12,3,2347,1,1,10.28,,,,P7E,,,,,,,,,,,,,,,
Henry,P7E,OMI,SR706,,Gridlock,3,L,3,5,21,19,8,21,3,2763,1,0,10.28,,,,P7E,,,,,,,,,,,,,,,
FDot,P7E,OMI,SR706,,Gridlock,3,L,3,5,24,30,10,12,3,3251,0,3,10.28,,,,P7E,,,,,,,,,,,,,,,
Harry,P7E,OMB,SR707,,Scar,3,L,3,6,27,25,7,20,4,4019,0,3,10.03,,,,P7E,P7E,OMB,SR707,,Scar,3,L,3,6,,,,,,
Mythix,P7E,OMB,SR707,,Scar,3,L,3,6,26,31,8,13,2,3573,2,2,10.03,,,,P7E,,,,,,,,,,,,,,,
Henry,P7E,OMB,SR707,,Scar,3,L,3,6,27,30,10,15,4,3486,1,3,10.03,,,,P7E,,,,,,,,,,,,,,,
FDot,P7E,OMB,SR707,,Scar,3,L,3,6,19,33,11,10,2,3047,0,1,10.03,,,,P7E,,,,,,,,,,,,,,,
Wrecks,OMB,P7E,SR707,,Scar,3,W,6,3,34,23,10,28,4,4174,1,1,10.03,,,,OMB,OMB,P7E,SR707,,Scar,3,W,6,3,,,,,,
Gwinn,OMB,P7E,SR707,,Scar,3,W,6,3,36,29,12,22,5,3765,1,3,10.03,,,,OMB,,,,,,,,,,,,,,,
2Real,OMB,P7E,SR707,,Scar,3,W,6,3,25,24,15,17,4,3275,2,1,10.03,,,,OMB,,,,,,,,,,,,,,,
PaulEhx,OMB,P7E,SR707,,Scar,3,W,6,3,22,24,18,15,3,3632,2,1,10.03,,,,OMB,,,,,,,,,,,,,,,
Gio,FAC,OMB,SR708,,Den,3,L,3,4,36,30,16,27,4,4548,2,5,13.78,,,,FAC,FAC,OMB,SR708,,Den,3,L,3,4,,,,,,
Roxas,FAC,OMB,SR708,,Den,3,L,3,4,21,31,18,16,3,3482,0,1,13.78,,,,FAC,,,,,,,,,,,,,,,
KingAbody,FAC,OMB,SR708,,Den,3,L,3,4,34,32,9,21,4,3855,1,3,13.78,,,,FAC,,,,,,,,,,,,,,,
Alluka,FAC,OMB,SR708,,Den,3,L,3,4,42,31,11,28,4,4705,1,6,13.78,,,,FAC,,,,,,,,,,,,,,,
Wrecks,OMB,FAC,SR708,,Den,3,W,4,3,36,31,16,21,4,4186,1,5,13.78,,,,OMB,OMB,FAC,SR708,,Den,3,W,4,3,,,,,,
Gwinn,OMB,FAC,SR708,,Den,3,W,4,3,30,35,16,15,3,4497,2,5,13.78,,,,OMB,,,,,,,,,,,,,,,
2Real,OMB,FAC,SR708,,Den,3,W,4,3,36,35,11,28,3,4315,1,2,13.78,,,,OMB,,,,,,,,,,,,,,,
PaulEhx,OMB,FAC,SR708,,Den,3,W,4,3,22,35,12,14,3,3898,0,0,13.78,,,,OMB,,,,,,,,,,,,,,,
Clox,RXF,YOL,SR709,,Scar,3,W,5,0,34,20,6,28,5,3281,3,0,10.13,,,,RXF,RXF,YOL,SR709,,Scar,3,W,5,0,,,,,,
GntL,RXF,YOL,SR709,,Scar,3,W,5,0,37,27,11,26,5,4235,0,4,10.13,,,,RXF,,,,,,,,,,,,,,,
ReaLCharm,RXF,YOL,SR709,,Scar,3,W,5,0,29,29,22,21,4,3774,2,2,10.13,,,,RXF,,,,,,,,,,,,,,,
MD,RXF,YOL,SR709,,Scar,3,W,5,0,28,25,14,18,4,3702,0,2,10.13,,,,RXF,,,,,,,,,,,,,,,
YOL 19,YOL,RXF,SR709,,Scar,3,L,0,5,40,32,5,22,5,3794,0,5,10.13,,,,YOL,YOL,RXF,SR709,,Scar,3,L,0,5,,,,,,
YOL 20,YOL,RXF,SR709,,Scar,3,L,0,5,22,32,16,14,3,3203,0,2,10.13,,,,YOL,,,,,,,,,,,,,,,
YOL 21,YOL,RXF,SR709,,Scar,3,L,0,5,22,33,9,12,2,2754,0,2,10.13,,,,YOL,,,,,,,,,,,,,,,
YOL 22,YOL,RXF,SR709,,Scar,3,L,0,5,17,32,11,11,4,2714,0,3,10.13,,,,YOL,,,,,,,,,,,,,,,
Johnny,HUN,RXF,SR710,,Scar,3,W,5,2,22,26,11,14,3,2970,2,2,10.00,,,,HUN,HUN,RXF,SR710,,Scar,3,W,5,2,,,,,,
Owakening,HUN,RXF,SR710,,Scar,3,W,5,2,32,25,8,19,4,3697,1,6,10.00,,,,HUN,,,,,,,,,,,,,,,
Renegade,HUN,RXF,SR710,,Scar,3,W,5,2,25,26,9,16,5,3101,2,1,10.00,,,,HUN,,,,,,,,,,,,,,,
Brack,HUN,RXF,SR710,,Scar,3,W,5,2,26,28,14,19,5,3644,0,2,10.00,,,,HUN,,,,,,,,,,,,,,,
Clox,RXF,HUN,SR710,,Scar,3,L,2,5,27,28,10,16,3,3445,0,6,10.00,,,,RXF,RXF,HUN,SR710,,Scar,3,L,2,5,,,,,,
GntL,RXF,HUN,SR710,,Scar,3,L,2,5,23,28,6,14,2,2748,2,2,10.00,,,,RXF,,,,,,,,,,,,,,,
ReaLCharm,RXF,HUN,SR710,,Scar,3,L,2,5,16,24,20,12,3,3268,0,2,10.00,,,,RXF,,,,,,,,,,,,,,,
MD,RXF,HUN,SR710,,Scar,3,L,2,5,39,25,12,26,4,4212,0,1,10.00,,,,RXF,,,,,,,,,,,,,,,
Johnny,HUN,BTS,SR711,,Exposure,3,W,5,4,22,25,11,12,3,2595,3,2,10.05,,,,HUN,HUN,BTS,SR711,,Exposure,3,W,5,4,,,,,,
Owakening,HUN,BTS,SR711,,Exposure,3,W,5,4,23,21,9,13,4,2575,2,0,10.05,,,,HUN,,,,,,,,,,,,,,,
Renegade,HUN,BTS,SR711,,Exposure,3,W,5,4,26,26,11,16,4,3550,0,3,10.05,,,,HUN,,,,,,,,,,,,,,,
Brack,HUN,BTS,SR711,,Exposure,3,W,5,4,24,29,14,14,4,3191,0,1,10.05,,,,HUN,,,,,,,,,,,,,,,
Peel,BTS,HUN,SR711,,Exposure,3,L,4,5,22,28,12,13,4,3167,2,2,10.05,,,,BTS,BTS,HUN,SR711,,Exposure,3,L,4,5,,,,,,
Prodahh,BTS,HUN,SR711,,Exposure,3,L,4,5,33,23,10,20,5,3502,0,4,10.05,,,,BTS,,,,,,,,,,,,,,,
Felo,BTS,HUN,SR711,,Exposure,3,L,4,5,19,23,9,14,4,2921,1,1,10.05,,,,BTS,,,,,,,,,,,,,,,
Nate,BTS,HUN,SR711,,Exposure,3,L,4,5,26,21,8,21,5,2970,1,1,10.05,,,,BTS,,,,,,,,,,,,,,,
Johnny,HUN,OMB,SR712,,Exposure,3,W,4,3,25,24,5,20,3,2929,3,7,10.12,,,,HUN,HUN,OMB,SR712,,Exposure,3,W,4,3,,,,,,
Owakening,HUN,OMB,SR712,,Exposure,3,W,4,3,20,24,7,14,3,3009,0,4,10.12,,,,HUN,,,,,,,,,,,,,,,
Renegade,HUN,OMB,SR712,,Exposure,3,W,4,3,23,26,4,16,4,2365,0,2,10.12,,,,HUN,,,,,,,,,,,,,,,
Brack,HUN,OMB,SR712,,Exposure,3,W,4,3,20,25,9,14,3,2812,1,1,10.12,,,,HUN,,,,,,,,,,,,,,,
Wrecks,OMB,HUN,SR712,,Exposure,3,L,3,4,23,22,14,19,5,3227,1,0,10.12,,,,OMB,OMB,HUN,SR712,,Exposure,3,L,3,4,,,,,,
Gwinn,OMB,HUN,SR712,,Exposure,3,L,3,4,24,28,6,17,6,2649,1,3,10.12,,,,OMB,,,,,,,,,,,,,,,
2Real,OMB,HUN,SR712,,Exposure,3,L,3,4,28,20,7,18,5,2807,1,2,10.12,,,,OMB,,,,,,,,,,,,,,,
PaulEhx,OMB,HUN,SR712,,Exposure,3,L,3,4,23,20,6,16,5,3040,0,3,10.12,,,,OMB,,,,,,,,,,,,,,,
Beans,P7N,FCS,SR713,,Scar,3,W,7,2,21,24,14,14,3,3204,1,0,9.70,,,,P7N,P7N,FCS,SR713,,Scar,3,W,7,2,,,,,,
Snoopy,P7N,FCS,SR713,,Scar,3,W,7,2,30,19,10,26,7,3537,1,0,9.70,,,,P7N,,,,,,,,,,,,,,,
ErikBoom,P7N,FCS,SR713,,Scar,3,W,7,2,29,27,11,23,6,3275,3,3,9.70,,,,P7N,,,,,,,,,,,,,,,
DC,P7N,FCS,SR713,,Scar,3,W,7,2,28,24,9,20,5,3101,2,4,9.70,,,,P7N,,,,,,,,,,,,,,,
Ruper,FCS,P7N,SR713,,Scar,3,L,2,7,21,32,5,9,3,3069,1,2,9.70,,,,FCS,FCS,P7N,SR713,,Scar,3,L,2,7,,,,,,
Asim,FCS,P7N,SR713,,Scar,3,L,2,7,26,25,6,18,7,3167,0,0,9.70,,,,FCS,,,,,,,,,,,,,,,
Skil,FCS,P7N,SR713,,Scar,3,L,2,7,25,24,6,18,6,3350,1,3,9.70,,,,FCS,,,,,,,,,,,,,,,
KB,FCS,P7N,SR713,,Scar,3,L,2,7,21,27,12,13,3,3031,0,1,9.70,,,,FCS,,,,,,,,,,,,,,,
Capsidal,TBG,OMS,SR714,,Gridlock,3,W,6,2,22,22,12,19,4,2932,2,2,10.47,,,,TBG,TBG,OMS,SR714,,Gridlock,3,W,6,2,,,,,,
Traix,TBG,OMS,SR714,,Gridlock,3,W,6,2,22,25,16,14,2,3405,2,2,10.47,,,,TBG,,,,,,,,,,,,,,,
Prolute,TBG,OMS,SR714,,Gridlock,3,W,6,2,35,23,8,27,6,3368,2,4,10.47,,,,TBG,,,,,,,,,,,,,,,
Cammy,TBG,OMS,SR714,,Gridlock,3,W,6,2,30,22,16,21,5,3802,0,2,10.47,,,,TBG,,,,,,,,,,,,,,,
OMS 15,OMS,TBG,SR714,,Gridlock,3,L,2,6,20,29,12,12,3,2606,1,3,10.47,,,,OMS,OMS,TBG,SR714,,Gridlock,3,L,2,6,,,,,,
OMS 16,OMS,TBG,SR714,,Gridlock,3,L,2,6,22,29,7,12,3,3039,0,0,10.47,,,,OMS,,,,,,,,,,,,,,,
OMS 17,OMS,TBG,SR714,,Gridlock,3,L,2,6,22,28,5,14,3,2737,0,5,10.47,,,,OMS,,,,,,,,,,,,,,,
OMS 18,OMS,TBG,SR714,,Gridlock,3,L,2,6,27,25,8,20,5,3624,1,1,10.47,,,,OMS,,,,,,,,,,,,,,,
Conwa,EVT,ATL,SR715,,Scar,3,L,6,7,52,41,13,30,5,5735,2,5,14.67,,,,EVT,EVT,ATL,SR715,,Scar,3,L,6,7,,,,,,
Crow,EVT,ATL,SR715,,Scar,3,L,6,7,35,40,14,24,4,4751,4,6,14.67,,,,EVT,,,,,,,,,,,,,,,
Miso,EVT,ATL,SR715,,Scar,3,L,6,7,36,38,14,27,5,4660,1,1,14.67,,,,EVT,,,,,,,,,,,,,,,
Choco,EVT,ATL,SR715,,Scar,3,L,6,7,33,39,14,20,3,4178,0,3,14.67,,,,EVT,,,,,,,,,,,,,,,
Eleven,ATL,EVT,SR715,,Scar,3,W,7,6,28,41,22,17,3,4249,1,1,14.67,,,,ATL,ATL,EVT,SR715,,Scar,3,W,7,6,,,,,,
Virsuh,ATL,EVT,SR715,,Scar,3,W,7,6,50,36,14,31,5,5599,2,5,14.67,,,,ATL,,,,,,,,,,,,,,,
Zyrro,ATL,EVT,SR715,,Scar,3,W,7,6,40,36,11,29,3,4860,3,3,14.67,,,,ATL,,,,,,,,,,,,,,,
Mcoof,ATL,EVT,SR715,,Scar,3,W,7,6,40,43,13,27,5,5043,1,2,14.67,,,,ATL,,,,,,,,,,,,,,,
Eleven,ATL,FAC,SR716,,Scar,3,L,2,6,22,26,11,13,3,2816,0,1,8.65,,,,ATL,ATL,FAC,SR716,,Scar,3,L,2,6,,,,,,
Virsuh,ATL,FAC,SR716,,Scar,3,L,2,6,26,28,6,16,6,2955,0,1,8.65,,,,ATL,,,,,,,,,,,,,,,
Zyrro,ATL,FAC,SR716,,Scar,3,L,2,6,16,27,10,12,3,2079,2,3,8.65,,,,ATL,,,,,,,,,,,,,,,
Mcoof,ATL,FAC,SR716,,Scar,3,L,2,6,26,29,7,15,4,3148,0,1,8.65,,,,ATL,,,,,,,,,,,,,,,
Gio,FAC,ATL,SR716,,Scar,3,W,6,2,30,25,16,17,3,3587,0,3,8.65,,,,FAC,FAC,ATL,SR716,,Scar,3,W,6,2,,,,,,
Roxas,FAC,ATL,SR716,,Scar,3,W,6,2,32,18,11,25,7,3277,2,2,8.65,,,,FAC,,,,,,,,,,,,,,,
KingAbody,FAC,ATL,SR716,,Scar,3,W,6,2,23,24,9,13,7,2862,1,1,8.65,,,,FAC,,,,,,,,,,,,,,,
Alluka,FAC,ATL,SR716,,Scar,3,W,6,2,25,24,12,19,8,2693,3,0,8.65,,,,FAC,,,,,,,,,,,,,,,
D7om,ROC,FAC,SR717,,Scar,3,W,6,2,20,21,11,14,3,2429,4,1,8.87,,,,ROC,ROC,FAC,SR717,,Scar,3,W,6,2,,,,,,
Khhx,ROC,FAC,SR717,,Scar,3,W,6,2,27,24,11,18,3,3039,0,4,8.87,,,,ROC,,,,,,,,,,,,,,,
D7oomx,ROC,FAC,SR717,,Scar,3,W,6,2,32,23,8,24,7,3618,1,1,8.87,,,,ROC,,,,,,,,,,,,,,,
Rxld,ROC,FAC,SR717,,Scar,3,W,6,2,27,25,11,12,3,3176,1,0,8.87,,,,ROC,,,,,,,,,,,,,,,
Gio,FAC,ROC,SR717,,Scar,3,L,2,6,19,27,12,12,3,2910,0,0,8.87,,,,FAC,FAC,ROC,SR717,,Scar,3,L,2,6,,,,,,
Roxas,FAC,ROC,SR717,,Scar,3,L,2,6,25,25,8,12,6,3091,0,0,8.87,,,,FAC,,,,,,,,,,,,,,,
KingAbody,FAC,ROC,SR717,,Scar,3,L,2,6,28,28,7,20,3,3070,0,0,8.87,,,,FAC,,,,,,,,,,,,,,,
Alluka,FAC,ROC,SR717,,Scar,3,L,2,6,21,27,9,14,3,2440,2,5,8.87,,,,FAC,,,,,,,,,,,,,,,
DC,P7N,ROC,SR718,,Scar,3,W,6,4,22,29,11,13,4,2976,0,2,10.00,,,,P7N,P7N,ROC,SR718,,Scar,3,W,6,4,,,,,,
ErikBoom,P7N,ROC,SR718,,Scar,3,W,6,4,20,30,10,11,3,2858,2,1,10.00,,,,P7N,,,,,,,,,,,,,,,
Snoopy,P7N,ROC,SR718,,Scar,3,W,6,4,41,21,10,33,7,4185,2,0,10.00,,,,P7N,,,,,,,,,,,,,,,
Beans,P7N,ROC,SR718,,Scar,3,W,6,4,30,25,17,21,3,4179,2,3,10.00,,,,P7N,,,,,,,,,,,,,,,
D7om,ROC,P7N,SR718,,Scar,3,L,4,6,20,26,9,15,4,2489,1,0,10.00,,,,ROC,ROC,P7N,SR718,,Scar,3,L,4,6,,,,,,
Khhx,ROC,P7N,SR718,,Scar,3,L,4,6,33,28,12,19,4,4140,1,2,10.00,,,,ROC,,,,,,,,,,,,,,,
D7oomx,ROC,P7N,SR718,,Scar,3,L,4,6,24,31,6,15,3,2407,2,0,10.00,,,,ROC,,,,,,,,,,,,,,,
Rxld,ROC,P7N,SR718,,Scar,3,L,4,6,27,31,13,16,4,3279,0,4,10.00,,,,ROC,,,,,,,,,,,,,,,
TKay,TRN,OMT,SR719,,Den,3,W,8,4,31,18,6,28,6,3159,5,3,8.45,,,,TRN,TRN,OMT,SR719,,Den,3,W,8,4,,,,,,
Dak,TRN,OMT,SR719,,Den,3,W,8,4,20,22,12,14,5,2799,1,3,8.45,,,,TRN,,,,,,,,,,,,,,,
Mince,TRN,OMT,SR719,,Den,3,W,8,4,25,16,7,21,5,2744,1,0,8.45,,,,TRN,,,,,,,,,,,,,,,
Milly,TRN,OMT,SR719,,Den,3,W,8,4,21,24,11,11,4,2437,1,3,8.45,,,,TRN,,,,,,,,,,,,,,,
DK,OMT,TRN,SR719,,Den,3,L,4,8,24,25,13,18,6,3608,0,1,8.45,,,,OMT,OMT,TRN,SR719,,Den,3,L,4,8,,,,,,
Aspekt,OMT,TRN,SR719,,Den,3,L,4,8,16,24,9,10,2,2552,3,5,8.45,,,,OMT,,,,,,,,,,,,,,,
Ethan,OMT,TRN,SR719,,Den,3,L,4,8,24,23,4,17,3,3072,1,2,8.45,,,,OMT,,,,,,,,,,,,,,,
Denza,OMT,TRN,SR719,,Den,3,L,4,8,15,26,5,8,3,2019,0,1,8.45,,,,OMT,,,,,,,,,,,,,,,
DK,OMT,FCS,SR720,,Den,3,W,5,2,27,23,7,7,3,3000,1,1,10.00,,,,OMT,OMT,FCS,SR720,,Den,3,W,5,2,,,,,,
Aspekt,OMT,FCS,SR720,,Den,3,W,5,2,18,25,6,8,3,2100,0,2,10.00,,,,OMT,,,,,,,,,,,,,,,
Ethan,OMT,FCS,SR720,,Den,3,W,5,2,39,24,14,22,3,4200,3,1,10.00,,,,OMT,,,,,,,,,,,,,,,
Denza,OMT,FCS,SR720,,Den,3,W,5,2,17,23,3,9,3,2000,1,2,10.00,,,,OMT,,,,,,,,,,,,,,,
Ruper,FCS,OMT,SR720,,Den,3,L,2,5,23,28,8,14,3,2600,1,2,10.00,,,,FCS,FCS,OMT,SR720,,Den,3,L,2,5,,,,,,
Asim,FCS,OMT,SR720,,Den,3,L,2,5,24,24,7,16,3,2700,0,1,10.00,,,,FCS,,,,,,,,,,,,,,,
Skil,FCS,OMT,SR720,,Den,3,L,2,5,23,28,8,14,3,2600,0,1,10.00,,,,FCS,,,,,,,,,,,,,,,
KB,FCS,OMT,SR720,,Den,3,L,2,5,23,21,7,15,3,2600,1,2,10.00,,,,FCS,,,,,,,,,,,,,,,
Avo,BFS,END,SR721,,Gridlock,3,W,4,2,23,22,15,16,4,3134,0,2,10.33,,,,BFS,BFS,END,SR721,,Gridlock,3,W,4,2,,,,,,
Izaac,BFS,END,SR721,,Gridlock,3,W,4,2,19,22,7,14,3,2593,2,2,10.33,,,,BFS,,,,,,,,,,,,,,,
Charlie,BFS,END,SR721,,Gridlock,3,W,4,2,27,23,7,18,5,3183,0,3,10.33,,,,BFS,,,,,,,,,,,,,,,
DylanCOD,BFS,END,SR721,,Gridlock,3,W,4,2,25,22,10,18,4,2898,2,2,10.33,,,,BFS,,,,,,,,,,,,,,,
CrazieViews,END,BFS,SR721,,Gridlock,3,L,2,4,22,22,14,13,2,3221,0,2,10.33,,,,END,END,BFS,SR721,,Gridlock,3,L,2,4,,,,,,
VinnyReaper,END,BFS,SR721,,Gridlock,3,L,2,4,26,23,5,20,4,2836,0,0,10.33,,,,END,,,,,,,,,,,,,,,
Groovy,END,BFS,SR721,,Gridlock,3,L,2,4,19,25,11,12,5,2570,2,2,10.33,,,,END,,,,,,,,,,,,,,,
Cryptic,END,BFS,SR721,,Gridlock,3,L,2,4,21,24,7,13,3,3034,0,1,10.33,,,,END,,,,,,,,,,,,,,,
CrazieViews,END,OMI,SR722,,Exposure,3,L,0,3,18,20,5,12,3,2580,0,3,10.97,,,,END,END,OMI,SR722,,Exposure,3,L,0,3,,,,,,
VinnyReaper,END,OMI,SR722,,Exposure,3,L,0,3,16,21,6,7,3,2144,0,2,10.97,,,,END,,,,,,,,,,,,,,,
Groovy,END,OMI,SR722,,Exposure,3,L,0,3,25,24,7,13,2,2456,0,4,10.97,,,,END,,,,,,,,,,,,,,,
Cryptic,END,OMI,SR722,,Exposure,3,L,0,3,23,20,8,15,4,3071,0,3,10.97,,,,END,,,,,,,,,,,,,,,
Mirage,OMI,END,SR722,,Exposure,3,W,3,0,23,20,13,17,3,2661,1,3,10.97,,,,OMI,OMI,END,SR722,,Exposure,3,W,3,0,,,,,,
Mack,OMI,END,SR722,,Exposure,3,W,3,0,26,23,12,15,3,3007,1,3,10.97,,,,OMI,,,,,,,,,,,,,,,
Uli,OMI,END,SR722,,Exposure,3,W,3,0,19,23,12,13,3,2307,1,2,10.97,,,,OMI,,,,,,,,,,,,,,,
Arcitys,OMI,END,SR722,,Exposure,3,W,3,0,17,16,12,14,5,2888,0,1,10.97,,,,OMI,,,,,,,,,,,,,,,
Capsidal,TBG,EXC,SR723,,Gridlock,3,L,1,3,24,24,8,12,3,2922,1,2,10.00,,,,TBG,TBG,EXC,SR723,,Gridlock,3,L,1,3,,,,,,
Traix,TBG,EXC,SR723,,Gridlock,3,L,1,3,27,25,9,16,4,3464,0,3,10.00,,,,TBG,,,,,,,,,,,,,,,
Prolute,TBG,EXC,SR723,,Gridlock,3,L,1,3,19,23,10,15,3,2246,0,0,10.00,,,,TBG,,,,,,,,,,,,,,,
Cammy,TBG,EXC,SR723,,Gridlock,3,L,1,3,21,28,12,11,3,2936,0,1,10.00,,,,TBG,,,,,,,,,,,,,,,
Mighty,EXC,TBG,SR723,,Gridlock,3,W,3,1,24,24,10,13,3,2641,0,2,10.00,,,,EXC,EXC,TBG,SR723,,Gridlock,3,W,3,1,,,,,,
Cobra,EXC,TBG,SR723,,Gridlock,3,W,3,1,26,24,9,14,3,3159,2,4,10.00,,,,EXC,,,,,,,,,,,,,,,
Lynz,EXC,TBG,SR723,,Gridlock,3,W,3,1,26,25,17,17,5,3956,1,2,10.00,,,,EXC,,,,,,,,,,,,,,,
Breszy,EXC,TBG,SR723,,Gridlock,3,W,3,1,24,19,12,19,5,3149,0,3,10.00,,,,EXC,,,,,,,,,,,,,,,
KB,FCS,EXC,SR724,,Gridlock,3,W,5,3,22,21,11,13,4,3217,1,2,10.00,,,,FCS,FCS,EXC,SR724,,Gridlock,3,W,5,3,,,,,,
SkiL,FCS,EXC,SR724,,Gridlock,3,W,5,3,20,25,12,11,3,2942,2,1,10.00,,,,FCS,,,,,,,,,,,,,,,
Asim,FCS,EXC,SR724,,Gridlock,3,W,5,3,28,24,7,22,4,3044,1,2,10.00,,,,FCS,,,,,,,,,,,,,,,
Ruper,FCS,EXC,SR724,,Gridlock,3,W,5,3,26,23,9,17,5,3235,1,4,10.00,,,,FCS,,,,,,,,,,,,,,,
Mighty,EXC,FCS,SR724,,Gridlock,3,L,3,5,23,23,13,16,3,3048,1,1,10.00,,,,EXC,EXC,FCS,SR724,,Gridlock,3,L,3,5,,,,,,
Cobra,EXC,FCS,SR724,,Gridlock,3,L,3,5,19,24,12,15,5,2556,1,2,10.00,,,,EXC,,,,,,,,,,,,,,,
Lynz,EXC,FCS,SR724,,Gridlock,3,L,3,5,26,25,13,18,4,3147,0,1,10.00,,,,EXC,,,,,,,,,,,,,,,
Breszy,EXC,FCS,SR724,,Gridlock,3,L,3,5,24,25,5,17,3,3619,1,1,10.00,,,,EXC,,,,,,,,,,,,,,,
Capsidal,TBG,WAR,SR725,,Scar,3,W,8,1,25,21,9,16,4,2604,4,0,7.90,,,,TBG,TBG,WAR,SR725,,Scar,3,W,8,1,,,,,,
Traix,TBG,WAR,SR725,,Scar,3,W,8,1,30,18,7,27,7,3407,0,2,7.90,,,,TBG,,,,,,,,,,,,,,,
Prolute,TBG,WAR,SR725,,Scar,3,W,8,1,16,21,13,12,2,2314,2,1,7.90,,,,TBG,,,,,,,,,,,,,,,
Cammy,TBG,WAR,SR725,,Scar,3,W,8,1,28,14,9,23,5,3411,2,2,7.90,,,,TBG,,,,,,,,,,,,,,,
Flames,WAR,TBG,SR725,,Scar,3,L,1,8,17,27,4,9,3,2522,0,1,7.90,,,,WAR,WAR,TBG,SR725,,Scar,3,L,1,8,,,,,,
Vik,WAR,TBG,SR725,,Scar,3,L,1,8,19,25,8,13,4,2539,0,2,7.90,,,,WAR,,,,,,,,,,,,,,,
Nemensions,WAR,TBG,SR725,,Scar,3,L,1,8,20,23,7,12,4,2552,1,1,7.90,,,,WAR,,,,,,,,,,,,,,,
Iconz,WAR,TBG,SR725,,Scar,3,L,1,8,18,24,5,13,5,2041,0,2,7.90,,,,WAR,,,,,,,,,,,,,,,
Milly,TRN,P7N,SR726,,Scar,3,W,3,2,26,33,13,16,3,4028,0,7,10.57,,,,TRN,TRN,P7N,SR726,,Scar,3,W,3,2,,,,,,
Mince,TRN,P7N,SR726,,Scar,3,W,3,2,26,32,14,15,4,3389,2,3,10.57,,,,TRN,,,,,,,,,,,,,,,
Dak,TRN,P7N,SR726,,Scar,3,W,3,2,35,31,11,19,4,3636,0,5,10.57,,,,TRN,,,,,,,,,,,,,,,
TKay,TRN,P7N,SR726,,Scar,3,W,3,2,32,23,9,25,4,3685,1,8,10.57,,,,TRN,,,,,,,,,,,,,,,
Snoopy,P7N,TRN,SR726,,Scar,3,L,2,3,31,32,13,18,4,3891,1,3,10.57,,,,P7N,P7N,TRN,SR726,,Scar,3,L,2,3,,,,,,
DC,P7N,TRN,SR726,,Scar,3,L,2,3,27,29,17,14,3,3375,0,1,10.57,,,,P7N,,,,,,,,,,,,,,,
EriKBoom,P7N,TRN,SR726,,Scar,3,L,2,3,23,32,10,13,3,2931,0,2,10.57,,,,P7N,,,,,,,,,,,,,,,
Beans,P7N,TRN,SR726,,Scar,3,L,2,3,37,27,11,26,6,4217,1,4,10.57,,,,P7N,,,,,,,,,,,,,,,
Flames,WAR,TRN,SR727,,Scar,3,W,5,3,36,26,13,24,6,4145,2,3,10.05,,,,WAR,WAR,TRN,SR727,,Scar,3,W,5,3,,,,,,
Vik,WAR,TRN,SR727,,Scar,3,W,5,3,28,33,11,17,3,3590,2,4,10.05,,,,WAR,,,,,,,,,,,,,,,
Nemensions,WAR,TRN,SR727,,Scar,3,W,5,3,25,32,18,15,3,4089,0,1,10.05,,,,WAR,,,,,,,,,,,,,,,
Iconz,WAR,TRN,SR727,,Scar,3,W,5,3,23,32,8,8,2,2402,1,0,10.05,,,,WAR,,,,,,,,,,,,,,,
Milly,TRN,WAR,SR727,,Scar,3,L,3,5,38,27,13,23,6,4384,1,1,10.05,,,,TRN,TRN,WAR,SR727,,Scar,3,L,3,5,,,,,,
Mince,TRN,WAR,SR727,,Scar,3,L,3,5,28,32,7,12,3,3775,1,3,10.05,,,,TRN,,,,,,,,,,,,,,,
Dak,TRN,WAR,SR727,,Scar,3,L,3,5,32,27,5,20,4,2927,1,2,10.05,,,,TRN,,,,,,,,,,,,,,,
TKay,TRN,WAR,SR727,,Scar,3,L,3,5,25,27,19,16,4,3823,0,0,10.05,,,,TRN,,,,,,,,,,,,,,,
Flames,WAR,OMB,SR728,,Scar,3,W,8,2,26,20,16,16,5,2830,1,2,10.00,,,,WAR,WAR,OMB,SR728,,Scar,3,W,8,2,,,,,,
Vik,WAR,OMB,SR728,,Scar,3,W,8,2,30,31,16,17,3,3691,0,2,10.00,,,,WAR,,,,,,,,,,,,,,,
Nemensions,WAR,OMB,SR728,,Scar,3,W,8,2,32,21,13,26,5,3697,3,1,10.00,,,,WAR,,,,,,,,,,,,,,,
Iconz,WAR,OMB,SR728,,Scar,3,W,8,2,33,25,12,22,6,3774,4,1,10.00,,,,WAR,,,,,,,,,,,,,,,
Wrecks,OMB,WAR,SR728,,Scar,3,L,2,8,29,32,13,18,4,3816,1,2,10.00,,,,OMB,OMB,WAR,SR728,,Scar,3,L,2,8,,,,,,
Gwinn,OMB,WAR,SR728,,Scar,3,L,2,8,24,29,7,16,4,2805,0,3,10.00,,,,OMB,,,,,,,,,,,,,,,
PaulEhx,OMB,WAR,SR728,,Scar,3,L,2,8,21,27,4,12,3,3443,0,3,10.00,,,,OMB,,,,,,,,,,,,,,,
2ReaL,OMB,WAR,SR728,,Scar,3,L,2,8,22,33,7,11,4,2449,1,1,10.00,,,,OMB,,,,,,,,,,,,,,,
Aspekt,OMT,TBG,SR729,,Scar,3,L,1,5,27,30,13,19,6,3797,1,5,10.00,,,,OMT,OMT,TBG,SR729,,Scar,3,L,1,5,,,,,,
Denza,OMT,TBG,SR729,,Scar,3,L,1,5,22,29,12,16,3,2832,0,2,10.00,,,,OMT,,,,,,,,,,,,,,,
Ethan,OMT,TBG,SR729,,Scar,3,L,1,5,24,36,12,12,3,3094,0,3,10.00,,,,OMT,,,,,,,,,,,,,,,
DK,OMT,TBG,SR729,,Scar,3,L,1,5,29,26,11,17,3,3500,0,5,10.00,,,,OMT,,,,,,,,,,,,,,,
Capsidal,TBG,OMT,SR729,,Scar,3,W,5,1,31,31,19,20,5,4406,1,4,10.00,,,,TBG,TBG,OMT,SR729,,Scar,3,W,5,1,,,,,,
Prolute,TBG,OMT,SR729,,Scar,3,W,5,1,24,26,17,15,4,3169,0,3,10.00,,,,TBG,,,,,,,,,,,,,,,
Traix,TBG,OMT,SR729,,Scar,3,W,5,1,38,23,9,29,6,3860,1,3,10.00,,,,TBG,,,,,,,,,,,,,,,
Cammy,TBG,OMT,SR729,,Scar,3,W,5,1,28,22,8,18,5,3105,3,3,10.00,,,,TBG,,,,,,,,,,,,,,,
Capsidal,TBG,TRN,SR730,,Gridlock,3,W,5,1,25,16,8,20,5,3044,1,2,8.75,,,,TBG,TBG,TRN,SR730,,Gridlock,3,W,5,1,,,,,,
Prolute,TBG,TRN,SR730,,Gridlock,3,W,5,1,19,19,7,15,3,2358,1,2,8.75,,,,TBG,,,,,,,,,,,,,,,
Traix,TBG,TRN,SR730,,Gridlock,3,W,5,1,24,22,8,14,4,2897,2,1,8.75,,,,TBG,,,,,,,,,,,,,,,
Cammy,TBG,TRN,SR730,,Gridlock,3,W,5,1,30,17,4,23,3,3444,1,2,8.75,,,,TBG,,,,,,,,,,,,,,,
Milly,TRN,TBG,SR730,,Gridlock,3,L,1,5,22,25,7,15,3,2996,1,2,8.75,,,,TRN,TRN,TBG,SR730,,Gridlock,3,L,1,5,,,,,,
Mince,TRN,TBG,SR730,,Gridlock,3,L,1,5,22,22,5,16,5,2989,0,3,8.75,,,,TRN,,,,,,,,,,,,,,,
Dak,TRN,TBG,SR730,,Gridlock,3,L,1,5,9,24,13,4,2,1727,0,1,8.75,,,,TRN,,,,,,,,,,,,,,,
TKay,TRN,TBG,SR730,,Gridlock,3,L,1,5,20,28,6,12,2,2333,0,2,8.75,,,,TRN,,,,,,,,,,,,,,,
Aspekt,OMT,TRN,SR731,,Scar,3,L,2,3,19,31,9,11,3,2926,2,3,10.30,,,,OMT,OMT,TRN,SR731,,Scar,3,L,2,3,,,,,,
Denza,OMT,TRN,SR731,,Scar,3,L,2,3,30,29,12,18,4,3192,0,1,10.30,,,,OMT,,,,,,,,,,,,,,,
Ethan,OMT,TRN,SR731,,Scar,3,L,2,3,33,34,15,19,5,3902,0,5,10.30,,,,OMT,,,,,,,,,,,,,,,
DK,OMT,TRN,SR731,,Scar,3,L,2,3,32,26,16,24,4,4520,0,3,10.30,,,,OMT,,,,,,,,,,,,,,,
Milly,TRN,OMT,SR731,,Scar,3,W,3,2,29,36,14,10,3,3884,0,1,10.30,,,,TRN,TRN,OMT,SR731,,Scar,3,W,3,2,,,,,,
Mince,TRN,OMT,SR731,,Scar,3,W,3,2,26,28,14,20,3,2948,2,3,10.30,,,,TRN,,,,,,,,,,,,,,,
Dak,TRN,OMT,SR731,,Scar,3,W,3,2,29,26,19,23,6,3779,1,2,10.30,,,,TRN,,,,,,,,,,,,,,,
TKay,TRN,OMT,SR731,,Scar,3,W,3,2,35,26,7,24,5,3607,0,4,10.30,,,,TRN,,,,,,,,,,,,,,,
Capsidal,TBG,ATL,SR732,,Scar,3,W,4,3,25,28,14,19,4,2747,3,0,10.00,,,,TBG,TBG,ATL,SR732,,Scar,3,W,4,3,,,,,,
Prolute,TBG,ATL,SR732,,Scar,3,W,4,3,27,24,19,21,5,3807,1,3,10.00,,,,TBG,,,,,,,,,,,,,,,
Cammy,TBG,ATL,SR732,,Scar,3,W,4,3,29,26,15,19,4,3291,0,0,10.00,,,,TBG,,,,,,,,,,,,,,,
Traix,TBG,ATL,SR732,,Scar,3,W,4,3,38,25,10,28,6,4354,0,2,10.00,,,,TBG,,,,,,,,,,,,,,,
Mish,ATL,TBG,SR732,,Scar,3,L,3,4,29,30,13,18,5,3888,0,5,10.00,,,,ATL,ATL,TBG,SR732,,Scar,3,L,3,4,,,,,,
Mint,ATL,TBG,SR732,,Scar,3,L,3,4,23,31,12,15,5,3220,1,0,10.00,,,,ATL,,,,,,,,,,,,,,,
Pengie,ATL,TBG,SR732,,Scar,3,L,3,4,28,33,5,16,4,3360,1,5,10.00,,,,ATL,,,,,,,,,,,,,,,
Aveerse,ATL,TBG,SR732,,Scar,3,L,3,4,23,26,7,15,6,2972,1,0,10.00,,,,ATL,,,,,,,,,,,,,,,
DK,OMT,TPC,SR733,,Den,3,W,8,1,21,16,10,15,4,2744,1,2,7.00,,,,OMT,OMT,TPC,SR733,,Den,3,W,8,1,,,,,,
Denza,OMT,TPC,SR733,,Den,3,W,8,1,18,13,9,13,4,2153,3,0,7.00,,,,OMT,,,,,,,,,,,,,,,
Aspekt,OMT,TPC,SR733,,Den,3,W,8,1,21,17,9,14,4,2850,3,0,7.00,,,,OMT,,,,,,,,,,,,,,,
Ethan,OMT,TPC,SR733,,Den,3,W,8,1,28,15,7,19,6,2768,1,1,7.00,,,,OMT,,,,,,,,,,,,,,,
Slade,TPC,OMT,SR733,,Den,3,L,1,8,12,24,7,7,2,1898,0,0,7.00,,,,TPC,TPC,OMT,SR733,,Den,3,L,1,8,,,,,,
Booger,TPC,OMT,SR733,,Den,3,L,1,8,20,22,9,9,3,2365,0,3,7.00,,,,TPC,,,,,,,,,,,,,,,
eH,TPC,OMT,SR733,,Den,3,L,1,8,13,25,7,6,3,1826,1,3,7.00,,,,TPC,,,,,,,,,,,,,,,
Kez,TPC,OMT,SR733,,Den,3,L,1,8,15,21,8,9,3,1663,0,0,7.00,,,,TPC,,,,,,,,,,,,,,,
Dylan,DCM,P7E,SR734,,Exposure,3,L,4,5,20,27,9,11,2,2321,2,0,10.17,,,,DCM,DCM,P7E,SR734,,Exposure,3,L,4,5,,,,,,
Caoss,DCM,P7E,SR734,,Exposure,3,L,4,5,24,25,11,13,3,2671,0,0,10.17,,,,DCM,,,,,,,,,,,,,,,
CotiCR,DCM,P7E,SR734,,Exposure,3,L,4,5,20,24,8,10,2,2248,2,0,10.17,,,,DCM,,,,,,,,,,,,,,,
Tradex,DCM,P7E,SR734,,Exposure,3,L,4,5,24,27,9,12,3,2844,0,0,10.17,,,,DCM,,,,,,,,,,,,,,,
Mythix,P7E,DCM,SR734,,Exposure,3,W,5,4,35,19,17,23,7,4102,1,0,10.17,,,,P7E,P7E,DCM,SR734,,Exposure,3,W,5,4,,,,,,
Henry,P7E,DCM,SR734,,Exposure,3,W,5,4,22,24,9,10,4,2680,1,0,10.17,,,,P7E,,,,,,,,,,,,,,,
FDot,P7E,DCM,SR734,,Exposure,3,W,5,4,22,28,9,10,4,2471,2,0,10.17,,,,P7E,,,,,,,,,,,,,,,
Harry,P7E,DCM,SR734,,Exposure,3,W,5,4,24,17,8,12,5,2793,1,0,10.17,,,,P7E,,,,,,,,,,,,,,,
Fighta,MFK,P7N,SR735,,Den,3,L,1,3,21,24,13,16,4,2775,0,5,10.00,,,,MFK,MFK,P7N,SR735,,Den,3,L,1,3,,,,,,
Setzyy,MFK,P7N,SR735,,Den,3,L,1,3,21,27,11,14,4,2865,1,1,10.00,,,,MFK,,,,,,,,,,,,,,,
Lymax,MFK,P7N,SR735,,Den,3,L,1,3,22,30,11,14,3,3152,0,3,10.00,,,,MFK,,,,,,,,,,,,,,,
Crimzah,MFK,P7N,SR735,,Den,3,L,1,3,24,22,6,13,2,2910,0,2,10.00,,,,MFK,,,,,,,,,,,,,,,
Beans,P7N,MFK,SR735,,Den,3,W,3,1,27,23,13,16,4,3444,0,7,10.00,,,,P7N,P7N,MFK,SR735,,Den,3,W,3,1,,,,,,
EriKBoom,P7N,MFK,SR735,,Den,3,W,3,1,37,22,7,29,7,3946,1,4,10.00,,,,P7N,,,,,,,,,,,,,,,
Johnny,P7N,MFK,SR735,,Den,3,W,3,1,26,22,13,16,4,3063,0,0,10.00,,,,P7N,,,,,,,,,,,,,,,
Snoopy,P7N,MFK,SR735,,Den,3,W,3,1,13,22,18,11,4,2439,2,0,10.00,,,,P7N,,,,,,,,,,,,,,,
Flames,WAR,OMI,SR736,,Den,3,W,6,3,19,14,8,12,4,2183,3,0,8.08,,,,WAR,WAR,OMI,SR736,,Den,3,W,6,3,,,,,,
Nemensions,WAR,OMI,SR736,,Den,3,W,6,3,21,16,7,14,4,2698,0,0,8.08,,,,WAR,,,,,,,,,,,,,,,
Iconz,WAR,OMI,SR736,,Den,3,W,6,3,24,17,11,19,6,2711,2,2,8.08,,,,WAR,,,,,,,,,,,,,,,
Vik,WAR,OMI,SR736,,Den,3,W,6,3,15,17,14,10,2,1945,1,1,8.08,,,,WAR,,,,,,,,,,,,,,,
Breszy,OMI,WAR,SR736,,Den,3,L,3,6,13,19,6,7,2,1536,0,0,8.08,,,,OMI,OMI,WAR,SR736,,Den,3,L,3,6,,,,,,
Cobra,OMI,WAR,SR736,,Den,3,L,3,6,21,19,6,15,5,2254,2,3,8.08,,,,OMI,,,,,,,,,,,,,,,
Lynz,OMI,WAR,SR736,,Den,3,L,3,6,10,18,9,7,3,1671,1,2,8.08,,,,OMI,,,,,,,,,,,,,,,
Mighty,OMI,WAR,SR736,,Den,3,L,3,6,20,24,15,10,3,3369,0,5,8.08,,,,OMI,,,,,,,,,,,,,,,
Owakening,HUN,TRN,SR737,,Den,3,L,1,3,20,25,21,16,3,3474,0,2,10.13,,,,HUN,HUN,TRN,SR737,,Den,3,L,1,3,,,,,,
Renegade,HUN,TRN,SR737,,Den,3,L,1,3,24,28,7,15,3,2547,0,3,10.13,,,,HUN,,,,,,,,,,,,,,,
Brack,HUN,TRN,SR737,,Den,3,L,1,3,34,25,12,23,4,3611,0,6,10.13,,,,HUN,,,,,,,,,,,,,,,
Uli,HUN,TRN,SR737,,Den,3,L,1,3,21,28,13,13,3,2664,1,2,10.13,,,,HUN,,,,,,,,,,,,,,,
Tkay,TRN,HUN,SR737,,Den,3,W,3,1,23,24,15,18,2,3067,1,3,10.13,,,,TRN,TRN,HUN,SR737,,Den,3,W,3,1,,,,,,
Dak,TRN,HUN,SR737,,Den,3,W,3,1,28,23,9,22,4,3391,0,4,10.13,,,,TRN,,,,,,,,,,,,,,,
Milly,TRN,HUN,SR737,,Den,3,W,3,1,20,28,15,10,3,3094,0,1,10.13,,,,TRN,,,,,,,,,,,,,,,
Mince,TRN,HUN,SR737,,Den,3,W,3,1,35,24,10,25,4,3575,2,2,10.13,,,,TRN,,,,,,,,,,,,,,,
Alfa,T1G,OMB,SR738,,Exposure,3,L,1,7,17,28,9,10,3,2997,1,2,9.90,,,,T1G,T1G,OMB,SR738,,Exposure,3,L,1,7,,,,,,
Depaa,T1G,OMB,SR738,,Exposure,3,L,1,7,23,27,8,14,3,3446,0,3,9.90,,,,T1G,,,,,,,,,,,,,,,
Melko,T1G,OMB,SR738,,Exposure,3,L,1,7,22,27,5,14,3,2759,0,3,9.90,,,,T1G,,,,,,,,,,,,,,,
Syqz,T1G,OMB,SR738,,Exposure,3,L,1,7,17,24,6,11,4,2287,0,1,9.90,,,,T1G,,,,,,,,,,,,,,,
DC,OMB,T1G,SR738,,Exposure,3,W,7,1,20,19,6,18,3,2152,2,1,9.90,,,,OMB,OMB,T1G,SR738,,Exposure,3,W,7,1,,,,,,
Gwinn,OMB,T1G,SR738,,Exposure,3,W,7,1,22,21,17,17,6,2898,2,4,9.90,,,,OMB,,,,,,,,,,,,,,,
PaulEhx,OMB,T1G,SR738,,Exposure,3,W,7,1,33,20,6,25,5,3377,3,4,9.90,,,,OMB,,,,,,,,,,,,,,,
2Real,OMB,T1G,SR738,,Exposure,3,W,7,1,29,19,12,22,6,3633,0,0,9.90,,,,OMB,,,,,,,,,,,,,,,
Sukaah,OMV,ROC,SR739,,Scar,3,L,2,3,28,33,15,18,4,3483,0,2,10.52,,,,OMV,OMV,ROC,SR739,,Scar,3,L,2,3,,,,,,
Rafa,OMV,ROC,SR739,,Scar,3,L,2,3,32,29,8,17,3,3416,0,1,10.52,,,,OMV,,,,,,,,,,,,,,,
Kuri,OMV,ROC,SR739,,Scar,3,L,2,3,15,32,12,8,2,2777,0,1,10.52,,,,OMV,,,,,,,,,,,,,,,
Joker,OMV,ROC,SR739,,Scar,3,L,2,3,30,31,12,19,4,3622,2,3,10.52,,,,OMV,,,,,,,,,,,,,,,
Khhx,ROC,OMV,SR739,,Scar,3,W,3,2,29,26,15,21,4,3710,1,4,10.52,,,,ROC,ROC,OMV,SR739,,Scar,3,W,3,2,,,,,,
D7oomx,ROC,OMV,SR739,,Scar,3,W,3,2,33,28,8,17,4,3355,1,5,10.52,,,,ROC,,,,,,,,,,,,,,,
Vortex,ROC,OMV,SR739,,Scar,3,W,3,2,33,23,8,28,6,3560,0,3,10.52,,,,ROC,,,,,,,,,,,,,,,
D7om,ROC,OMV,SR739,,Scar,3,W,3,2,30,29,16,18,3,4077,1,1,10.52,,,,ROC,,,,,,,,,,,,,,,
Breszy,OMI,ATL,SR740,,Gridlock,3,W,5,4,20,22,8,14,4,2859,0,0,10.42,,,,OMI,OMI,ATL,SR740,,Gridlock,3,W,5,4,,,,,,
Cobra,OMI,ATL,SR740,,Gridlock,3,W,5,4,27,20,10,19,5,3200,0,2,10.42,,,,OMI,,,,,,,,,,,,,,,
Lynz,OMI,ATL,SR740,,Gridlock,3,W,5,4,29,22,7,20,6,3540,3,3,10.42,,,,OMI,,,,,,,,,,,,,,,
Mighty,OMI,ATL,SR740,,Gridlock,3,W,5,4,19,22,10,13,3,3132,2,0,10.42,,,,OMI,,,,,,,,,,,,,,,
Mish,ATL,OMI,SR740,,Gridlock,3,L,4,5,28,24,2,20,7,3407,3,4,10.42,,,,ATL,ATL,OMI,SR740,,Gridlock,3,L,4,5,,,,,,
Mint,ATL,OMI,SR740,,Gridlock,3,L,4,5,15,25,8,12,3,2207,1,0,10.42,,,,ATL,,,,,,,,,,,,,,,
Pengie,ATL,OMI,SR740,,Gridlock,3,L,4,5,22,22,6,13,4,2823,0,4,10.42,,,,ATL,,,,,,,,,,,,,,,
Aveerse,ATL,OMI,SR740,,Gridlock,3,L,4,5,20,25,7,15,4,3075,0,1,10.42,,,,ATL,,,,,,,,,,,,,,,
Slade,TPC,HUN,SR741,,Scar,3,L,2,7,23,33,7,13,4,2757,0,2,10.10,,,,TPC,TPC,HUN,SR741,,Scar,3,L,2,7,,,,,,
Booger,TPC,HUN,SR741,,Scar,3,L,2,7,20,32,17,7,3,3040,1,0,10.10,,,,TPC,,,,,,,,,,,,,,,
eH,TPC,HUN,SR741,,Scar,3,L,2,7,27,32,11,17,4,3417,0,4,10.10,,,,TPC,,,,,,,,,,,,,,,
Kez,TPC,HUN,SR741,,Scar,3,L,2,7,24,28,12,12,2,3220,1,4,10.10,,,,TPC,,,,,,,,,,,,,,,
Owakening,HUN,TPC,SR741,,Scar,3,W,7,2,32,23,16,20,4,3936,3,0,10.10,,,,HUN,HUN,TPC,SR741,,Scar,3,W,7,2,,,,,,
Renegade,HUN,TPC,SR741,,Scar,3,W,7,2,29,23,12,21,6,3123,2,2,10.10,,,,HUN,,,,,,,,,,,,,,,
Brack,HUN,TPC,SR741,,Scar,3,W,7,2,30,26,21,23,4,3895,1,3,10.10,,,,HUN,,,,,,,,,,,,,,,
Uli,HUN,TPC,SR741,,Scar,3,W,7,2,34,22,12,28,14,3450,1,0,10.10,,,,HUN,,,,,,,,,,,,,,,
Alfa,T1G,DCM,SR742,,Scar,3,W,5,2,32,24,18,20,6,4149,0,2,10.00,,,,T1G,T1G,DCM,SR742,,Scar,3,W,5,2,,,,,,
Depa,T1G,DCM,SR742,,Scar,3,W,5,2,20,25,15,18,4,2649,2,2,10.00,,,,T1G,,,,,,,,,,,,,,,
Melko,T1G,DCM,SR742,,Scar,3,W,5,2,30,23,14,21,5,3517,2,3,10.00,,,,T1G,,,,,,,,,,,,,,,
Syqz,T1G,DCM,SR742,,Scar,3,W,5,2,32,22,8,25,6,3465,1,2,10.00,,,,T1G,,,,,,,,,,,,,,,
Dylan,DCM,T1G,SR742,,Scar,3,L,2,5,24,26,9,14,3,3252,0,2,10.00,,,,DCM,DCM,T1G,SR742,,Scar,3,L,2,5,,,,,,
Caoss,DCM,T1G,SR742,,Scar,3,L,2,5,29,27,7,18,3,3580,1,2,10.00,,,,DCM,,,,,,,,,,,,,,,
CotiCR,DCM,T1G,SR742,,Scar,3,L,2,5,20,30,8,13,2,3146,0,1,10.00,,,,DCM,,,,,,,,,,,,,,,
Tradex,DCM,T1G,SR742,,Scar,3,L,2,5,21,32,7,8,3,2618,1,3,10.00,,,,DCM,,,,,,,,,,,,,,,
Sukaah,OMV,MFK,SR743,,Gridlock,3,L,2,6,18,28,13,10,3,3161,1,2,10.10,,,,OMV,OMV,MFK,SR743,,Gridlock,3,L,2,6,,,,,,
Rafa,OMV,MFK,SR743,,Gridlock,3,L,2,6,19,27,11,12,3,2674,1,2,10.10,,,,OMV,,,,,,,,,,,,,,,
Kuri,OMV,MFK,SR743,,Gridlock,3,L,2,6,26,29,2,16,5,2647,0,3,10.10,,,,OMV,,,,,,,,,,,,,,,
Joker,OMV,MFK,SR743,,Gridlock,3,L,2,6,21,29,13,8,3,2932,0,2,10.10,,,,OMV,,,,,,,,,,,,,,,
Fighta,MFK,OMV,SR743,,Gridlock,3,W,6,2,29,18,9,22,6,3142,0,4,10.10,,,,MFK,MFK,OMV,SR743,,Gridlock,3,W,6,2,,,,,,
Setzyy,MFK,OMV,SR743,,Gridlock,3,W,6,2,27,24,12,18,4,3074,2,2,10.10,,,,MFK,,,,,,,,,,,,,,,
Lymax,MFK,OMV,SR743,,Gridlock,3,W,6,2,31,24,12,25,7,3744,0,1,10.10,,,,MFK,,,,,,,,,,,,,,,
Crimzah,MFK,OMV,SR743,,Gridlock,3,W,6,2,25,19,11,16,5,2852,4,1,10.10,,,,MFK,,,,,,,,,,,,,,,
Capsidal,TBG,WAR,SR744,,Scar,3,L,3,5,18,24,7,9,2,2328,1,1,9.08,,,,TBG,TBG,WAR,SR744,,Scar,3,L,3,5,,,,,,
Prolute,TBG,WAR,SR744,,Scar,3,L,3,5,22,24,8,14,4,3224,1,1,9.08,,,,TBG,,,,,,,,,,,,,,,
Cammy,TBG,WAR,SR744,,Scar,3,L,3,5,24,26,13,13,4,3965,0,3,9.08,,,,TBG,,,,,,,,,,,,,,,
Traix,TBG,WAR,SR744,,Scar,3,L,3,5,25,26,10,17,5,2953,1,3,9.08,,,,TBG,,,,,,,,,,,,,,,
Flames,WAR,TBG,SR744,,Scar,3,W,5,3,19,22,8,15,3,2111,2,5,9.08,,,,WAR,WAR,TBG,SR744,,Scar,3,W,5,3,,,,,,
Nemensions,WAR,TBG,SR744,,Scar,3,W,5,3,26,23,11,21,5,3626,1,0,9.08,,,,WAR,,,,,,,,,,,,,,,
Iconz,WAR,TBG,SR744,,Scar,3,W,5,3,18,24,12,14,3,2472,1,2,9.08,,,,WAR,,,,,,,,,,,,,,,
Vik,WAR,TBG,SR744,,Scar,3,W,5,3,37,21,11,25,7,4212,1,0,9.08,,,,WAR,,,,,,,,,,,,,,,
Tkay,TRN,OMT,SR745,,Exposure,3,L,1,5,21,25,6,13,3,2937,0,2,10.35,,,,TRN,TRN,OMT,SR745,,Exposure,3,L,1,5,,,,,,
Dak,TRN,OMT,SR745,,Exposure,3,L,1,5,26,23,7,20,5,3345,0,4,10.35,,,,TRN,,,,,,,,,,,,,,,
Milly,TRN,OMT,SR745,,Exposure,3,L,1,5,20,29,8,10,2,2811,1,2,10.35,,,,TRN,,,,,,,,,,,,,,,
Mince,TRN,OMT,SR745,,Exposure,3,L,1,5,26,29,8,15,7,3233,0,2,10.35,,,,TRN,,,,,,,,,,,,,,,
DK,OMT,TRN,SR745,,Exposure,3,W,5,1,32,22,8,24,5,3483,1,1,10.35,,,,OMT,OMT,TRN,SR745,,Exposure,3,W,5,1,,,,,,
Denza,OMT,TRN,SR745,,Exposure,3,W,5,1,19,25,13,16,3,2895,2,2,10.35,,,,OMT,,,,,,,,,,,,,,,
Aspekt,OMT,TRN,SR745,,Exposure,3,W,5,1,25,21,5,18,4,2681,2,0,10.35,,,,OMT,,,,,,,,,,,,,,,
Ethan,OMT,TRN,SR745,,Exposure,3,W,5,1,29,25,12,16,4,3762,0,1,10.35,,,,OMT,,,,,,,,,,,,,,,
Mythix,P7E,OMB,SR746,,Gridlock,3,L,2,5,30,24,6,22,4,3519,1,2,9.47,,,,P7E,P7E,OMB,SR746,,Gridlock,3,L,2,5,,,,,,
Henry,P7E,OMB,SR746,,Gridlock,3,L,2,5,14,24,7,7,2,2401,1,2,9.47,,,,P7E,,,,,,,,,,,,,,,
FDot,P7E,OMB,SR746,,Gridlock,3,L,2,5,20,28,8,10,3,2851,0,0,9.47,,,,P7E,,,,,,,,,,,,,,,
Harry,P7E,OMB,SR746,,Gridlock,3,L,2,5,22,21,6,16,4,2551,0,2,9.47,,,,P7E,,,,,,,,,,,,,,,
DC,OMB,P7E,SR746,,Gridlock,3,W,5,2,27,19,8,23,6,3125,1,0,9.47,,,,OMB,OMB,P7E,SR746,,Gridlock,3,W,5,2,,,,,,
Gwinn,OMB,P7E,SR746,,Gridlock,3,W,5,2,22,26,14,15,3,3160,0,2,9.47,,,,OMB,,,,,,,,,,,,,,,
PaulEhx,OMB,P7E,SR746,,Gridlock,3,W,5,2,23,20,13,17,5,2841,2,2,9.47,,,,OMB,,,,,,,,,,,,,,,
2Real,OMB,P7E,SR746,,Gridlock,3,W,5,2,25,22,9,17,4,2970,2,4,9.47,,,,OMB,,,,,,,,,,,,,,,
Khhx,ROC,P7N,SR747,,Den,3,L,2,8,29,25,11,19,4,3632,0,4,9.27,,,,ROC,ROC,P7N,SR747,,Den,3,L,2,8,,,,,,
D7oomx,ROC,P7N,SR747,,Den,3,L,2,8,14,27,11,7,2,2444,2,1,9.27,,,,ROC,,,,,,,,,,,,,,,
Vortex,ROC,P7N,SR747,,Den,3,L,2,8,18,28,7,11,2,2460,0,3,9.27,,,,ROC,,,,,,,,,,,,,,,
D7om,ROC,P7N,SR747,,Den,3,L,2,8,25,27,10,16,5,3128,0,0,9.27,,,,ROC,,,,,,,,,,,,,,,
Beans,P7N,ROC,SR747,,Den,3,W,8,2,30,19,14,21,5,3469,2,0,9.27,,,,P7N,P7N,ROC,SR747,,Den,3,W,8,2,,,,,,
EriKBoom,P7N,ROC,SR747,,Den,3,W,8,2,26,20,11,20,4,3302,2,1,9.27,,,,P7N,,,,,,,,,,,,,,,
Johnny,P7N,ROC,SR747,,Den,3,W,8,2,24,25,9,14,3,3185,3,1,9.27,,,,P7N,,,,,,,,,,,,,,,
Snoopy,P7N,ROC,SR747,,Den,3,W,8,2,26,22,10,18,4,3179,1,3,9.27,,,,P7N,,,,,,,,,,,,,,,
Breszy,OMI,TBG,SR748,,Scar,3,L,1,5,17,28,12,12,4,2744,0,0,10.10,,,,OMI,OMI,TBG,SR748,,Scar,3,L,1,5,,,,,,
Cobra,OMI,TBG,SR748,,Scar,3,L,1,5,31,28,13,22,4,4243,0,2,10.10,,,,OMI,,,,,,,,,,,,,,,
Lynz,OMI,TBG,SR748,,Scar,3,L,1,5,27,29,7,17,3,2815,0,1,10.10,,,,OMI,,,,,,,,,,,,,,,
Mighty,OMI,TBG,SR748,,Scar,3,L,1,5,22,34,12,13,3,3512,1,2,10.10,,,,OMI,,,,,,,,,,,,,,,
Capsidal,TBG,OMI,SR748,,Scar,3,W,5,1,31,22,9,22,4,3563,3,3,10.10,,,,TBG,TBG,OMI,SR748,,Scar,3,W,5,1,,,,,,
Prolute,TBG,OMI,SR748,,Scar,3,W,5,1,28,29,13,17,4,3877,1,1,10.10,,,,TBG,,,,,,,,,,,,,,,
Cammy,TBG,OMI,SR748,,Scar,3,W,5,1,33,20,11,28,7,3518,1,2,10.10,,,,TBG,,,,,,,,,,,,,,,
Traix,TBG,OMI,SR748,,Scar,3,W,5,1,27,28,13,20,6,3557,0,0,10.10,,,,TBG,,,,,,,,,,,,,,,
Tkay,TRN,HUN,SR749,,Exposure,3,L,2,5,26,26,8,14,5,3409,0,6,10.02,,,,TRN,TRN,HUN,SR749,,Exposure,3,L,2,5,,,,,,
Dak,TRN,HUN,SR749,,Exposure,3,L,2,5,23,28,8,15,4,3216,0,1,10.02,,,,TRN,,,,,,,,,,,,,,,
Milly,TRN,HUN,SR749,,Exposure,3,L,2,5,24,27,5,14,4,3211,1,2,10.02,,,,TRN,,,,,,,,,,,,,,,
Mince,TRN,HUN,SR749,,Exposure,3,L,2,5,16,28,11,10,4,2545,1,1,10.02,,,,TRN,,,,,,,,,,,,,,,
Owakening,HUN,TRN,SR749,,Exposure,3,W,5,2,26,25,10,16,4,2801,1,2,10.02,,,,HUN,HUN,TRN,SR749,,Exposure,3,W,5,2,,,,,,
Renegade,HUN,TRN,SR749,,Exposure,3,W,5,2,27,21,14,21,4,3607,0,1,10.02,,,,HUN,,,,,,,,,,,,,,,
Brack,HUN,TRN,SR749,,Exposure,3,W,5,2,27,22,11,20,5,3242,2,5,10.02,,,,HUN,,,,,,,,,,,,,,,
Uli,HUN,TRN,SR749,,Exposure,3,W,5,2,29,24,8,20,5,2916,2,4,10.02,,,,HUN,,,,,,,,,,,,,,,
Alfa,T1G,P7E,SR750,,Den,3,L,2,6,25,30,8,17,3,2973,1,4,10.13,,,,T1G,T1G,P7E,SR750,,Den,3,L,2,6,,,,,,
Depa,T1G,P7E,SR750,,Den,3,L,2,6,25,30,4,16,3,2516,0,1,10.13,,,,T1G,,,,,,,,,,,,,,,
Melko,T1G,P7E,SR750,,Den,3,L,2,6,22,30,17,10,2,3306,0,2,10.13,,,,T1G,,,,,,,,,,,,,,,
Syqz,T1G,P7E,SR750,,Den,3,L,2,6,25,27,15,14,3,3644,1,2,10.13,,,,T1G,,,,,,,,,,,,,,,
Mythix,P7E,T1G,SR750,,Den,3,W,6,2,37,23,15,22,7,4153,0,3,10.13,,,,P7E,P7E,T1G,SR750,,Den,3,W,6,2,,,,,,
Henry,P7E,T1G,SR750,,Den,3,W,6,2,23,27,12,14,2,2770,2,1,10.13,,,,P7E,,,,,,,,,,,,,,,
FDot,P7E,T1G,SR750,,Den,3,W,6,2,35,25,12,25,4,4251,0,3,10.13,,,,P7E,,,,,,,,,,,,,,,
Harry,P7E,T1G,SR750,,Den,3,W,6,2,22,23,9,15,4,2560,4,5,10.13,,,,P7E,,,,,,,,,,,,,,,
Fighta,MFK,ROC,SR751,,Den,3,W,4,3,17,30,12,10,3,2517,1,3,10.15,,,,MFK,MFK,ROC,SR751,,Den,3,W,4,3,,,,,,
Setzyy,MFK,ROC,SR751,,Den,3,W,4,3,27,24,11,18,3,3712,1,1,10.15,,,,MFK,,,,,,,,,,,,,,,
Lymax,MFK,ROC,SR751,,Den,3,W,4,3,29,25,10,20,6,3660,1,3,10.15,,,,MFK,,,,,,,,,,,,,,,
Crimzah,MFK,ROC,SR751,,Den,3,W,4,3,31,18,12,27,12,3424,1,3,10.15,,,,MFK,,,,,,,,,,,,,,,
Khhx,ROC,MFK,SR751,,Den,3,L,3,4,28,28,8,17,4,3221,0,3,10.15,,,,ROC,ROC,MFK,SR751,,Den,3,L,3,4,,,,,,
D7oomx,ROC,MFK,SR751,,Den,3,L,3,4,22,29,7,14,3,2761,2,2,10.15,,,,ROC,,,,,,,,,,,,,,,
Vortex,ROC,MFK,SR751,,Den,3,L,3,4,23,24,13,15,3,2910,0,2,10.15,,,,ROC,,,,,,,,,,,,,,,
D7om,ROC,MFK,SR751,,Den,3,L,3,4,24,26,11,13,3,3036,1,2,10.15,,,,ROC,,,,,,,,,,,,,,,
Capsidal,TBG,OMT,SR752,,Den,3,L,1,8,14,24,13,7,4,2299,0,0,7.27,,,,TBG,TBG,OMT,SR752,,Den,3,L,1,8,,,,,,
Prolute,TBG,OMT,SR752,,Den,3,L,1,8,21,23,5,11,3,2358,0,2,7.27,,,,TBG,,,,,,,,,,,,,,,
Cammy,TBG,OMT,SR752,,Den,3,L,1,8,15,24,6,5,3,2118,0,0,7.27,,,,TBG,,,,,,,,,,,,,,,
Traix,TBG,OMT,SR752,,Den,3,L,1,8,20,20,10,11,3,2534,1,1,7.27,,,,TBG,,,,,,,,,,,,,,,
DK,OMT,TBG,SR752,,Den,3,W,8,1,24,16,11,15,4,2871,3,2,7.27,,,,OMT,OMT,TBG,SR752,,Den,3,W,8,1,,,,,,
Denza,OMT,TBG,SR752,,Den,3,W,8,1,23,17,9,13,3,2820,0,1,7.27,,,,OMT,,,,,,,,,,,,,,,
Aspekt,OMT,TBG,SR752,,Den,3,W,8,1,25,16,7,18,6,2697,1,1,7.27,,,,OMT,,,,,,,,,,,,,,,
Ethan,OMT,TBG,SR752,,Den,3,W,8,1,19,21,13,11,3,2711,4,1,7.27,,,,OMT,,,,,,,,,,,,,,,
Mythix,P7E,P7N,SR753,,Den,3,L,1,7,20,26,6,11,3,3148,0,1,9.23,,,,P7E,P7E,P7N,SR753,,Den,3,L,1,7,,,,,,
Henry,P7E,P7N,SR753,,Den,3,L,1,7,21,26,9,14,4,2769,1,4,9.23,,,,P7E,,,,,,,,,,,,,,,
FDot,P7E,P7N,SR753,,Den,3,L,1,7,15,29,14,8,2,2412,0,1,9.23,,,,P7E,,,,,,,,,,,,,,,
Harry,P7E,P7N,SR753,,Den,3,L,1,7,23,22,9,15,3,2979,0,2,9.23,,,,P7E,,,,,,,,,,,,,,,
Beans,P7N,P7E,SR753,,Den,3,W,7,1,18,18,13,15,3,2360,1,4,9.23,,,,P7N,P7N,P7E,SR753,,Den,3,W,7,1,,,,,,
EriKBoom,P7N,P7E,SR753,,Den,3,W,7,1,23,21,12,15,4,2993,4,1,9.23,,,,P7N,,,,,,,,,,,,,,,
Johnny,P7N,P7E,SR753,,Den,3,W,7,1,32,21,17,24,4,4503,0,1,9.23,,,,P7N,,,,,,,,,,,,,,,
Snoopy,P7N,P7E,SR753,,Den,3,W,7,1,28,21,9,21,5,2712,2,1,9.23,,,,P7N,,,,,,,,,,,,,,,
Flames,WAR,HUN,SR754,,Exposure,3,W,5,4,24,27,11,17,2,2949,3,2,14.98,,,,WAR,WAR,HUN,SR754,,Exposure,3,W,5,4,,,,,,
Nemensions,WAR,HUN,SR754,,Exposure,3,W,5,4,30,28,11,24,5,4343,0,2,14.98,,,,WAR,,,,,,,,,,,,,,,
Iconz,WAR,HUN,SR754,,Exposure,3,W,5,4,30,32,17,21,7,4542,1,5,14.98,,,,WAR,,,,,,,,,,,,,,,
Vik,WAR,HUN,SR754,,Exposure,3,W,5,4,40,32,9,26,3,4271,1,4,14.98,,,,WAR,,,,,,,,,,,,,,,
Owakening,HUN,WAR,SR754,,Exposure,3,L,4,5,33,29,16,21,6,4808,2,5,14.98,,,,HUN,HUN,WAR,SR754,,Exposure,3,L,4,5,,,,,,
Renegade,HUN,WAR,SR754,,Exposure,3,L,4,5,32,33,6,27,4,3824,0,0,14.98,,,,HUN,,,,,,,,,,,,,,,
Brack,HUN,WAR,SR754,,Exposure,3,L,4,5,33,31,13,22,4,4180,0,3,14.98,,,,HUN,,,,,,,,,,,,,,,
Uli,HUN,WAR,SR754,,Exposure,3,L,4,5,21,31,16,15,3,2765,2,3,14.98,,,,HUN,,,,,,,,,,,,,,,
DC,OMB,MFK,SR755,,Exposure,3,W,4,3,31,16,7,25,4,3191,3,4,10.20,,,,OMB,OMB,MFK,SR755,,Exposure,3,W,4,3,,,,,,
Gwinn,OMB,MFK,SR755,,Exposure,3,W,4,3,23,25,8,15,4,2656,1,3,10.20,,,,OMB,,,,,,,,,,,,,,,
PaulEhx,OMB,MFK,SR755,,Exposure,3,W,4,3,22,25,9,11,2,3475,0,0,10.20,,,,OMB,,,,,,,,,,,,,,,
2Real,OMB,MFK,SR755,,Exposure,3,W,4,3,16,27,6,7,3,2165,0,0,10.20,,,,OMB,,,,,,,,,,,,,,,
Fighta,MFK,OMB,SR755,,Exposure,3,L,3,4,22,25,4,13,4,2904,2,3,10.20,,,,MFK,MFK,OMB,SR755,,Exposure,3,L,3,4,,,,,,
Setzyy,MFK,OMB,SR755,,Exposure,3,L,3,4,21,22,4,17,3,2458,0,1,10.20,,,,MFK,,,,,,,,,,,,,,,
Lymax,MFK,OMB,SR755,,Exposure,3,L,3,4,30,24,9,17,4,3457,0,5,10.20,,,,MFK,,,,,,,,,,,,,,,
Crimzah,MFK,OMB,SR755,,Exposure,3,L,3,4,18,22,15,13,4,3262,1,1,10.20,,,,MFK,,,,,,,,,,,,,,,
Owakening,HUN,P7E,SR756,,Exposure,3,L,2,3,21,25,17,12,4,3485,0,3,10.37,,,,HUN,HUN,P7E,SR756,,Exposure,3,L,2,3,,,,,,
Renegade,HUN,P7E,SR756,,Exposure,3,L,2,3,19,29,7,11,3,2278,2,0,10.37,,,,HUN,,,,,,,,,,,,,,,
Brack,HUN,P7E,SR756,,Exposure,3,L,2,3,29,27,8,19,4,3526,0,3,10.37,,,,HUN,,,,,,,,,,,,,,,
Uli,HUN,P7E,SR756,,Exposure,3,L,2,3,21,27,10,13,3,2698,0,3,10.37,,,,HUN,,,,,,,,,,,,,,,
Mythix,P7E,HUN,SR756,,Exposure,3,W,3,2,34,22,10,22,4,3790,1,3,10.37,,,,P7E,P7E,HUN,SR756,,Exposure,3,W,3,2,,,,,,
Henry,P7E,HUN,SR756,,Exposure,3,W,3,2,20,24,15,10,4,2931,0,2,10.37,,,,P7E,,,,,,,,,,,,,,,
FDot,P7E,HUN,SR756,,Exposure,3,W,3,2,22,25,11,13,4,3184,0,0,10.37,,,,P7E,,,,,,,,,,,,,,,
Harry,P7E,HUN,SR756,,Exposure,3,W,3,2,30,20,9,27,8,3398,2,3,10.37,,,,P7E,,,,,,,,,,,,,,,
Fighta,MFK,TBG,SR757,,Gridlock,3,L,3,7,20,28,12,13,4,2999,0,1,10.00,,,,MFK,MFK,TBG,SR757,,Gridlock,3,L,3,7,,,,,,
Setzyy,MFK,TBG,SR757,,Gridlock,3,L,3,7,24,30,12,14,3,3336,1,5,10.00,,,,MFK,,,,,,,,,,,,,,,
Lymax,MFK,TBG,SR757,,Gridlock,3,L,3,7,28,27,9,17,3,3056,1,4,10.00,,,,MFK,,,,,,,,,,,,,,,
Crimzah,MFK,TBG,SR757,,Gridlock,3,L,3,7,13,27,13,9,5,2688,1,2,10.00,,,,MFK,,,,,,,,,,,,,,,
Capsidal,TBG,MFK,SR757,,Gridlock,3,W,7,3,20,23,10,14,3,2509,4,2,10.00,,,,TBG,TBG,MFK,SR757,,Gridlock,3,W,7,3,,,,,,
Prolute,TBG,MFK,SR757,,Gridlock,3,W,7,3,32,22,13,22,5,3615,1,3,10.00,,,,TBG,,,,,,,,,,,,,,,
Cammy,TBG,MFK,SR757,,Gridlock,3,W,7,3,35,22,19,22,4,4360,2,1,10.00,,,,TBG,,,,,,,,,,,,,,,
Traix,TBG,MFK,SR757,,Gridlock,3,W,7,3,25,20,14,19,6,2941,0,1,10.00,,,,TBG,,,,,,,,,,,,,,,
Flames,WAR,P7N,SR758,,Den,3,L,3,4,30,27,15,19,3,3110,1,3,14.82,,,,WAR,WAR,P7N,SR758,,Den,3,L,3,4,,,,,,
Nemensions,WAR,P7N,SR758,,Den,3,L,3,4,39,33,14,34,6,4900,1,6,14.82,,,,WAR,,,,,,,,,,,,,,,
Iconz,WAR,P7N,SR758,,Den,3,L,3,4,32,40,15,20,4,4572,1,2,14.82,,,,WAR,,,,,,,,,,,,,,,
Vik,WAR,P7N,SR758,,Den,3,L,3,4,27,36,14,19,3,3671,0,2,14.82,,,,WAR,,,,,,,,,,,,,,,
Beans,P7N,WAR,SR758,,Den,3,W,4,3,25,32,27,14,4,4551,2,1,14.82,,,,P7N,P7N,WAR,SR758,,Den,3,W,4,3,,,,,,
EriKBoom,P7N,WAR,SR758,,Den,3,W,4,3,32,33,15,23,6,4301,1,3,14.82,,,,P7N,,,,,,,,,,,,,,,
Johnny,P7N,WAR,SR758,,Den,3,W,4,3,41,31,12,27,4,4403,1,5,14.82,,,,P7N,,,,,,,,,,,,,,,
Snoopy,P7N,WAR,SR758,,Den,3,W,4,3,37,34,12,24,5,4329,1,3,14.82,,,,P7N,,,,,,,,,,,,,,,
DK,OMT,OMB,SR759,,Scar,3,W,7,3,31,24,14,28,4,3997,3,2,10.17,,,,OMT,OMT,OMB,SR759,,Scar,3,W,7,3,,,,,,
Denza,OMT,OMB,SR759,,Scar,3,W,7,3,29,27,8,19,7,3512,1,0,10.17,,,,OMT,,,,,,,,,,,,,,,
Aspekt,OMT,OMB,SR759,,Scar,3,W,7,3,25,31,16,9,3,3472,1,2,10.17,,,,OMT,,,,,,,,,,,,,,,
Ethan,OMT,OMB,SR759,,Scar,3,W,7,3,35,29,11,20,3,4000,2,3,10.17,,,,OMT,,,,,,,,,,,,,,,
DC,OMB,OMT,SR759,,Scar,3,L,3,7,32,28,11,20,4,3596,0,5,10.17,,,,OMB,OMB,OMT,SR759,,Scar,3,L,3,7,,,,,,
Gwinn,OMB,OMT,SR759,,Scar,3,L,3,7,29,29,10,17,4,3359,2,8,10.17,,,,OMB,,,,,,,,,,,,,,,
PaulEhx,OMB,OMT,SR759,,Scar,3,L,3,7,33,29,11,21,5,4134,1,3,10.17,,,,OMB,,,,,,,,,,,,,,,
2Real,OMB,OMT,SR759,,Scar,3,L,3,7,16,34,16,4,2,2544,0,0,10.17,,,,OMB,,,,,,,,,,,,,,,
Flames,WAR,TBG,SR760,,Scar,3,L,2,8,15,24,11,11,3,2480,0,2,7.63,,,,WAR,WAR,TBG,SR760,,Scar,3,L,2,8,,,,,,
Nemensions,WAR,TBG,SR760,,Scar,3,L,2,8,23,23,10,14,3,2781,1,0,7.63,,,,WAR,,,,,,,,,,,,,,,
Iconz,WAR,TBG,SR760,,Scar,3,L,2,8,15,22,10,8,2,2067,0,3,7.63,,,,WAR,,,,,,,,,,,,,,,
Vik,WAR,TBG,SR760,,Scar,3,L,2,8,12,24,5,10,2,1963,1,3,7.63,,,,WAR,,,,,,,,,,,,,,,
Capsidal,TBG,WAR,SR760,,Scar,3,W,8,2,24,14,5,20,6,2126,4,3,7.63,,,,TBG,TBG,WAR,SR760,,Scar,3,W,8,2,,,,,,
Prolute,TBG,WAR,SR760,,Scar,3,W,8,2,24,17,11,19,6,2749,1,0,7.63,,,,TBG,,,,,,,,,,,,,,,
Cammy,TBG,WAR,SR760,,Scar,3,W,8,2,23,17,7,16,4,2802,2,1,7.63,,,,TBG,,,,,,,,,,,,,,,
Traix,TBG,WAR,SR760,,Scar,3,W,8,2,21,18,10,17,5,2789,1,1,7.63,,,,TBG,,,,,,,,,,,,,,,
DC,OMB,HUN,SR761,,Exposure,3,L,5,6,29,29,11,20,3,3459,2,2,15.08,,,,OMB,OMB,HUN,SR761,,Exposure,3,L,5,6,,,,,,
Gwinn,OMB,HUN,SR761,,Exposure,3,L,5,6,33,29,15,23,4,4466,2,2,15.08,,,,OMB,,,,,,,,,,,,,,,
PaulEhx,OMB,HUN,SR761,,Exposure,3,L,5,6,31,31,12,25,5,4611,1,2,15.08,,,,OMB,,,,,,,,,,,,,,,
2Real,OMB,HUN,SR761,,Exposure,3,L,5,6,29,36,12,18,5,3884,1,6,15.08,,,,OMB,,,,,,,,,,,,,,,
Owakening,HUN,OMB,SR761,,Exposure,3,W,6,5,39,28,10,28,5,4677,2,4,15.08,,,,HUN,HUN,OMB,SR761,,Exposure,3,W,6,5,,,,,,
Renegade,HUN,OMB,SR761,,Exposure,3,W,6,5,28,31,8,19,4,3692,1,4,15.08,,,,HUN,,,,,,,,,,,,,,,
Brack,HUN,OMB,SR761,,Exposure,3,W,6,5,25,32,17,15,4,4313,2,0,15.08,,,,HUN,,,,,,,,,,,,,,,
Uli,HUN,OMB,SR761,,Exposure,3,W,6,5,33,32,9,21,5,4186,1,1,15.08,,,,HUN,,,,,,,,,,,,,,,
Flames,WAR,HUN,SR762,,Scar,3,W,8,1,32,19,6,24,8,3093,3,3,9.90,,,,WAR,WAR,HUN,SR762,,Scar,3,W,8,1,,,,,,
Nemensions,WAR,HUN,SR762,,Scar,3,W,8,1,32,23,13,22,5,3794,0,4,9.90,,,,WAR,,,,,,,,,,,,,,,
Iconz,WAR,HUN,SR762,,Scar,3,W,8,1,16,24,11,9,4,2383,3,1,9.90,,,,WAR,,,,,,,,,,,,,,,
Vik,WAR,HUN,SR762,,Scar,3,W,8,1,27,22,11,17,4,3730,2,1,9.90,,,,WAR,,,,,,,,,,,,,,,
Owakening,HUN,WAR,SR762,,Scar,3,L,1,8,22,27,13,13,3,3520,0,4,9.90,,,,HUN,HUN,WAR,SR762,,Scar,3,L,1,8,,,,,,
Renegade,HUN,WAR,SR762,,Scar,3,L,1,8,20,30,7,14,4,2703,0,1,9.90,,,,HUN,,,,,,,,,,,,,,,
Brack,HUN,WAR,SR762,,Scar,3,L,1,8,25,26,8,13,2,3024,0,3,9.90,,,,HUN,,,,,,,,,,,,,,,
Uli,HUN,WAR,SR762,,Scar,3,L,1,8,20,26,10,13,2,2970,1,3,9.90,,,,HUN,,,,,,,,,,,,,,,
Beans,P7N,OMT,SR763,,Den,3,L,3,5,28,30,9,15,7,3504,1,2,10.18,,,,P7N,P7N,OMT,SR763,,Den,3,L,3,5,,,,,,
EriKBoom,P7N,OMT,SR763,,Den,3,L,3,5,28,28,9,15,3,3238,0,3,10.18,,,,P7N,,,,,,,,,,,,,,,
Johnny,P7N,OMT,SR763,,Den,3,L,3,5,28,29,13,18,5,3623,2,4,10.18,,,,P7N,,,,,,,,,,,,,,,
Snoopy,P7N,OMT,SR763,,Den,3,L,3,5,18,31,8,11,3,3069,0,2,10.18,,,,P7N,,,,,,,,,,,,,,,
DK,OMT,P7N,SR763,,Den,3,W,5,3,36,25,7,25,5,3552,0,4,10.18,,,,OMT,OMT,P7N,SR763,,Den,3,W,5,3,,,,,,
Denza,OMT,P7N,SR763,,Den,3,W,5,3,21,26,12,12,2,2557,2,2,10.18,,,,OMT,,,,,,,,,,,,,,,
Aspekt,OMT,P7N,SR763,,Den,3,W,5,3,24,27,18,16,4,3733,3,1,10.18,,,,OMT,,,,,,,,,,,,,,,
Ethan,OMT,P7N,SR763,,Den,3,W,5,3,36,27,11,24,5,4170,0,3,10.18,,,,OMT,,,,,,,,,,,,,,,
Beans,P7N,WAR,SR764,,Den,3,W,5,3,19,21,16,14,3,3089,2,1,10.50,,,,P7N,P7N,WAR,SR764,,Den,3,W,5,3,,,,,,
EriKBoom,P7N,WAR,SR764,,Den,3,W,5,3,29,19,8,24,5,2945,1,2,10.50,,,,P7N,,,,,,,,,,,,,,,
Johnny,P7N,WAR,SR764,,Den,3,W,5,3,32,25,10,17,5,3642,2,3,10.50,,,,P7N,,,,,,,,,,,,,,,
Snoopy,P7N,WAR,SR764,,Den,3,W,5,3,22,21,13,18,5,2927,0,1,10.50,,,,P7N,,,,,,,,,,,,,,,
Flames,WAR,P7N,SR764,,Den,3,L,3,5,23,21,11,17,3,2727,1,2,10.50,,,,WAR,WAR,P7N,SR764,,Den,3,L,3,5,,,,,,
Nemensions,WAR,P7N,SR764,,Den,3,L,3,5,25,24,6,19,4,3066,0,3,10.50,,,,WAR,,,,,,,,,,,,,,,
Iconz,WAR,P7N,SR764,,Den,3,L,3,5,17,29,9,10,2,2756,1,1,10.50,,,,WAR,,,,,,,,,,,,,,,
Vik,WAR,P7N,SR764,,Den,3,L,3,5,19,30,11,13,4,2956,1,3,10.50,,,,WAR,,,,,,,,,,,,,,,
DK,OMT,P7N,SR765,,Den,3,W,7,4,28,25,11,18,7,3209,2,2,10.08,,,,OMT,OMT,P7N,SR765,,Den,3,W,7,4,,,,,,
Denza,OMT,P7N,SR765,,Den,3,W,7,4,23,23,10,16,6,2794,2,1,10.08,,,,OMT,,,,,,,,,,,,,,,
Aspekt,OMT,P7N,SR765,,Den,3,W,7,4,28,31,8,16,5,3413,2,1,10.08,,,,OMT,,,,,,,,,,,,,,,
Ethan,OMT,P7N,SR765,,Den,3,W,7,4,21,34,14,10,3,3383,1,5,10.08,,,,OMT,,,,,,,,,,,,,,,
Beans,P7N,OMT,SR765,,Den,3,L,4,7,31,26,5,23,9,3478,1,0,10.08,,,,P7N,P7N,OMT,SR765,,Den,3,L,4,7,,,,,,
EriKBoom,P7N,OMT,SR765,,Den,3,L,4,7,31,22,10,21,4,3452,2,2,10.08,,,,P7N,,,,,,,,,,,,,,,
Johnny,P7N,OMT,SR765,,Den,3,L,4,7,26,25,12,17,5,3627,1,2,10.08,,,,P7N,,,,,,,,,,,,,,,
Snoopy,P7N,OMT,SR765,,Den,3,L,4,7,24,27,19,20,5,3464,0,0,10.08,,,,P7N,,,,,,,,,,,,,,,
DK,OMT,P7N,SR765,,Exposure,6,L,1,6,20,23,2,14,5,2304,0,3,7.68,,,,OMT,OMT,P7N,SR765,,Exposure,6,L,1,6,,,,,,
Denza,OMT,P7N,SR765,,Exposure,6,L,1,6,12,24,6,9,3,1730,1,1,7.68,,,,OMT,,,,,,,,,,,,,,,
Aspekt,OMT,P7N,SR765,,Exposure,6,L,1,6,16,26,4,9,2,2233,0,3,7.68,,,,OMT,,,,,,,,,,,,,,,
Ethan,OMT,P7N,SR765,,Exposure,6,L,1,6,16,29,8,6,3,2475,0,4,7.68,,,,OMT,,,,,,,,,,,,,,,
Beans,P7N,OMT,SR765,,Exposure,6,W,6,1,24,17,13,21,4,2928,3,1,7.68,,,,P7N,P7N,OMT,SR765,,Exposure,6,W,6,1,,,,,,
EriKBoom,P7N,OMT,SR765,,Exposure,6,W,6,1,15,18,8,11,4,1852,3,2,7.68,,,,P7N,,,,,,,,,,,,,,,
Johnny,P7N,OMT,SR765,,Exposure,6,W,6,1,28,15,8,22,4,3177,0,2,7.68,,,,P7N,,,,,,,,,,,,,,,
Snoopy,P7N,OMT,SR765,,Exposure,6,W,6,1,33,14,8,24,6,3308,0,3,7.68,,,,P7N,,,,,,,,,,,,,,,