Player,Team,Matches,,,Maps,,,Overall,,,,,,,,,,,,,,,,Hardpoint,,,,,,,,,,,,,,,,,,,,,,,,,,Search and Destroy,,,,,,,,,,,,,,,,,,,,,,,,,,,,Overload,,,,,,,,,,,,,,,,,,,,,,,,
,,Total,Ws,Ls,Total,Ws,Ls,K,D,K/D,A,KA/D, +/- ,N/T,NT%,HS,1838698,DMG/K,DMG/10,R K/D,K/10,SR,DR,Maps,Ws,Ls,PF,PA,K,D,K/D,A,KA/D, +/- ,N/T,NT%,HS,DMG,DMG/K,HT,HT/10,ObjK,CON,K/10,D/10,A/10,DMG/10,E/10,TIME,Maps,Ws,Ls,RF,RA,K,D,K/D,A,KA/D, +/- ,N/T,NT%,HS,DMG,DMG/K,Pl,Def,FBs,FDs,FB%,WR%,K/R,D/R,A/R,DMG/R,E/R,Rds,Maps,Ws,Ls,RF,RA,K,D,K/D,A,KA/D, +/- ,N/T,NT%,HS,DMG,DMG/K,GLS,GLS/10,OCK,K/10,D/10,A/10,DMG/10,E/10,TIME
D7oomx,ROC,5,4,1,23,14,9,379,417,0.91,168,1.31,-38,239,63%,6,51990,137,3026,0.87,21.85,82.77,11315,9,6,3,2036,1796,199,221,0.90,105,1.38,-22,131,66%,6,27394,138,736,82.85,78,113,22.40,24.88,11.82,3084,47.28,88.83,8,7,1,43,36,61,51,1.20,7,1.33,10,40,66%,5,7942,130,1,3,19,4,24%,83%,0.77,0.65,0.09,101,1.42,79,6,1,5,13,30,119,145,0.82,56,1.21,-26,68,57%,5,16654,140,3,0.53,13,20.98,25.56,9.87,2935,46.53,56.73
D7om,ROC,5,4,1,23,14,9,441,411,1.07,129,1.39,30,288,65%,10,51365,116,3040,1.05,26.24,95.69,11176,9,6,3,2036,1796,244,224,1.09,81,1.45,20,158,65%,10,28544,117,677,76.21,83,137,27.47,25.22,9.12,3213,52.68,88.83,8,7,1,43,36,59,48,1.23,8,1.40,11,38,64%,5,7113,121,2,1,4,8,5%,33%,0.75,0.61,0.10,90,1.35,79,6,1,5,13,30,138,139,0.99,40,1.28,-1,92,67%,5,15708,114,6,1.06,21,24.32,24.50,7.05,2769,48.82,56.73
Khhx,ROC,5,4,1,23,14,9,453,398,1.14,149,1.51,55,318,70%,9,58147,128,3364,1.10,26.45,99.12,12716,9,6,3,2036,1796,252,216,1.17,83,1.55,36,177,70%,9,31276,124,520,58.54,84,132,28.37,24.32,9.34,3521,52.68,88.83,8,7,1,43,36,68,49,1.39,14,1.67,19,45,66%,5,9173,135,3,4,17,7,22%,71%,0.86,0.62,0.18,116,1.48,79,6,1,5,13,30,133,133,1.00,52,1.39,0,96,72%,6,17698,133,4,0.71,13,23.44,23.44,9.17,3120,46.89,56.73
Rxld,ROC,5,4,1,23,14,9,396,435,0.91,163,1.29,-39,259,65%,7,51784,131,3077,0.92,23.98,85.65,11235,9,6,3,2036,1796,226,234,0.97,93,1.36,-8,151,67%,6,28506,126,659,74.18,98,139,25.44,26.34,10.47,3209,51.78,88.83,8,7,1,43,36,47,55,0.85,19,1.20,-8,26,55%,4,6988,149,14,3,7,9,9%,44%,0.59,0.70,0.24,88,1.29,79,6,1,5,13,30,123,146,0.84,51,1.19,-23,82,67%,7,16290,132,0,0.00,11,21.68,25.73,8.99,2871,47.41,56.73
Abe,TBG,6,4,2,20,11,9,420,417,1.01,158,1.39,3,267,64%,7,51400,122,3296,1.00,27.26,98.36,12101,9,4,5,2073,1935,278,261,1.07,100,1.45,17,175,63%,5,33526,121,427,44.13,95,120,28.73,26.98,10.34,3465,55.71,96.75,7,5,2,39,28,53,50,1.06,21,1.48,3,31,58%,5,7024,133,5,0,13,11,19%,54%,0.79,0.75,0.31,105,1.54,67,4,2,2,13,20,89,106,0.84,37,1.19,-17,61,69%,7,10850,122,3,0.79,6,23.49,27.98,9.77,2864,51.47,37.88
Fire,TBG,6,4,2,20,11,9,406,339,1.20,161,1.67,67,283,70%,8,50652,125,3205,1.19,26.29,96.21,12061,9,4,5,2073,1935,250,213,1.17,114,1.71,37,175,70%,6,31306,125,788,81.45,105,116,25.84,22.02,11.78,3236,47.86,96.75,7,5,2,39,28,52,41,1.27,17,1.68,11,31,60%,5,7496,144,2,1,7,10,10%,41%,0.78,0.61,0.25,112,1.39,67,4,2,2,13,20,104,85,1.22,30,1.58,19,77,74%,8,11850,114,3,0.79,9,27.45,22.44,7.92,3128,49.89,37.88
Owakening,TBG,6,4,2,20,11,9,367,354,1.04,176,1.53,13,249,68%,8,50371,137,3173,0.99,23.47,87.11,12050,9,4,5,2073,1935,228,225,1.01,116,1.53,3,158,69%,7,30384,133,682,70.49,75,99,23.57,23.26,11.99,3140,46.82,96.75,7,5,2,39,28,51,35,1.46,17,1.94,16,32,63%,8,7654,150,0,3,5,1,7%,83%,0.76,0.52,0.25,114,1.28,67,4,2,2,13,20,88,94,0.94,43,1.39,-6,59,67%,5,12333,140,1,0.26,3,23.23,24.81,11.35,3256,48.04,37.88
Prolute,TBG,6,4,2,20,11,9,367,419,0.88,173,1.29,-52,216,59%,6,46972,128,2936,0.85,23.55,86.53,11235,9,4,5,2073,1935,237,266,0.89,103,1.28,-29,144,61%,5,28711,121,636,65.74,100,113,24.50,27.49,10.65,2968,51.99,96.75,7,5,2,39,28,50,46,1.09,28,1.70,4,32,64%,6,7447,149,15,2,7,15,10%,32%,0.75,0.69,0.42,111,1.43,67,4,2,2,13,20,80,107,0.75,42,1.14,-27,40,50%,5,10814,135,6,1.58,2,21.12,28.24,11.09,2855,49.36,37.88
Aspekt,P7E,5,3,2,15,9,6,290,291,1.00,110,1.37,-1,186,64%,8,37519,129,3285,0.97,25.69,94.15,12228,6,3,3,1319,1276,167,166,1.01,65,1.40,1,112,67%,6,20934,125,461,72.54,54,65,26.28,26.12,10.23,3294,52.40,63.55,5,4,1,29,19,37,29,1.28,10,1.62,8,24,65%,4,5173,140,10,0,4,6,8%,40%,0.77,0.60,0.21,108,1.38,48,4,2,2,12,20,86,96,0.90,35,1.26,-10,50,58%,8,11412,133,4,1.15,4,24.63,27.49,10.02,3268,52.12,34.92
FDot,P7E,5,3,2,15,9,6,295,301,0.98,121,1.38,-6,197,67%,6,37505,127,3349,0.96,26.51,95.17,12141,6,3,3,1319,1276,171,178,0.96,81,1.42,-7,116,68%,6,21962,128,275,43.27,47,36,26.91,28.01,12.75,3456,54.92,63.55,5,4,1,29,19,34,30,1.13,5,1.30,4,23,68%,4,4524,133,2,0,7,3,15%,70%,0.71,0.63,0.10,94,1.33,48,4,2,2,12,20,90,93,0.97,35,1.34,-3,58,64%,5,11019,122,4,1.15,12,25.78,26.63,10.02,3156,52.41,34.92
Harry,P7E,5,3,2,15,9,6,266,266,1.00,111,1.42,0,178,67%,6,37261,140,3226,0.99,23.76,86.07,12212,6,3,3,1319,1276,155,155,1.00,74,1.48,0,104,67%,6,21057,136,381,59.95,48,31,24.39,24.39,11.64,3313,48.78,63.55,5,4,1,29,19,32,29,1.10,10,1.45,3,20,63%,6,5493,172,1,2,10,2,21%,83%,0.67,0.60,0.21,114,1.27,48,4,2,2,12,20,79,82,0.96,27,1.29,-3,54,68%,4,10711,136,2,0.57,4,22.63,23.48,7.73,3068,46.11,34.92
Mythix,P7E,5,3,2,15,9,6,304,268,1.13,116,1.57,36,193,63%,7,39185,129,3421,1.11,27.12,98.27,12780,6,3,3,1319,1276,171,152,1.13,64,1.55,19,109,64%,6,21611,126,383,60.27,55,64,26.91,23.92,10.07,3401,50.83,63.55,5,4,1,29,19,37,28,1.32,10,1.68,9,20,54%,7,5497,149,1,2,15,3,31%,83%,0.77,0.58,0.21,115,1.35,48,4,2,2,12,20,96,88,1.09,42,1.57,8,64,67%,5,12077,126,2,0.57,5,27.49,25.20,12.03,3459,52.70,34.92
Breszy,EXC,0,0,0,0,0,0,0,0,#DIV/0!,0,#DIV/0!,0,0,#DIV/0!,0,0,#DIV/0!,#DIV/0!,#DIV/0!,#DIV/0!,#DIV/0!,#DIV/0!,0,0,0,0,0,0,0,#DIV/0!,0,#DIV/0!,0,0,#DIV/0!,0,0,#DIV/0!,0,#DIV/0!,0,0,#DIV/0!,#DIV/0!,#DIV/0!,#DIV/0!,#DIV/0!,0.00,0,0,0,0,0,0,0,#DIV/0!,0,#DIV/0!,0,0,#DIV/0!,0,0,#DIV/0!,0,0,0,0,#DIV/0!,#DIV/0!,#DIV/0!,#DIV/0!,#DIV/0!,#DIV/0!,#DIV/0!,0,0,0,0,0,0,0,0,#DIV/0!,0,#DIV/0!,0,0,#DIV/0!,0,0,#DIV/0!,0,#DIV/0!,0,#DIV/0!,#DIV/0!,#DIV/0!,#DIV/0!,#DIV/0!,0.00
Cobra,EXC,0,0,0,0,0,0,0,0,#DIV/0!,0,#DIV/0!,0,0,#DIV/0!,0,0,#DIV/0!,#DIV/0!,#DIV/0!,#DIV/0!,#DIV/0!,#DIV/0!,0,0,0,0,0,0,0,#DIV/0!,0,#DIV/0!,0,0,#DIV/0!,0,0,#DIV/0!,0,#DIV/0!,0,0,#DIV/0!,#DIV/0!,#DIV/0!,#DIV/0!,#DIV/0!,0.00,0,0,0,0,0,0,0,#DIV/0!,0,#DIV/0!,0,0,#DIV/0!,0,0,#DIV/0!,0,0,0,0,#DIV/0!,#DIV/0!,#DIV/0!,#DIV/0!,#DIV/0!,#DIV/0!,#DIV/0!,0,0,0,0,0,0,0,0,#DIV/0!,0,#DIV/0!,0,0,#DIV/0!,0,0,#DIV/0!,0,#DIV/0!,0,#DIV/0!,#DIV/0!,#DIV/0!,#DIV/0!,#DIV/0!,0.00
Lynz,EXC,0,0,0,0,0,0,0,0,#DIV/0!,0,#DIV/0!,0,0,#DIV/0!,0,0,#DIV/0!,#DIV/0!,#DIV/0!,#DIV/0!,#DIV/0!,#DIV/0!,0,0,0,0,0,0,0,#DIV/0!,0,#DIV/0!,0,0,#DIV/0!,0,0,#DIV/0!,0,#DIV/0!,0,0,#DIV/0!,#DIV/0!,#DIV/0!,#DIV/0!,#DIV/0!,0.00,0,0,0,0,0,0,0,#DIV/0!,0,#DIV/0!,0,0,#DIV/0!,0,0,#DIV/0!,0,0,0,0,#DIV/0!,#DIV/0!,#DIV/0!,#DIV/0!,#DIV/0!,#DIV/0!,#DIV/0!,0,0,0,0,0,0,0,0,#DIV/0!,0,#DIV/0!,0,0,#DIV/0!,0,0,#DIV/0!,0,#DIV/0!,0,#DIV/0!,#DIV/0!,#DIV/0!,#DIV/0!,#DIV/0!,0.00
Melko,EXC,0,0,0,0,0,0,0,0,#DIV/0!,0,#DIV/0!,0,0,#DIV/0!,0,0,#DIV/0!,#DIV/0!,#DIV/0!,#DIV/0!,#DIV/0!,#DIV/0!,0,0,0,0,0,0,0,#DIV/0!,0,#DIV/0!,0,0,#DIV/0!,0,0,#DIV/0!,0,#DIV/0!,0,0,#DIV/0!,#DIV/0!,#DIV/0!,#DIV/0!,#DIV/0!,0.00,0,0,0,0,0,0,0,#DIV/0!,0,#DIV/0!,0,0,#DIV/0!,0,0,#DIV/0!,0,0,0,0,#DIV/0!,#DIV/0!,#DIV/0!,#DIV/0!,#DIV/0!,#DIV/0!,#DIV/0!,0,0,0,0,0,0,0,0,#DIV/0!,0,#DIV/0!,0,0,#DIV/0!,0,0,#DIV/0!,0,#DIV/0!,0,#DIV/0!,#DIV/0!,#DIV/0!,#DIV/0!,#DIV/0!,0.00
Gio,FUN,6,4,2,22,12,10,420,392,1.07,164,1.49,28,281,67%,7,53569,128,3280,1.03,25.67,94.94,12115,9,5,4,1922,1734,240,234,1.03,102,1.46,6,162,68%,7,31361,131,538,58.99,94,88,26.32,25.66,11.18,3439,51.97,91.20,8,4,4,35,33,55,39,1.41,13,1.74,16,32,58%,6,6931,126,0,2,5,9,7%,36%,0.81,0.57,0.19,102,1.38,68,5,3,2,26,19,125,119,1.05,49,1.46,6,87,70%,6,15277,122,4,0.78,13,24.51,23.33,9.61,2995,47.84,51.00
Mack,FUN,6,4,2,22,12,10,426,415,1.03,150,1.39,11,282,66%,8,52343,123,3162,1.02,26.30,95.71,11866,9,5,4,1922,1734,239,241,0.99,94,1.38,-2,157,66%,8,28560,119,758,83.11,99,125,26.21,26.43,10.31,3132,52.63,91.20,8,4,4,35,33,52,47,1.11,18,1.49,5,31,60%,7,7374,142,9,4,12,8,18%,60%,0.76,0.69,0.26,108,1.46,68,5,3,2,26,19,135,127,1.06,38,1.36,8,94,70%,4,16409,122,9,1.76,13,26.47,24.90,7.45,3217,51.37,51.00
Vivid,FUN,6,4,2,22,12,10,382,396,0.96,199,1.47,-14,246,64%,6,53972,141,3297,0.98,23.98,85.47,12210,9,5,4,1922,1734,230,226,1.02,113,1.52,4,142,62%,6,31146,135,443,48.57,73,101,25.22,24.78,12.39,3415,50.00,91.20,8,4,4,35,33,41,48,0.85,22,1.31,-7,24,59%,5,7095,173,5,1,9,5,13%,64%,0.60,0.71,0.32,104,1.31,68,5,3,2,26,19,111,122,0.91,64,1.43,-11,80,72%,4,15731,142,3,0.59,7,21.76,23.92,12.55,3085,45.69,51.00
Uli,FUN,6,4,2,22,12,10,414,369,1.12,149,1.53,45,293,71%,8,50065,121,3062,1.14,25.81,92.65,11312,9,5,4,1922,1734,236,215,1.10,87,1.50,21,164,69%,7,28623,121,512,56.14,65,97,25.88,23.57,9.54,3138,49.45,91.20,8,4,4,35,33,47,47,1.00,17,1.36,0,30,64%,7,6520,139,2,0,11,10,16%,52%,0.69,0.69,0.25,96,1.38,68,5,3,2,26,19,131,107,1.22,45,1.64,24,99,76%,8,14922,114,10,1.96,9,25.69,20.98,8.82,2926,46.67,51.00
Afro,P7N,6,5,1,24,18,6,510,441,1.16,185,1.58,69,332,65%,9,63346,124,3523,1.19,28.84,102.30,12880,9,7,2,2107,1825,257,237,1.08,105,1.53,20,161,63%,7,32817,128,533,57.64,91,107,27.79,25.63,11.36,3549,53.42,92.47,8,4,4,41,37,58,60,0.97,22,1.33,-2,31,53%,4,8146,140,3,1,7,9,9%,44%,0.74,0.77,0.28,104,1.51,78,7,7,0,38,12,195,144,1.35,58,1.76,51,140,72%,9,22383,115,6,0.93,18,30.36,22.42,9.03,3485,52.78,64.23
Beans,P7N,6,5,1,24,18,6,482,437,1.10,175,1.50,45,321,67%,7,61162,127,3431,1.12,27.19,98.54,12525,9,7,2,2107,1825,271,238,1.14,103,1.57,33,180,66%,7,34122,126,612,66.19,106,96,29.31,25.74,11.14,3690,55.05,92.47,8,4,4,41,37,56,55,1.02,14,1.27,1,40,71%,5,7400,132,4,1,13,9,17%,59%,0.72,0.71,0.18,95,1.42,78,7,7,0,38,12,155,144,1.08,58,1.48,11,101,65%,6,19640,127,9,1.40,17,24.13,22.42,9.03,3058,46.55,64.23
DC,P7N,6,5,1,24,18,6,428,421,1.02,160,1.40,7,283,66%,6,53573,125,3052,1.06,24.95,85.73,10830,9,7,2,2107,1825,238,222,1.07,82,1.44,16,161,68%,6,29093,122,645,69.75,74,88,25.74,24.01,8.87,3146,49.75,92.47,8,4,4,41,37,37,52,0.71,15,1.00,-15,21,57%,5,5747,155,0,1,3,13,4%,19%,0.47,0.67,0.19,74,1.14,78,7,7,0,38,12,153,147,1.04,63,1.47,6,101,66%,6,18733,122,9,1.40,15,23.82,22.89,9.81,2916,46.70,64.23
ErikBoom,P7N,6,5,1,24,18,6,418,447,0.94,172,1.32,-29,288,69%,5,54319,130,3021,0.95,23.68,83.62,10993,9,7,2,2107,1825,208,246,0.85,98,1.24,-38,144,69%,5,27310,131,746,80.68,83,158,22.49,26.60,10.60,2953,49.10,92.47,8,4,4,41,37,47,58,0.81,17,1.10,-11,27,57%,3,6976,148,21,3,6,18,8%,25%,0.60,0.74,0.22,89,1.35,78,7,7,0,38,12,163,143,1.14,57,1.54,20,117,72%,5,20033,123,14,2.18,20,25.38,22.26,8.87,3119,47.64,64.23
Asim,OMB,4,2,2,16,8,8,287,353,0.81,135,1.20,-66,183,64%,6,38893,136,3023,0.83,22.57,80.50,11013,7,4,3,1535,1589,176,217,0.81,93,1.24,-41,114,65%,5,23813,135,485,62.93,63,65,22.84,28.16,12.07,3090,50.99,77.07,5,1,4,17,26,25,36,0.69,5,0.83,-11,16,64%,4,3795,152,8,0,6,6,14%,50%,0.58,0.84,0.12,88,1.42,43,4,3,1,20,12,86,100,0.86,37,1.23,-14,53,62%,6,11285,131,7,1.79,4,22.03,25.62,9.48,2891,47.65,39.03
Brack,OMB,4,2,2,16,8,8,321,313,1.03,109,1.37,8,203,63%,6,42004,131,3201,1.03,25.32,89.79,12080,7,4,3,1535,1589,198,190,1.04,71,1.42,8,126,64%,6,25042,126,531,68.90,86,68,25.69,24.65,9.21,3249,50.35,77.07,5,1,4,17,26,27,28,0.96,5,1.14,-1,17,63%,4,4837,179,2,2,4,3,9%,57%,0.63,0.65,0.12,112,1.28,43,4,3,1,20,12,96,95,1.01,33,1.36,1,60,63%,4,12125,126,6,1.54,9,24.59,24.34,8.45,3106,48.93,39.03
Cammy,OMB,4,2,2,16,8,8,355,317,1.12,146,1.58,38,234,66%,11,45087,127,3540,1.17,28.42,98.06,12661,7,4,3,1535,1589,219,192,1.14,95,1.64,27,145,66%,9,27239,124,476,61.76,83,71,28.42,24.91,12.33,3534,53.33,77.07,5,1,4,17,26,25,34,0.74,14,1.15,-9,13,52%,4,3992,160,1,0,1,7,2%,13%,0.58,0.79,0.33,93,1.37,43,4,3,1,20,12,111,91,1.22,37,1.63,20,76,68%,11,13856,125,2,0.51,12,28.44,23.31,9.48,3550,51.75,39.03
ReeaL,OMB,4,2,2,16,8,8,321,336,0.96,130,1.34,-15,218,68%,7,40853,127,3139,0.98,25.41,89.51,11670,7,4,3,1535,1589,191,208,0.92,80,1.30,-17,126,66%,6,23558,123,372,48.27,61,72,24.78,26.99,10.38,3057,51.77,77.07,5,1,4,17,26,26,34,0.76,6,0.94,-8,17,65%,4,4407,170,1,0,7,9,16%,44%,0.60,0.79,0.14,102,1.40,43,4,3,1,20,12,104,94,1.11,44,1.57,10,75,72%,7,12888,124,5,1.28,11,26.64,24.08,11.27,3302,50.73,39.03
Alluka,FAC,3,1,2,11,4,7,259,243,1.07,75,1.37,16,161,62%,7,31351,121,3317,1.02,27.26,104.03,12523,5,1,4,1055,1176,155,145,1.07,49,1.41,10,99,64%,6,18654,120,273,50.32,59,85,28.57,26.73,9.03,3439,55.30,54.25,3,1,2,14,15,29,18,1.61,1,1.67,11,19,66%,7,3357,116,0,1,5,3,17%,63%,1.00,0.62,0.03,116,1.62,29,3,2,1,12,13,75,80,0.94,25,1.25,-5,43,57%,4,9340,125,2,0.66,9,24.89,26.55,8.30,3100,51.44,30.13
QK4B,FAC,3,1,2,11,4,7,229,222,1.03,93,1.45,7,154,67%,7,30287,132,3219,1.01,24.29,90.99,12039,5,1,4,1055,1176,129,132,0.98,66,1.48,-3,88,68%,7,17791,138,381,70.23,49,75,23.78,24.33,12.17,3279,48.11,54.25,3,1,2,14,15,24,20,1.20,4,1.40,4,18,75%,4,3125,130,0,2,6,3,21%,67%,0.83,0.69,0.14,108,1.52,29,3,2,1,12,13,76,70,1.09,23,1.41,6,48,63%,7,9371,123,2,0.66,6,25.22,23.23,7.63,3110,48.45,30.13
Roxas,FAC,3,1,2,11,4,7,213,219,0.97,91,1.39,-6,140,66%,6,28805,135,3159,1.02,23.94,80.31,11101,5,1,4,1055,1176,134,124,1.08,55,1.52,10,86,64%,6,16952,127,407,75.02,65,44,24.70,22.86,10.14,3125,47.56,54.25,3,1,2,14,15,11,21,0.52,3,0.67,-10,9,82%,2,2152,196,1,0,2,3,7%,40%,0.38,0.72,0.10,74,1.10,29,3,2,1,12,13,68,74,0.92,33,1.36,-6,45,66%,5,9701,143,2,0.66,9,22.57,24.56,10.95,3219,47.12,30.13
Standy,FAC,3,1,2,11,4,7,210,239,0.88,89,1.25,-29,152,72%,6,26679,127,2898,0.90,23.11,80.88,10435,5,1,4,1055,1176,130,142,0.92,66,1.38,-12,91,70%,5,17147,132,261,48.11,31,88,23.96,26.18,12.17,3161,50.14,54.25,3,1,2,14,15,15,22,0.68,6,0.95,-7,10,67%,6,2226,148,5,0,5,2,17%,71%,0.52,0.76,0.21,77,1.28,29,3,2,1,12,13,65,75,0.87,17,1.09,-10,51,78%,6,7306,112,6,1.99,5,21.57,24.89,5.64,2425,46.46,30.13
Denza,FFE,1,0,1,4,1,3,67,81,0.83,33,1.23,-14,46,69%,7,9091,136,2568,0.81,19.23,72.98,10072,2,1,1,441,436,44,49,0.90,21,1.33,-5,33,75%,7,5554,126,130,61.86,13,41,20.94,23.31,9.99,2643,44.25,21.02,1,0,1,4,6,7,7,1.00,2,1.29,0,4,57%,3,1078,154,2,0,1,1,10%,50%,0.70,0.70,0.20,108,1.40,10,1,0,1,3,5,16,25,0.64,10,1.04,-9,9,56%,3,2459,154,0,0.00,1,15.71,24.55,9.82,2415,40.26,10.18
Detain,FFE,1,0,1,4,1,3,87,81,1.07,25,1.38,6,61,70%,7,10338,119,2961,1.10,25.64,92.14,11281,2,1,1,441,436,60,50,1.20,19,1.58,10,43,72%,7,6885,115,96,45.68,18,29,28.55,23.79,9.04,3276,52.34,21.02,1,0,1,4,6,7,8,0.88,2,1.13,-1,5,71%,2,1099,157,0,0,1,2,10%,33%,0.70,0.80,0.20,110,1.50,10,1,0,1,3,5,20,23,0.87,4,1.04,-3,13,65%,2,2354,118,0,0.00,0,19.64,22.59,3.93,2312,42.23,10.18
Mighty,FFE,1,0,1,4,1,3,82,84,0.98,25,1.27,-2,54,66%,5,10889,133,3124,1.00,24.68,84.97,11878,2,1,1,441,436,54,52,1.04,19,1.40,2,34,63%,4,6806,126,99,47.11,23,20,25.69,24.74,9.04,3238,50.44,21.02,1,0,1,4,6,5,7,0.71,1,0.86,-2,3,60%,2,1143,229,1,0,2,1,20%,67%,0.50,0.70,0.10,114,1.20,10,1,0,1,3,5,23,25,0.92,5,1.12,-2,17,74%,5,2940,128,0,0.00,0,22.59,24.55,4.91,2887,47.14,10.18
Syqz,FFE,1,0,1,4,1,3,83,82,1.01,27,1.34,1,51,61%,4,10126,122,2991,1.08,25.32,84.77,10715,2,1,1,441,436,53,52,1.02,18,1.37,1,31,58%,4,6477,122,239,113.72,24,41,25.22,24.74,8.56,3082,49.96,21.02,1,0,1,4,6,4,9,0.44,2,0.67,-5,2,50%,2,795,199,0,0,0,1,0%,0%,0.40,0.90,0.20,80,1.30,10,1,0,1,3,5,26,21,1.24,7,1.57,5,18,69%,4,2854,110,3,2.95,2,25.53,20.62,6.87,2803,46.15,10.18
2Real,FZF,1,0,1,4,1,3,78,88,0.89,39,1.33,-10,49,63%,7,9919,127,2734,0.85,21.55,83.57,10688,2,0,2,424,500,52,59,0.88,26,1.32,-7,35,67%,7,6401,123,144,62.84,25,28,22.69,25.75,11.35,2793,48.44,22.92,1,1,0,6,2,7,4,1.75,2,2.25,3,3,43%,4,910,130,0,0,3,1,38%,75%,0.88,0.50,0.25,114,1.38,8,1,0,1,3,6,19,25,0.76,11,1.20,-6,11,58%,3,2608,137,1,1.00,4,18.94,24.92,10.96,2599,43.85,10.03
Arcitys,FZF,1,0,1,4,1,3,80,88,0.91,41,1.38,-8,53,66%,4,9857,123,2781,0.88,22.46,82.82,10208,2,0,2,424,500,60,59,1.02,28,1.49,1,38,63%,4,6705,112,132,57.60,19,21,26.18,25.75,12.22,2926,51.93,22.92,1,1,0,6,2,6,4,1.50,0,1.50,2,5,83%,2,693,116,1,0,1,0,13%,100%,0.75,0.50,0.00,87,1.25,8,1,0,1,3,6,14,25,0.56,13,1.08,-11,10,71%,2,2459,176,1,1.00,0,13.95,24.92,12.96,2451,38.87,10.03
KnoX,FZF,1,0,1,4,1,3,101,95,1.06,33,1.41,6,71,70%,6,11984,119,3318,1.02,27.92,108.14,12808,2,0,2,424,500,67,67,1.00,25,1.37,0,43,64%,4,7885,118,110,48.00,27,36,29.24,29.24,10.91,3441,58.47,22.92,1,1,0,6,2,9,5,1.80,3,2.40,4,7,78%,3,1050,117,0,1,1,1,13%,50%,1.13,0.63,0.38,131,1.75,8,1,0,1,3,6,25,23,1.09,5,1.30,2,21,84%,6,3049,122,1,1.00,2,24.92,22.92,4.98,3039,47.84,10.03
PaulEhx,FZF,1,0,1,4,1,3,83,99,0.84,43,1.27,-16,48,58%,3,11648,140,3254,0.80,23.67,85.17,12305,2,0,2,424,500,51,71,0.72,32,1.17,-20,26,51%,3,7501,147,134,58.47,23,20,22.25,30.98,13.96,3273,53.24,22.92,1,1,0,6,2,5,2,2.50,2,3.50,3,4,80%,3,927,185,0,0,1,1,13%,50%,0.63,0.25,0.25,116,0.88,8,1,0,1,3,6,27,26,1.04,9,1.38,1,18,67%,3,3220,119,0,0.00,2,26.91,25.91,8.97,3209,52.82,10.03
Johnny,HUN,4,2,2,14,8,6,299,268,1.12,106,1.51,31,190,64%,6,36789,123,3528,1.08,29.08,109.93,13597,6,3,3,1255,1211,180,156,1.15,67,1.58,24,118,66%,6,21523,120,356,61.77,62,82,31.23,27.07,11.63,3734,58.30,57.63,5,4,1,24,19,44,31,1.42,13,1.84,13,30,68%,4,5858,133,0,0,12,4,28%,75%,1.02,0.72,0.30,136,1.74,43,3,1,2,8,10,75,81,0.93,26,1.25,-6,42,56%,4,9408,125,1,0.33,6,24.96,26.96,8.65,3131,51.91,30.05
Nemensions,HUN,4,2,2,14,8,6,240,254,0.94,128,1.45,-14,157,65%,8,34476,144,3545,0.98,25.20,85.34,12377,6,3,3,1255,1211,146,155,0.94,76,1.43,-9,100,68%,7,20893,143,483,83.81,63,71,25.33,26.89,13.19,3625,52.23,57.63,5,4,1,24,19,19,29,0.66,14,1.14,-10,8,42%,3,3394,179,5,0,3,4,7%,43%,0.44,0.67,0.33,79,1.12,43,3,1,2,8,10,75,70,1.07,38,1.61,5,49,65%,8,10189,136,2,0.67,5,24.96,23.29,12.65,3391,48.25,30.05
Renegade,HUN,4,2,2,14,8,6,252,233,1.08,94,1.48,19,180,71%,4,29004,115,2864,1.11,25.89,90.50,10573,6,3,3,1255,1211,152,134,1.13,54,1.54,18,111,73%,4,15790,104,380,65.93,51,85,26.37,23.25,9.37,2740,49.62,57.63,5,4,1,24,19,25,28,0.89,17,1.50,-3,18,72%,3,3893,156,0,2,4,3,9%,57%,0.58,0.65,0.40,91,1.23,43,3,1,2,8,10,75,71,1.06,23,1.38,4,51,68%,4,9321,124,3,1.00,7,24.96,23.63,7.65,3102,48.59,30.05
Rspi,HUN,4,2,2,14,8,6,247,272,0.91,86,1.22,-25,148,60%,8,29175,118,2887,0.86,23.95,90.74,10632,6,3,3,1255,1211,135,159,0.85,54,1.19,-24,84,62%,8,16304,121,350,60.73,40,72,23.42,27.59,9.37,2829,51.01,57.63,5,4,1,24,19,37,28,1.32,3,1.43,9,22,59%,5,3862,104,6,3,4,8,9%,33%,0.86,0.65,0.07,90,1.51,43,3,1,2,8,10,75,85,0.88,29,1.22,-10,42,56%,5,9009,120,2,0.67,7,24.96,28.29,9.65,2998,53.24,30.05
Alfa,OCO,2,1,1,6,3,3,127,125,1.02,53,1.44,2,83,65%,7,15834,125,3209,0.97,25.19,95.58,11670,2,1,1,489,498,62,67,0.93,24,1.28,-5,36,58%,6,7644,123,186,77.29,34,45,25.76,27.84,9.97,3176,53.60,24.07,2,1,1,9,9,16,10,1.60,6,2.20,6,10,63%,7,1693,106,1,0,1,1,6%,50%,0.89,0.56,0.33,94,1.44,18,2,1,1,4,4,49,48,1.02,23,1.50,1,37,76%,4,6497,133,1,0.50,3,24.50,24.00,11.50,3249,48.50,20.00
FeLo,OCO,2,1,1,6,3,3,116,125,0.93,58,1.39,-9,78,67%,3,16200,140,3247,0.96,24.28,82.38,12079,2,1,1,489,498,54,64,0.84,34,1.38,-10,34,63%,3,7896,146,157,65.24,18,20,22.44,26.59,14.13,3281,49.03,24.07,2,1,1,9,9,9,14,0.64,7,1.14,-5,7,78%,3,1891,210,2,0,2,4,11%,33%,0.50,0.78,0.39,105,1.28,18,2,1,1,4,4,53,47,1.13,17,1.49,6,37,70%,3,6413,121,0,0.00,9,26.50,23.50,8.50,3207,50.00,20.00
Manny,OCO,2,1,1,6,3,3,109,130,0.84,56,1.27,-21,72,66%,9,14967,137,3074,0.84,22.47,80.59,11083,2,1,1,489,498,57,63,0.90,29,1.37,-6,38,67%,9,7770,136,198,82.27,26,36,23.68,26.18,12.05,3229,49.86,24.07,2,1,1,9,9,10,12,0.83,4,1.17,-2,8,80%,5,1423,142,3,0,1,5,6%,17%,0.56,0.67,0.22,79,1.22,18,2,1,1,4,4,42,55,0.76,23,1.18,-13,26,62%,4,5774,137,1,0.50,3,21.00,27.50,11.50,2887,48.50,20.00
Wrecks,OCO,2,1,1,6,3,3,148,131,1.13,51,1.52,17,101,68%,6,17925,121,3535,1.17,30.41,108.61,13490,2,1,1,489,498,74,64,1.16,24,1.53,10,53,72%,6,8558,116,96,39.89,29,25,30.75,26.59,9.97,3556,57.34,24.07,2,1,1,9,9,14,16,0.88,3,1.06,-2,9,64%,4,2346,168,0,0,1,2,6%,33%,0.78,0.89,0.17,130,1.67,18,2,1,1,4,4,60,51,1.18,24,1.65,9,39,65%,6,7021,117,2,1.00,6,30.00,25.50,12.00,3511,55.50,20.00
IconZ,FCS,6,4,2,22,13,9,441,431,1.02,164,1.40,10,279,63%,9,57435,130,3318,1.03,25.87,92.27,12092,9,7,2,2075,1749,259,243,1.07,95,1.46,16,165,64%,9,32716,126,605,63.68,80,77,27.26,25.58,10.00,3444,52.84,95.00,7,2,5,33,37,45,48,0.94,15,1.25,-3,25,56%,6,6660,148,16,2,4,10,6%,29%,0.64,0.69,0.21,95.14,1.33,70,6,4,2,32,25,137,140,0.98,54,1.36,-3,89,65%,6,18059,132,11,1.89,8,23.60,24.12,9.30,3111,47.72,58.05
KB,FCS,6,4,2,22,13,9,396,391,1.01,185,1.49,5,291,73%,7,51061,129,2940,1.02,23.06,82.74,10765,9,7,2,2075,1749,220,218,1.01,118,1.55,2,158,72%,7,28964,132,562,59.16,73,118,23.16,22.95,12.42,3049,46.11,95.00,7,2,5,33,37,43,46,0.93,12,1.20,-3,32,74%,4,6059,141,2,1,9,7,13%,56%,0.61,0.66,0.17,86.56,1.27,70,6,4,2,32,25,133,127,1.05,55,1.48,6,101,76%,4,16038,121,6,1.03,16,22.91,21.88,9.47,2763,44.79,58.05
Milly,FCS,6,4,2,22,13,9,482,414,1.16,150,1.53,68,332,69%,11,60031,125,3472,1.18,28.10,101.28,12653,9,7,2,2075,1749,284,224,1.27,89,1.67,60,203,71%,11,34867,123,715,75.26,103,79,29.89,23.58,9.37,3670,53.47,95.00,7,2,5,33,37,52,49,1.06,11,1.29,3,29,56%,6,6887,132,0,1,9,12,13%,43%,0.74,0.70,0.16,98.39,1.44,70,6,4,2,32,25,146,141,1.04,50,1.39,5,100,68%,5,18277,125,10,1.72,11,25.15,24.29,8.61,3148,49.44,58.05
Ruper,FCS,6,4,2,22,13,9,388,413,0.94,176,1.37,-25,245,63%,6,52368,135,2964,0.95,22.48,80.82,11033,9,7,2,2075,1749,202,223,0.91,106,1.38,-21,123,61%,6,26597,132,532,56.00,67,132,21.26,23.47,11.16,2800,44.74,95.00,7,2,5,33,37,44,49,0.90,12,1.14,-5,27,61%,3,7000,159,2,1,7,10,10%,41%,0.63,0.70,0.17,100.00,1.33,70,6,4,2,32,25,142,141,1.01,58,1.42,1,95,67%,5,18771,132,4,0.69,12,24.46,24.29,9.99,3234,48.75,58.05
Henry,MAJ,1,1,0,2,2,0,51,29,1.76,14,2.24,22,34,67%,6,5286,104,3949,1.67,40.40,#DIV/0!,#DIV/0!,1,1,0,250,182,40,24,1.67,10,2.08,16,30,75%,6,3910,98,71,71.72,16,8,40.40,24.24,10.10,3949,64.65,9.90,1,1,0,6,3,11,5,2.20,4,3.00,6,4,36%,4,1376,125,0,0,3,0,33%,100%,1.22,0.56,0.44,152.89,1.78,9,0,0,0,0,0,0,0,#DIV/0!,0,#DIV/0!,0,0,#DIV/0!,0,0,#DIV/0!,0,#DIV/0!,0,#DIV/0!,#DIV/0!,#DIV/0!,#DIV/0!,#DIV/0!,0.00
Lqgend,MAJ,1,1,0,2,2,0,27,28,0.96,9,1.29,-1,23,85%,5,3146,117,2726,1.04,24.24,#DIV/0!,#DIV/0!,1,1,0,250,182,24,23,1.04,8,1.39,1,21,88%,5,2699,112,18,18.18,13,10,24.24,23.23,8.08,2726,47.47,9.90,1,1,0,6,3,3,5,0.60,1,0.80,-2,2,67%,1,447,149,3,0,1,1,11%,50%,0.33,0.56,0.11,49.67,0.89,9,0,0,0,0,0,0,0,#DIV/0!,0,#DIV/0!,0,0,#DIV/0!,0,0,#DIV/0!,0,#DIV/0!,0,#DIV/0!,#DIV/0!,#DIV/0!,#DIV/0!,#DIV/0!,0.00
Twisted,MAJ,1,1,0,2,2,0,27,30,0.90,14,1.37,-3,18,67%,4,3777,140,3506,1.04,25.25,#DIV/0!,#DIV/0!,1,1,0,250,182,25,24,1.04,13,1.58,1,17,68%,4,3471,139,95,95.96,11,15,25.25,24.24,13.13,3506,49.49,9.90,1,1,0,6,3,2,6,0.33,1,0.50,-4,1,50%,1,306,153,0,0,1,1,11%,50%,0.22,0.67,0.11,34.00,0.89,9,0,0,0,0,0,0,0,#DIV/0!,0,#DIV/0!,0,0,#DIV/0!,0,0,#DIV/0!,0,#DIV/0!,0,#DIV/0!,#DIV/0!,#DIV/0!,#DIV/0!,#DIV/0!,0.00
Wailers,MAJ,1,1,0,2,2,0,30,26,1.15,14,1.69,4,21,70%,4,4436,148,3806,1.19,25.25,#DIV/0!,#DIV/0!,1,1,0,250,182,25,21,1.19,12,1.76,4,19,76%,4,3768,151,56,56.57,3,3,25.25,21.21,12.12,3806,46.46,9.90,1,1,0,6,3,5,5,1.00,2,1.40,0,2,40%,2,668,134,0,0,1,1,11%,50%,0.56,0.56,0.22,74.22,1.11,9,0,0,0,0,0,0,0,#DIV/0!,0,#DIV/0!,0,0,#DIV/0!,0,0,#DIV/0!,0,#DIV/0!,0,#DIV/0!,#DIV/0!,#DIV/0!,#DIV/0!,#DIV/0!,0.00
Dak,OXS,1,0,1,3,0,3,57,64,0.89,13,1.09,-7,39,68%,5,7023,123,2691,0.91,23.22,86.48,10975,1,0,1,248,250,31,32,0.97,5,1.13,-1,22,71%,5,3496,113,73,61.00,12,29,25.91,26.74,4.18,2921,52.65,11.97,1,0,1,3,6,6,8,0.75,1,0.88,-2,5,83%,2,1111,185,0,0,0,1,0%,0%,0.67,0.89,0.11,123.44,1.56,9,1,0,1,1,2,20,24,0.83,7,1.13,-4,12,60%,3,2416,121,1,1.00,4,20.00,24.00,7.00,2416,44.00,10.00
Darksived,OXS,1,0,1,3,0,3,53,66,0.80,25,1.18,-13,31,58%,4,7586,143,2975,0.83,21.85,77.68,11523,1,0,1,248,250,26,33,0.79,13,1.18,-7,17,65%,4,3603,139,90,75.21,14,25,21.73,27.58,10.86,3011,49.30,11.97,1,0,1,3,6,5,8,0.63,4,1.13,-3,2,40%,2,1051,210,1,0,0,1,0%,0%,0.56,0.89,0.44,116.78,1.44,9,1,0,1,1,2,22,25,0.88,8,1.20,-3,12,55%,3,2932,133,0,0.00,1,22.00,25.00,8.00,2932,47.00,10.00
Flames,OXS,1,0,1,3,0,3,63,52,1.21,22,1.63,11,48,76%,7,8541,136,3479,1.22,25.49,95.94,12836,1,0,1,248,250,34,24,1.42,12,1.92,10,27,79%,7,4466,131,95,79.39,11,16,28.41,20.06,10.03,3732,48.47,11.97,1,0,1,3,6,7,6,1.17,1,1.33,1,6,86%,2,898,128,0,0,2,1,22%,67%,0.78,0.67,0.11,99.78,1.44,9,1,0,1,1,2,22,22,1.00,9,1.41,0,15,68%,3,3177,144,0,0.00,2,22.00,22.00,9.00,3177,44.00,10.00
Swooty,OXS,1,0,1,3,0,3,66,69,0.96,21,1.26,-3,37,56%,4,9327,141,3813,0.98,27.31,96.82,13922,1,0,1,248,250,33,34,0.97,10,1.26,-1,18,55%,4,4799,145,71,59.33,10,32,27.58,28.41,8.36,4010,55.99,11.97,1,0,1,3,6,6,8,0.75,2,1.00,-2,3,50%,4,951,159,0,0,3,1,33%,75%,0.67,0.89,0.22,105.67,1.56,9,1,0,1,1,2,27,27,1.00,9,1.33,0,16,59%,3,3577,132,0,0.00,0,27.00,27.00,9.00,3577,54.00,10.00
BBConor,T1G,1,0,1,3,0,3,49,58,0.84,19,1.17,-9,30,61%,3,6571,134,3075,0.86,23.20,73.79,10358,1,0,1,138,250,15,26,0.58,8,0.88,-11,10,67%,2,2294,153,55,63.58,10,13,17.34,30.06,9.25,2652,47.40,8.65,1,0,1,4,6,5,7,0.71,1,0.86,-2,2,40%,1,738,148,0,0,1,1,10%,50%,0.50,0.70,0.10,73.80,1.20,10,1,0,1,2,3,29,25,1.16,10,1.56,4,18,62%,3,3539,122,2,1.94,3,28.11,24.23,9.69,3430,52.34,10.32
Disarray,T1G,1,0,1,3,0,3,47,67,0.70,27,1.10,-20,31,66%,7,6706,143,2864,0.65,20.56,80.92,11427,1,0,1,138,250,19,26,0.73,10,1.12,-7,14,74%,7,2502,132,19,21.97,7,19,21.97,30.06,11.56,2892,52.02,8.65,1,0,1,4,6,8,7,1.14,3,1.57,1,5,63%,3,1273,159,1,0,1,1,10%,50%,0.80,0.70,0.30,127.30,1.50,10,1,0,1,2,3,20,34,0.59,14,1.00,-14,12,60%,2,2931,147,0,0.00,2,19.39,32.96,13.57,2841,52.34,10.32
Kez,T1G,1,0,1,3,0,3,44,62,0.71,24,1.10,-18,26,59%,4,7094,161,3067,0.65,18.98,73.98,12111,1,0,1,138,250,16,24,0.67,8,1.00,-8,9,56%,4,2728,171,77,89.02,6,13,18.50,27.75,9.25,3154,46.24,8.65,1,0,1,4,6,8,7,1.14,3,1.57,1,5,63%,3,1277,160,0,0,2,1,20%,67%,0.80,0.70,0.30,127.70,1.50,10,1,0,1,2,3,20,31,0.65,13,1.06,-11,12,60%,2,3089,154,0,0.00,1,19.39,30.05,12.60,2994,49.43,10.32
Rush,T1G,1,0,1,3,0,3,64,59,1.08,20,1.42,5,39,61%,5,7313,114,3449,1.14,30.58,102.99,12061,1,0,1,138,250,25,25,1.00,10,1.40,0,15,60%,5,2996,120,48,55.49,10,16,28.90,28.90,11.56,3464,57.80,8.65,1,0,1,4,6,6,8,0.75,1,0.88,-2,2,33%,3,771,129,1,0,3,1,30%,75%,0.60,0.80,0.10,77.10,1.40,10,1,0,1,2,3,33,26,1.27,9,1.62,7,22,67%,5,3546,107,0,0.00,5,31.99,25.20,8.72,3437,57.19,10.32
Abdullatif,FXR,3,2,1,9,5,4,165,148,1.11,72,1.60,17,121,73%,8,20188,122,3141,1.09,25.86,94.72,11601,4,3,1,890,651,96,82,1.17,41,1.67,14,72,75%,8,11221,117,399,111.30,38,32,26.78,22.87,11.44,3130,49.65,35.85,3,2,1,16,10,20,15,1.33,5,1.67,5,14,70%,3,2576,129,3,0,4,2,15%,67%,0.77,0.58,0.19,99.08,1.35,26,2,0,2,6,8,49,51,0.96,26,1.47,-2,35,71%,6,6391,130,1,0.49,4,24.24,25.23,12.86,3161,49.46,20.22
Clox,FXR,3,2,1,9,5,4,189,134,1.41,72,1.95,55,139,74%,8,23208,123,3612,1.35,29.43,109.01,13387,4,3,1,890,651,112,82,1.37,46,1.93,30,79,71%,7,13727,123,244,68.06,42,31,31.24,22.87,12.83,3829,54.11,35.85,3,2,1,16,10,24,12,2.00,5,2.42,12,16,67%,6,2958,123,1,2,4,2,15%,67%,0.92,0.46,0.19,113.77,1.38,26,2,0,2,6,8,53,40,1.33,21,1.85,13,44,83%,8,6523,123,2,0.99,4,26.22,19.79,10.39,3227,46.00,20.22
GntL,FXR,3,2,1,9,5,4,158,152,1.04,66,1.47,6,122,77%,5,20006,127,3071,1.01,24.79,91.22,11654,4,3,1,890,651,101,87,1.16,41,1.63,14,79,78%,5,12312,122,231,64.44,34,35,28.17,24.27,11.44,3434,52.44,35.85,3,2,1,16,10,19,15,1.27,4,1.53,4,15,79%,5,2788,147,2,1,4,4,15%,50%,0.73,0.58,0.15,107.23,1.31,26,2,0,2,6,8,38,50,0.76,21,1.18,-12,28,74%,3,4906,129,3,1.48,5,18.80,24.73,10.39,2427,43.53,20.22
KingAbody,FXR,3,2,1,9,5,4,162,172,0.94,61,1.30,-10,99,61%,5,19917,123,3157,0.95,26.40,91.57,11415,4,3,1,890,651,103,100,1.03,36,1.39,3,64,62%,5,12412,121,212,59.14,35,30,28.73,27.89,10.04,3462,56.62,35.85,3,2,1,16,10,14,16,0.88,5,1.19,-2,11,79%,3,2214,158,0,0,3,4,12%,43%,0.54,0.62,0.19,85.15,1.15,26,2,0,2,6,8,45,56,0.80,20,1.16,-11,24,53%,4,5291,118,0,0.00,3,22.26,27.70,9.89,2617,49.96,20.22
Cimbels,ABL,3,1,2,12,6,6,254,251,1.01,101,1.41,3,164,65%,6,29682,117,3007,0.96,25.30,98.14,11336,5,3,2,1148,1133,149,147,1.01,57,1.40,2,104,70%,6,16766,113,452,81.32,70,60,26.81,26.45,10.25,3016,53.25,55.58,4,2,2,17,20,37,24,1.54,4,1.71,13,18,49%,6,3889,105,1,3,3,2,8%,60%,1.00,0.65,0.11,105.11,1.65,37,3,1,2,11,12,68,80,0.85,40,1.35,-12,42,62%,6,9027,133,2,0.66,11,22.53,26.50,13.25,2991,49.03,30.18
Clutch,ABL,3,1,2,12,6,6,235,252,0.93,102,1.34,-17,147,63%,5,27919,119,2899,0.95,24.72,87.73,10519,5,3,2,1148,1133,134,148,0.91,64,1.34,-14,83,62%,5,16341,122,401,72.14,55,74,24.11,26.63,11.51,2940,50.73,55.58,4,2,2,17,20,23,30,0.77,9,1.07,-7,9,39%,3,3051,133,4,1,5,5,14%,50%,0.62,0.81,0.24,82.46,1.43,37,3,1,2,11,12,78,74,1.05,29,1.45,4,55,71%,4,8527,109,5,1.66,7,25.84,24.52,9.61,2825,50.36,30.18
dk,ABL,3,1,2,12,6,6,252,251,1.00,109,1.44,1,179,71%,7,34797,138,3670,1.04,26.82,93.76,13005,5,3,2,1148,1133,157,147,1.07,67,1.52,10,113,72%,6,21115,134,461,82.94,80,55,28.25,26.45,12.05,3799,54.69,55.58,4,2,2,17,20,22,29,0.76,5,0.93,-7,12,55%,3,3321,151,1,0,6,5,16%,55%,0.59,0.78,0.14,89.76,1.38,37,3,1,2,11,12,73,75,0.97,37,1.47,-2,54,74%,7,10361,142,4,1.33,10,24.19,24.85,12.26,3433,49.03,30.18
Scythe,ABL,3,1,2,12,6,6,256,258,0.99,104,1.40,-2,165,64%,6,34226,134,3552,1.02,27.40,94.51,12885,5,3,2,1148,1133,146,154,0.95,66,1.38,-8,94,64%,5,19476,133,164,29.51,38,41,26.27,27.71,11.87,3504,53.97,55.58,4,2,2,17,20,21,28,0.75,12,1.18,-7,12,57%,6,3763,179,2,0,5,6,14%,45%,0.57,0.76,0.32,101.70,1.32,37,3,1,2,11,12,89,76,1.17,26,1.51,13,59,66%,5,10987,123,0,0.00,9,29.49,25.18,8.61,3640,54.67,30.18
D3,DCM,2,1,1,4,2,2,57,55,1.04,25,1.49,2,33,58%,5,8030,141,3350,1.05,24.13,#DIV/0!,#DIV/0!,2,1,1,432,355,46,44,1.05,21,1.52,2,27,59%,5,6387,139,125,65.56,16,29,24.13,23.08,11.01,3350,47.20,19.07,2,1,1,9,10,11,11,1.00,4,1.36,0,6,55%,3,1643,149,0,0,2,3,11%,40%,0.58,0.58,0.21,86.47,1.16,19,0,0,0,0,0,0,0,#DIV/0!,0,#DIV/0!,0,0,#DIV/0!,0,0,#DIV/0!,0,#DIV/0!,0,#DIV/0!,#DIV/0!,#DIV/0!,#DIV/0!,#DIV/0!,0.00
Depa,DCM,2,1,1,4,2,2,69,57,1.21,27,1.68,12,37,54%,4,8413,122,3511,1.10,27.80,#DIV/0!,#DIV/0!,2,1,1,432,355,53,48,1.10,21,1.54,5,30,57%,4,6695,126,173,90.73,20,33,27.80,25.17,11.01,3511,52.97,19.07,2,1,1,9,10,16,9,1.78,6,2.44,7,7,44%,3,1718,107,0,0,4,1,21%,80%,0.84,0.47,0.32,90.42,1.32,19,0,0,0,0,0,0,0,#DIV/0!,0,#DIV/0!,0,0,#DIV/0!,0,0,#DIV/0!,0,#DIV/0!,0,#DIV/0!,#DIV/0!,#DIV/0!,#DIV/0!,#DIV/0!,0.00
Nadox,DCM,2,1,1,4,2,2,55,63,0.87,22,1.22,-8,30,55%,4,7357,134,3122,0.88,23.08,#DIV/0!,#DIV/0!,2,1,1,432,355,44,50,0.88,18,1.24,-6,25,57%,4,5953,135,64,33.57,12,15,23.08,26.22,9.44,3122,49.30,19.07,2,1,1,9,10,11,13,0.85,4,1.15,-2,5,45%,2,1404,128,0,0,2,3,11%,40%,0.58,0.68,0.21,73.89,1.26,19,0,0,0,0,0,0,0,#DIV/0!,0,#DIV/0!,0,0,#DIV/0!,0,0,#DIV/0!,0,#DIV/0!,0,#DIV/0!,#DIV/0!,#DIV/0!,#DIV/0!,#DIV/0!,0.00
Nagicks,DCM,2,1,1,4,2,2,54,58,0.93,20,1.28,-4,30,56%,5,6595,122,2959,0.98,24.65,#DIV/0!,#DIV/0!,2,1,1,432,355,47,48,0.98,18,1.35,-1,26,55%,5,5642,120,106,55.59,19,24,24.65,25.17,9.44,2959,49.83,19.07,2,1,1,9,10,7,10,0.70,2,0.90,-3,4,57%,2,953,136,5,0,2,2,11%,50%,0.37,0.53,0.11,50.16,0.89,19,0,0,0,0,0,0,0,#DIV/0!,0,#DIV/0!,0,0,#DIV/0!,0,0,#DIV/0!,0,#DIV/0!,0,#DIV/0!,#DIV/0!,#DIV/0!,#DIV/0!,#DIV/0!,0.00
DTG,TNG,1,0,1,5,1,4,102,110,0.93,54,1.42,-8,61,60%,6,13411,131,3273,0.81,23.47,96.89,12487,2,0,2,426,500,59,71,0.83,38,1.37,-12,38,64%,4,8408,143,118,49.00,16,29,24.50,29.48,15.78,3491,53.98,24.08,2,1,1,9,9,22,11,2.00,4,2.36,11,11,50%,6,2255,103,1,1,5,1,28%,83%,1.22,0.61,0.22,125.28,1.83,18,1,0,1,2,5,21,28,0.75,12,1.18,-7,12,57%,3,2748,131,1,1.00,1,21.00,28.00,12.00,2748,49.00,10.00
Mirage,TNG,1,0,1,5,1,4,117,92,1.27,54,1.86,25,89,76%,6,14391,123,3574,1.22,29.63,107.16,13296,2,0,2,426,500,79,55,1.44,34,2.05,24,61,77%,5,9356,118,141,58.55,26,28,32.80,22.84,14.12,3885,55.64,24.08,2,1,1,9,9,16,9,1.78,8,2.67,7,14,88%,6,2211,138,3,2,1,1,6%,50%,0.89,0.50,0.44,122.83,1.39,18,1,0,1,2,5,22,28,0.79,12,1.21,-6,14,64%,5,2824,128,0,0.00,2,22.00,28.00,12.00,2824,50.00,10.00
Prodahh,TNG,1,0,1,5,1,4,90,96,0.94,55,1.51,-6,63,70%,5,12515,139,3036,0.90,22.30,83.28,11718,2,0,2,426,500,58,59,0.98,35,1.58,-1,43,74%,4,7540,130,99,41.11,12,13,24.08,24.50,14.53,3131,48.58,24.08,2,1,1,9,9,14,12,1.17,8,1.83,2,7,50%,5,2168,155,0,0,2,1,11%,67%,0.78,0.67,0.44,120.44,1.44,18,1,0,1,2,5,18,25,0.72,12,1.20,-7,13,72%,5,2807,156,0,0.00,1,18.00,25.00,12.00,2807,43.00,10.00
Zooner,TNG,1,0,1,5,1,4,99,97,1.02,44,1.47,2,65,66%,4,13080,132,3374,1.06,26.70,89.93,12041,2,0,2,426,500,64,64,1.00,29,1.45,0,41,64%,4,8201,128,102,42.35,17,12,26.57,26.57,12.04,3405,53.15,24.08,2,1,1,9,9,8,11,0.73,5,1.18,-3,6,75%,3,1580,198,0,1,2,5,11%,29%,0.44,0.61,0.28,87.78,1.06,18,1,0,1,2,5,27,22,1.23,10,1.68,5,18,67%,4,3299,122,1,1.00,4,27.00,22.00,10.00,3299,49.00,10.00
Leib,CRE,1,0,1,3,0,3,62,70,0.89,24,1.23,-8,36,58%,5,7946,128,3531,0.97,29.06,91.76,12245,1,0,1,166,250,27,33,0.82,11,1.15,-6,13,48%,4,3370,125,33,32.04,14,9,26.21,32.04,10.68,3272,58.25,10.30,1,0,1,3,6,3,9,0.33,4,0.78,-6,2,67%,2,779,260,1,0,0,2,0%,0%,0.33,1.00,0.44,86.56,1.33,9,1,0,1,4,5,32,28,1.14,9,1.46,4,21,66%,5,3797,119,1,1.00,0,32.00,28.00,9.00,3797,60.00,10.00
Ovrlay,CRE,1,0,1,3,0,3,53,56,0.95,26,1.41,-3,39,74%,5,7038,133,2956,0.92,22.66,86.65,11796,1,0,1,166,250,25,29,0.86,11,1.24,-4,16,64%,5,3462,138,82,79.61,9,8,24.27,28.16,10.68,3361,52.43,10.30,1,0,1,3,6,7,6,1.17,1,1.33,1,6,86%,4,1037,148,0,0,0,1,0%,0%,0.78,0.67,0.11,115.22,1.44,9,1,0,1,4,5,21,21,1.00,14,1.67,0,17,81%,5,2539,121,2,2.00,1,21.00,21.00,14.00,2539,42.00,10.00
Reaper,CRE,1,0,1,3,0,3,56,63,0.89,24,1.27,-7,27,48%,5,7566,135,3318,0.95,25.62,90.03,12097,1,0,1,166,250,30,26,1.15,10,1.54,4,14,47%,5,3537,118,49,47.57,8,3,29.13,25.24,9.71,3434,54.37,10.30,1,0,1,3,6,4,8,0.50,2,0.75,-4,1,25%,2,831,208,0,0,1,3,11%,25%,0.44,0.89,0.22,92.33,1.33,9,1,0,1,4,5,22,29,0.76,12,1.17,-7,12,55%,4,3198,145,0,0.00,0,22.00,29.00,12.00,3198,51.00,10.00
Veilleux,CRE,1,0,1,3,0,3,64,67,0.96,21,1.27,-3,43,67%,4,8191,128,3570,0.93,27.59,100.98,12946,1,0,1,166,250,27,31,0.87,11,1.23,-4,16,59%,4,3603,133,26,25.24,11,8,26.21,30.10,10.68,3498,56.31,10.30,1,0,1,3,6,8,7,1.14,1,1.29,1,6,75%,4,943,118,1,0,0,1,0%,0%,0.89,0.78,0.11,104.78,1.67,9,1,0,1,4,5,29,29,1.00,9,1.31,0,21,72%,3,3645,126,1,1.00,1,29.00,29.00,9.00,3645,58.00,10.00
Aiden,L8U,2,0,2,6,1,5,102,127,0.80,37,1.09,-25,66,65%,5,13144,129,2931,0.86,23.78,78.07,10294,3,0,3,555,750,74,88,0.84,25,1.13,-14,51,69%,5,9203,124,197,64.87,29,19,24.37,28.98,8.23,3031,53.35,30.37,2,0,2,6,12,6,15,0.40,2,0.53,-9,5,83%,2,1311,219,5,1,1,5,6%,17%,0.33,0.83,0.11,72.83,1.17,18,1,1,0,5,4,22,24,0.92,10,1.33,-2,10,45%,3,2630,120,3,3.00,2,22.00,24.00,10.00,2630,46.00,10.00
Cleemzi,L8U,2,0,2,6,1,5,91,121,0.75,36,1.05,-30,62,68%,5,12902,142,2869,0.81,21.30,69.92,10157,3,0,3,555,750,65,82,0.79,22,1.06,-17,45,69%,5,8901,137,135,44.46,23,9,21.41,27.00,7.24,2931,48.41,30.37,2,0,2,6,12,5,15,0.33,4,0.60,-10,3,60%,2,1322,264,0,0,1,4,6%,20%,0.28,0.83,0.22,73.44,1.11,18,1,1,0,5,4,21,24,0.88,10,1.29,-3,14,67%,3,2679,128,0,0.00,7,21.00,24.00,10.00,2679,45.00,10.00
Dany,L8U,2,0,2,6,1,5,131,138,0.95,34,1.20,-7,81,62%,8,16792,128,3634,0.94,28.49,104.17,13376,3,0,3,555,750,89,92,0.97,23,1.22,-3,52,58%,8,11390,128,103,33.92,24,17,29.31,30.30,7.57,3751,59.60,30.37,2,0,2,6,12,16,16,1.00,1,1.06,0,11,69%,4,2124,133,0,0,4,1,22%,80%,0.89,0.89,0.06,118.00,1.78,18,1,1,0,5,4,26,30,0.87,10,1.20,-4,18,69%,4,3278,126,1,1.00,1,26.00,30.00,10.00,3278,56.00,10.00
RealCharm,L8U,2,0,2,6,1,5,94,120,0.78,43,1.14,-26,60,64%,10,12855,137,2877,0.80,21.30,77.00,10397,3,0,3,555,750,55,86,0.64,28,0.97,-31,34,62%,3,8009,146,179,58.95,15,9,18.11,28.32,9.22,2637,46.43,30.37,2,0,2,6,12,8,13,0.62,2,0.77,-5,5,63%,2,1243,155,1,2,0,2,0%,0%,0.44,0.72,0.11,69.06,1.17,18,1,1,0,5,4,31,21,1.48,13,2.10,10,21,68%,10,3603,116,1,1.00,4,31.00,21.00,13.00,3603,52.00,10.00
CotiCR,SME,1,0,1,2,0,2,28,39,0.72,12,1.03,-11,16,57%,3,4163,149,2880,0.83,21.99,#DIV/0!,#DIV/0!,1,0,1,221,250,25,30,0.83,10,1.17,-5,15,60%,2,3274,131,32,28.15,6,3,21.99,26.39,8.80,2880,48.39,11.37,1,0,1,5,6,3,9,0.33,2,0.56,-6,1,33%,3,889,296,0,0,1,3,9%,25%,0.27,0.82,0.18,80.82,1.09,11,0,0,0,0,0,0,0,#DIV/0!,0,#DIV/0!,0,0,#DIV/0!,0,0,#DIV/0!,0,#DIV/0!,0,#DIV/0!,#DIV/0!,#DIV/0!,#DIV/0!,#DIV/0!,0.00
DylanSZN,SME,1,0,1,2,0,2,36,33,1.09,14,1.52,3,25,69%,6,5300,147,3384,0.86,21.99,#DIV/0!,#DIV/0!,1,0,1,221,250,25,29,0.86,12,1.28,-4,17,68%,4,3847,154,53,46.63,6,10,21.99,25.51,10.56,3384,47.51,11.37,1,0,1,5,6,11,4,2.75,2,3.25,7,8,73%,6,1453,132,3,1,2,1,18%,67%,1.00,0.36,0.18,132.09,1.36,11,0,0,0,0,0,0,0,#DIV/0!,0,#DIV/0!,0,0,#DIV/0!,0,0,#DIV/0!,0,#DIV/0!,0,#DIV/0!,#DIV/0!,#DIV/0!,#DIV/0!,#DIV/0!,0.00
Marcos,SME,1,0,1,2,0,2,25,40,0.63,11,0.90,-15,16,64%,3,3750,150,2224,0.48,14.08,#DIV/0!,#DIV/0!,1,0,1,221,250,16,33,0.48,10,0.79,-17,9,56%,3,2528,158,83,73.02,8,9,14.08,29.03,8.80,2224,43.11,11.37,1,0,1,5,6,9,7,1.29,1,1.43,2,7,78%,3,1222,136,0,0,2,2,18%,50%,0.82,0.64,0.09,111.09,1.45,11,0,0,0,0,0,0,0,#DIV/0!,0,#DIV/0!,0,0,#DIV/0!,0,0,#DIV/0!,0,#DIV/0!,0,#DIV/0!,#DIV/0!,#DIV/0!,#DIV/0!,#DIV/0!,0.00
Munkel,SME,1,0,1,2,0,2,36,39,0.92,15,1.31,-3,22,61%,3,4132,115,2988,0.94,25.51,#DIV/0!,#DIV/0!,1,0,1,221,250,29,31,0.94,14,1.39,-2,19,66%,3,3396,117,73,64.22,9,5,25.51,27.27,12.32,2988,52.79,11.37,1,0,1,5,6,7,8,0.88,1,1.00,-1,3,43%,3,736,105,1,0,0,0,0%,#DIV/0!,0.64,0.73,0.09,66.91,1.36,11,0,0,0,0,0,0,0,#DIV/0!,0,#DIV/0!,0,0,#DIV/0!,0,0,#DIV/0!,0,#DIV/0!,0,#DIV/0!,#DIV/0!,#DIV/0!,#DIV/0!,#DIV/0!,0.00
Fame,ICH,0,0,0,0,0,0,0,0,#DIV/0!,0,#DIV/0!,0,0,#DIV/0!,0,0,#DIV/0!,#DIV/0!,#DIV/0!,#DIV/0!,#DIV/0!,#DIV/0!,0,0,0,0,0,0,0,#DIV/0!,0,#DIV/0!,0,0,#DIV/0!,0,0,#DIV/0!,0,#DIV/0!,0,0,#DIV/0!,#DIV/0!,#DIV/0!,#DIV/0!,#DIV/0!,0.00,0,0,0,0,0,0,0,#DIV/0!,0,#DIV/0!,0,0,#DIV/0!,0,0,#DIV/0!,0,0,0,0,#DIV/0!,#DIV/0!,#DIV/0!,#DIV/0!,#DIV/0!,#DIV/0!,#DIV/0!,0,0,0,0,0,0,0,0,#DIV/0!,0,#DIV/0!,0,0,#DIV/0!,0,0,#DIV/0!,0,#DIV/0!,0,#DIV/0!,#DIV/0!,#DIV/0!,#DIV/0!,#DIV/0!,0.00
Noysii,ICH,0,0,0,0,0,0,0,0,#DIV/0!,0,#DIV/0!,0,0,#DIV/0!,0,0,#DIV/0!,#DIV/0!,#DIV/0!,#DIV/0!,#DIV/0!,#DIV/0!,0,0,0,0,0,0,0,#DIV/0!,0,#DIV/0!,0,0,#DIV/0!,0,0,#DIV/0!,0,#DIV/0!,0,0,#DIV/0!,#DIV/0!,#DIV/0!,#DIV/0!,#DIV/0!,0.00,0,0,0,0,0,0,0,#DIV/0!,0,#DIV/0!,0,0,#DIV/0!,0,0,#DIV/0!,0,0,0,0,#DIV/0!,#DIV/0!,#DIV/0!,#DIV/0!,#DIV/0!,#DIV/0!,#DIV/0!,0,0,0,0,0,0,0,0,#DIV/0!,0,#DIV/0!,0,0,#DIV/0!,0,0,#DIV/0!,0,#DIV/0!,0,#DIV/0!,#DIV/0!,#DIV/0!,#DIV/0!,#DIV/0!,0.00
cWadz,ICH,0,0,0,0,0,0,0,0,#DIV/0!,0,#DIV/0!,0,0,#DIV/0!,0,0,#DIV/0!,#DIV/0!,#DIV/0!,#DIV/0!,#DIV/0!,#DIV/0!,0,0,0,0,0,0,0,#DIV/0!,0,#DIV/0!,0,0,#DIV/0!,0,0,#DIV/0!,0,#DIV/0!,0,0,#DIV/0!,#DIV/0!,#DIV/0!,#DIV/0!,#DIV/0!,0.00,0,0,0,0,0,0,0,#DIV/0!,0,#DIV/0!,0,0,#DIV/0!,0,0,#DIV/0!,0,0,0,0,#DIV/0!,#DIV/0!,#DIV/0!,#DIV/0!,#DIV/0!,#DIV/0!,#DIV/0!,0,0,0,0,0,0,0,0,#DIV/0!,0,#DIV/0!,0,0,#DIV/0!,0,0,#DIV/0!,0,#DIV/0!,0,#DIV/0!,#DIV/0!,#DIV/0!,#DIV/0!,#DIV/0!,0.00
Xotic,ICH,0,0,0,0,0,0,0,0,#DIV/0!,0,#DIV/0!,0,0,#DIV/0!,0,0,#DIV/0!,#DIV/0!,#DIV/0!,#DIV/0!,#DIV/0!,#DIV/0!,0,0,0,0,0,0,0,#DIV/0!,0,#DIV/0!,0,0,#DIV/0!,0,0,#DIV/0!,0,#DIV/0!,0,0,#DIV/0!,#DIV/0!,#DIV/0!,#DIV/0!,#DIV/0!,0.00,0,0,0,0,0,0,0,#DIV/0!,0,#DIV/0!,0,0,#DIV/0!,0,0,#DIV/0!,0,0,0,0,#DIV/0!,#DIV/0!,#DIV/0!,#DIV/0!,#DIV/0!,#DIV/0!,#DIV/0!,0,0,0,0,0,0,0,0,#DIV/0!,0,#DIV/0!,0,0,#DIV/0!,0,0,#DIV/0!,0,#DIV/0!,0,#DIV/0!,#DIV/0!,#DIV/0!,#DIV/0!,#DIV/0!,0.00
Avo,VTZ,0,0,0,0,0,0,0,0,#DIV/0!,0,#DIV/0!,0,0,#DIV/0!,0,0,#DIV/0!,#DIV/0!,#DIV/0!,#DIV/0!,#DIV/0!,#DIV/0!,0,0,0,0,0,0,0,#DIV/0!,0,#DIV/0!,0,0,#DIV/0!,0,0,#DIV/0!,0,#DIV/0!,0,0,#DIV/0!,#DIV/0!,#DIV/0!,#DIV/0!,#DIV/0!,0.00,0,0,0,0,0,0,0,#DIV/0!,0,#DIV/0!,0,0,#DIV/0!,0,0,#DIV/0!,0,0,0,0,#DIV/0!,#DIV/0!,#DIV/0!,#DIV/0!,#DIV/0!,#DIV/0!,#DIV/0!,0,0,0,0,0,0,0,0,#DIV/0!,0,#DIV/0!,0,0,#DIV/0!,0,0,#DIV/0!,0,#DIV/0!,0,#DIV/0!,#DIV/0!,#DIV/0!,#DIV/0!,#DIV/0!,0.00
Infinity,VTZ,0,0,0,0,0,0,0,0,#DIV/0!,0,#DIV/0!,0,0,#DIV/0!,0,0,#DIV/0!,#DIV/0!,#DIV/0!,#DIV/0!,#DIV/0!,#DIV/0!,0,0,0,0,0,0,0,#DIV/0!,0,#DIV/0!,0,0,#DIV/0!,0,0,#DIV/0!,0,#DIV/0!,0,0,#DIV/0!,#DIV/0!,#DIV/0!,#DIV/0!,#DIV/0!,0.00,0,0,0,0,0,0,0,#DIV/0!,0,#DIV/0!,0,0,#DIV/0!,0,0,#DIV/0!,0,0,0,0,#DIV/0!,#DIV/0!,#DIV/0!,#DIV/0!,#DIV/0!,#DIV/0!,#DIV/0!,0,0,0,0,0,0,0,0,#DIV/0!,0,#DIV/0!,0,0,#DIV/0!,0,0,#DIV/0!,0,#DIV/0!,0,#DIV/0!,#DIV/0!,#DIV/0!,#DIV/0!,#DIV/0!,0.00
Izaac,VTZ,0,0,0,0,0,0,0,0,#DIV/0!,0,#DIV/0!,0,0,#DIV/0!,0,0,#DIV/0!,#DIV/0!,#DIV/0!,#DIV/0!,#DIV/0!,#DIV/0!,0,0,0,0,0,0,0,#DIV/0!,0,#DIV/0!,0,0,#DIV/0!,0,0,#DIV/0!,0,#DIV/0!,0,0,#DIV/0!,#DIV/0!,#DIV/0!,#DIV/0!,#DIV/0!,0.00,0,0,0,0,0,0,0,#DIV/0!,0,#DIV/0!,0,0,#DIV/0!,0,0,#DIV/0!,0,0,0,0,#DIV/0!,#DIV/0!,#DIV/0!,#DIV/0!,#DIV/0!,#DIV/0!,#DIV/0!,0,0,0,0,0,0,0,0,#DIV/0!,0,#DIV/0!,0,0,#DIV/0!,0,0,#DIV/0!,0,#DIV/0!,0,#DIV/0!,#DIV/0!,#DIV/0!,#DIV/0!,#DIV/0!,0.00
SmolZila,VTZ,0,0,0,0,0,0,0,0,#DIV/0!,0,#DIV/0!,0,0,#DIV/0!,0,0,#DIV/0!,#DIV/0!,#DIV/0!,#DIV/0!,#DIV/0!,#DIV/0!,0,0,0,0,0,0,0,#DIV/0!,0,#DIV/0!,0,0,#DIV/0!,0,0,#DIV/0!,0,#DIV/0!,0,0,#DIV/0!,#DIV/0!,#DIV/0!,#DIV/0!,#DIV/0!,0.00,0,0,0,0,0,0,0,#DIV/0!,0,#DIV/0!,0,0,#DIV/0!,0,0,#DIV/0!,0,0,0,0,#DIV/0!,#DIV/0!,#DIV/0!,#DIV/0!,#DIV/0!,#DIV/0!,#DIV/0!,0,0,0,0,0,0,0,0,#DIV/0!,0,#DIV/0!,0,0,#DIV/0!,0,0,#DIV/0!,0,#DIV/0!,0,#DIV/0!,#DIV/0!,#DIV/0!,#DIV/0!,#DIV/0!,0.00
Booger,EXO,1,1,0,2,2,0,36,20,1.80,8,2.20,16,7,19%,5,3711,103,3755,2.00,35.82,#DIV/0!,#DIV/0!,1,1,0,250,98,28,14,2.00,7,2.50,14,2,7%,5,2935,105,37,47.33,9,7,35.82,17.91,8.96,3755,53.73,7.82,1,1,0,6,4,8,6,1.33,1,1.50,2,5,63%,3,776,97,0,0,1,2,10%,33%,0.80,0.60,0.10,77.60,1.40,10,0,0,0,0,0,0,0,#DIV/0!,0,#DIV/0!,0,0,#DIV/0!,0,0,#DIV/0!,0,#DIV/0!,0,#DIV/0!,#DIV/0!,#DIV/0!,#DIV/0!,#DIV/0!,0.00
Choco,EXO,1,1,0,2,2,0,29,26,1.12,20,1.88,3,16,55%,3,3881,134,3114,0.90,24.31,#DIV/0!,#DIV/0!,1,1,0,250,98,19,21,0.90,14,1.57,-2,10,53%,3,2434,128,113,144.56,7,7,24.31,26.87,17.91,3114,51.17,7.82,1,1,0,6,4,10,5,2.00,6,3.20,5,6,60%,3,1447,145,0,1,2,0,20%,100%,1.00,0.50,0.60,144.70,1.50,10,0,0,0,0,0,0,0,#DIV/0!,0,#DIV/0!,0,0,#DIV/0!,0,0,#DIV/0!,0,#DIV/0!,0,#DIV/0!,#DIV/0!,#DIV/0!,#DIV/0!,#DIV/0!,0.00
Conwa,EXO,1,1,0,2,2,0,32,18,1.78,15,2.61,14,24,75%,6,3480,109,3684,2.42,37.10,#DIV/0!,#DIV/0!,1,1,0,250,98,29,12,2.42,11,3.33,17,23,79%,6,2880,99,136,173.99,18,23,37.10,15.35,14.07,3684,52.45,7.82,1,1,0,6,4,3,6,0.50,4,1.17,-3,1,33%,2,600,200,2,0,0,2,0%,0%,0.30,0.60,0.40,60.00,0.90,10,0,0,0,0,0,0,0,#DIV/0!,0,#DIV/0!,0,0,#DIV/0!,0,0,#DIV/0!,0,#DIV/0!,0,#DIV/0!,#DIV/0!,#DIV/0!,#DIV/0!,#DIV/0!,0.00
Phortable,EXO,1,1,0,2,2,0,40,20,2.00,17,2.85,20,31,78%,7,4652,116,3977,1.63,33.26,#DIV/0!,#DIV/0!,1,1,0,250,98,26,16,1.63,12,2.38,10,20,77%,7,3109,120,68,86.99,9,9,33.26,20.47,15.35,3977,53.73,7.82,1,1,0,6,4,14,4,3.50,5,4.75,10,11,79%,6,1543,110,1,0,2,0,20%,100%,1.40,0.40,0.50,154.30,1.80,10,0,0,0,0,0,0,0,#DIV/0!,0,#DIV/0!,0,0,#DIV/0!,0,0,#DIV/0!,0,#DIV/0!,0,#DIV/0!,#DIV/0!,#DIV/0!,#DIV/0!,#DIV/0!,0.00
Fibrone,ASK,0,0,0,0,0,0,0,0,#DIV/0!,0,#DIV/0!,0,0,#DIV/0!,0,0,#DIV/0!,#DIV/0!,#DIV/0!,#DIV/0!,#DIV/0!,#DIV/0!,0,0,0,0,0,0,0,#DIV/0!,0,#DIV/0!,0,0,#DIV/0!,0,0,#DIV/0!,0,#DIV/0!,0,0,#DIV/0!,#DIV/0!,#DIV/0!,#DIV/0!,#DIV/0!,0.00,0,0,0,0,0,0,0,#DIV/0!,0,#DIV/0!,0,0,#DIV/0!,0,0,#DIV/0!,0,0,0,0,#DIV/0!,#DIV/0!,#DIV/0!,#DIV/0!,#DIV/0!,#DIV/0!,#DIV/0!,0,0,0,0,0,0,0,0,#DIV/0!,0,#DIV/0!,0,0,#DIV/0!,0,0,#DIV/0!,0,#DIV/0!,0,#DIV/0!,#DIV/0!,#DIV/0!,#DIV/0!,#DIV/0!,0.00
Slade,ASK,0,0,0,0,0,0,0,0,#DIV/0!,0,#DIV/0!,0,0,#DIV/0!,0,0,#DIV/0!,#DIV/0!,#DIV/0!,#DIV/0!,#DIV/0!,#DIV/0!,0,0,0,0,0,0,0,#DIV/0!,0,#DIV/0!,0,0,#DIV/0!,0,0,#DIV/0!,0,#DIV/0!,0,0,#DIV/0!,#DIV/0!,#DIV/0!,#DIV/0!,#DIV/0!,0.00,0,0,0,0,0,0,0,#DIV/0!,0,#DIV/0!,0,0,#DIV/0!,0,0,#DIV/0!,0,0,0,0,#DIV/0!,#DIV/0!,#DIV/0!,#DIV/0!,#DIV/0!,#DIV/0!,#DIV/0!,0,0,0,0,0,0,0,0,#DIV/0!,0,#DIV/0!,0,0,#DIV/0!,0,0,#DIV/0!,0,#DIV/0!,0,#DIV/0!,#DIV/0!,#DIV/0!,#DIV/0!,#DIV/0!,0.00
Weaths,ASK,0,0,0,0,0,0,0,0,#DIV/0!,0,#DIV/0!,0,0,#DIV/0!,0,0,#DIV/0!,#DIV/0!,#DIV/0!,#DIV/0!,#DIV/0!,#DIV/0!,0,0,0,0,0,0,0,#DIV/0!,0,#DIV/0!,0,0,#DIV/0!,0,0,#DIV/0!,0,#DIV/0!,0,0,#DIV/0!,#DIV/0!,#DIV/0!,#DIV/0!,#DIV/0!,0.00,0,0,0,0,0,0,0,#DIV/0!,0,#DIV/0!,0,0,#DIV/0!,0,0,#DIV/0!,0,0,0,0,#DIV/0!,#DIV/0!,#DIV/0!,#DIV/0!,#DIV/0!,#DIV/0!,#DIV/0!,0,0,0,0,0,0,0,0,#DIV/0!,0,#DIV/0!,0,0,#DIV/0!,0,0,#DIV/0!,0,#DIV/0!,0,#DIV/0!,#DIV/0!,#DIV/0!,#DIV/0!,#DIV/0!,0.00
Yazaah,ASK,0,0,0,0,0,0,0,0,#DIV/0!,0,#DIV/0!,0,0,#DIV/0!,0,0,#DIV/0!,#DIV/0!,#DIV/0!,#DIV/0!,#DIV/0!,#DIV/0!,0,0,0,0,0,0,0,#DIV/0!,0,#DIV/0!,0,0,#DIV/0!,0,0,#DIV/0!,0,#DIV/0!,0,0,#DIV/0!,#DIV/0!,#DIV/0!,#DIV/0!,#DIV/0!,0.00,0,0,0,0,0,0,0,#DIV/0!,0,#DIV/0!,0,0,#DIV/0!,0,0,#DIV/0!,0,0,0,0,#DIV/0!,#DIV/0!,#DIV/0!,#DIV/0!,#DIV/0!,#DIV/0!,#DIV/0!,0,0,0,0,0,0,0,0,#DIV/0!,0,#DIV/0!,0,0,#DIV/0!,0,0,#DIV/0!,0,#DIV/0!,0,#DIV/0!,#DIV/0!,#DIV/0!,#DIV/0!,#DIV/0!,0.00
Cheetowunga,CRY,1,1,0,2,2,0,19,23,0.83,7,1.13,-4,14,74%,3,3002,158,2663,0.63,15.09,#DIV/0!,#DIV/0!,1,1,0,250,112,12,19,0.63,7,1.00,-7,10,83%,3,2117,176,145,182.39,6,18,15.09,23.90,8.81,2663,38.99,7.95,1,1,0,6,3,7,4,1.75,0,1.75,3,4,57%,3,885,126,2,1,1,2,11%,33%,0.78,0.44,0.00,98.33,1.22,9,0,0,0,0,0,0,0,#DIV/0!,0,#DIV/0!,0,0,#DIV/0!,0,0,#DIV/0!,0,#DIV/0!,0,#DIV/0!,#DIV/0!,#DIV/0!,#DIV/0!,#DIV/0!,0.00
Crazie,CRY,1,1,0,2,2,0,38,25,1.52,12,2.00,13,27,71%,5,4696,124,4541,1.48,38.99,#DIV/0!,#DIV/0!,1,1,0,250,112,31,21,1.48,8,1.86,10,22,71%,5,3610,116,65,81.76,14,14,38.99,26.42,10.06,4541,65.41,7.95,1,1,0,6,3,7,4,1.75,4,2.75,3,5,71%,5,1086,155,0,0,1,0,11%,100%,0.78,0.44,0.44,120.67,1.22,9,0,0,0,0,0,0,0,#DIV/0!,0,#DIV/0!,0,0,#DIV/0!,0,0,#DIV/0!,0,#DIV/0!,0,#DIV/0!,#DIV/0!,#DIV/0!,#DIV/0!,#DIV/0!,0.00
Des,CRY,1,1,0,2,2,0,34,25,1.36,15,1.96,9,28,82%,6,4149,122,3528,1.28,28.93,#DIV/0!,#DIV/0!,1,1,0,250,112,23,18,1.28,14,2.06,5,20,87%,6,2805,122,29,36.48,6,14,28.93,22.64,17.61,3528,51.57,7.95,1,1,0,6,3,11,7,1.57,1,1.71,4,8,73%,3,1344,122,0,0,2,1,22%,67%,1.22,0.78,0.11,149.33,2.00,9,0,0,0,0,0,0,0,#DIV/0!,0,#DIV/0!,0,0,#DIV/0!,0,0,#DIV/0!,0,#DIV/0!,0,#DIV/0!,#DIV/0!,#DIV/0!,#DIV/0!,#DIV/0!,0.00
Prod,CRY,1,1,0,2,2,0,30,23,1.30,9,1.70,7,19,63%,4,3621,121,3643,1.41,30.19,#DIV/0!,#DIV/0!,1,1,0,250,112,24,17,1.41,7,1.82,7,15,63%,4,2896,121,79,99.37,5,19,30.19,21.38,8.81,3643,51.57,7.95,1,1,0,6,3,6,6,1.00,2,1.33,0,4,67%,2,725,121,1,0,1,1,11%,50%,0.67,0.67,0.22,80.56,1.33,9,0,0,0,0,0,0,0,#DIV/0!,0,#DIV/0!,0,0,#DIV/0!,0,0,#DIV/0!,0,#DIV/0!,0,#DIV/0!,#DIV/0!,#DIV/0!,#DIV/0!,#DIV/0!,0.00
Cyborg,,0,0,0,2,2,0,34,20,1.70,12,2.30,14,23,68%,6,4189,123,4390,1.87,35.97,#DIV/0!,#DIV/0!,1,1,0,250,67,28,15,1.87,10,2.53,13,22,79%,6,3417,122,35,44.97,4,0,35.97,19.27,12.85,4390,55.25,7.78,1,1,0,6,3,6,5,1.20,2,1.60,1,1,17%,2,772,129,0,0,0,1,0%,0%,0.67,0.56,0.22,85.78,1.22,9,0,0,0,0,0,0,0,#DIV/0!,0,#DIV/0!,0,0,#DIV/0!,0,0,#DIV/0!,0,#DIV/0!,0,#DIV/0!,#DIV/0!,#DIV/0!,#DIV/0!,#DIV/0!,0.00
Nekra,,0,0,0,2,2,0,29,19,1.53,8,1.95,10,19,66%,6,3160,109,3463,1.79,32.12,#DIV/0!,#DIV/0!,1,1,0,250,67,25,14,1.79,7,2.29,11,17,68%,6,2695,108,54,69.38,8,0,32.12,17.99,8.99,3463,50.11,7.78,1,1,0,6,3,4,5,0.80,1,1.00,-1,2,50%,2,465,116,0,0,0,2,0%,0%,0.44,0.56,0.11,51.67,1.00,9,0,0,0,0,0,0,0,#DIV/0!,0,#DIV/0!,0,0,#DIV/0!,0,0,#DIV/0!,0,#DIV/0!,0,#DIV/0!,#DIV/0!,#DIV/0!,#DIV/0!,#DIV/0!,0.00
Lazahh,,0,0,0,2,2,0,30,22,1.36,20,2.27,8,18,60%,4,3800,127,3370,1.11,25.70,#DIV/0!,#DIV/0!,1,1,0,250,67,20,18,1.11,17,2.06,2,15,75%,3,2623,131,84,107.92,7,7,25.70,23.13,21.84,3370,48.82,7.78,1,1,0,6,3,10,4,2.50,3,3.25,6,3,30%,4,1177,118,2,0,3,1,33%,75%,1.11,0.44,0.33,130.78,1.56,9,0,0,0,0,0,0,0,#DIV/0!,0,#DIV/0!,0,0,#DIV/0!,0,0,#DIV/0!,0,#DIV/0!,0,#DIV/0!,#DIV/0!,#DIV/0!,#DIV/0!,#DIV/0!,0.00
Vanishh,,0,0,0,2,2,0,32,17,1.88,12,2.59,15,21,66%,7,3459,108,3316,1.86,33.40,#DIV/0!,#DIV/0!,1,1,0,250,67,26,14,1.86,10,2.57,12,20,77%,7,2581,99,89,114.35,7,9,33.40,17.99,12.85,3316,51.39,7.78,1,1,0,6,3,6,3,2.00,2,2.67,3,1,17%,2,878,146,0,0,1,1,11%,50%,0.67,0.33,0.22,97.56,1.00,9,0,0,0,0,0,0,0,#DIV/0!,0,#DIV/0!,0,0,#DIV/0!,0,0,#DIV/0!,0,#DIV/0!,0,#DIV/0!,#DIV/0!,#DIV/0!,#DIV/0!,#DIV/0!,0.00
Lampy,CON,0,0,1,2,0,2,38,26,1.46,11,1.88,12,28,74%,5,4611,121,3754,1.38,31.24,#DIV/0!,#DIV/0!,1,0,1,180,250,29,21,1.38,7,1.71,8,23,79%,5,3485,120,11,11.85,6,4,31.24,22.62,7.54,3754,53.86,9.28,1,0,1,2,6,9,5,1.80,4,2.60,4,5,56%,3,1126,125,0,0,1,1,13%,50%,1.13,0.63,0.50,140.75,1.75,8,0,0,0,0,0,0,0,#DIV/0!,0,#DIV/0!,0,0,#DIV/0!,0,0,#DIV/0!,0,#DIV/0!,0,#DIV/0!,#DIV/0!,#DIV/0!,#DIV/0!,#DIV/0!,0.00
H8ME,CON,1,0,1,2,0,2,23,29,0.79,12,1.21,-6,19,83%,4,3052,133,2955,0.88,22.62,#DIV/0!,#DIV/0!,1,0,1,180,250,21,24,0.88,11,1.33,-3,18,86%,4,2743,131,48,51.71,6,5,22.62,25.85,11.85,2955,48.47,9.28,1,0,1,2,6,2,5,0.40,1,0.60,-3,1,50%,1,309,155,0,0,0,2,0%,0%,0.25,0.63,0.13,38.63,0.88,8,0,0,0,0,0,0,0,#DIV/0!,0,#DIV/0!,0,0,#DIV/0!,0,0,#DIV/0!,0,#DIV/0!,0,#DIV/0!,#DIV/0!,#DIV/0!,#DIV/0!,#DIV/0!,0.00
NikoIsFree,CON,1,0,1,2,0,2,34,28,1.21,13,1.68,6,20,59%,5,4306,127,3531,1.00,26.93,#DIV/0!,#DIV/0!,1,0,1,180,250,25,25,1.00,9,1.36,0,15,60%,5,3278,131,53,57.09,9,5,26.93,26.93,9.69,3531,53.86,9.28,1,0,1,2,6,9,3,3.00,4,4.33,6,5,56%,3,1028,114,0,0,1,1,13%,50%,1.13,0.38,0.50,128.50,1.50,8,0,0,0,0,0,0,0,#DIV/0!,0,#DIV/0!,0,0,#DIV/0!,0,0,#DIV/0!,0,#DIV/0!,0,#DIV/0!,#DIV/0!,#DIV/0!,#DIV/0!,#DIV/0!,0.00
Skip,CON,1,0,1,2,0,2,22,31,0.71,11,1.06,-9,13,59%,4,2888,131,2489,0.65,18.31,#DIV/0!,#DIV/0!,1,0,1,180,250,17,26,0.65,8,0.96,-9,10,59%,4,2311,136,79,85.10,7,11,18.31,28.01,8.62,2489,46.32,9.28,1,0,1,2,6,5,5,1.00,3,1.60,0,3,60%,2,577,115,2,0,0,2,0%,0%,0.63,0.63,0.38,72.13,1.25,8,0,0,0,0,0,0,0,#DIV/0!,0,#DIV/0!,0,0,#DIV/0!,0,0,#DIV/0!,0,#DIV/0!,0,#DIV/0!,#DIV/0!,#DIV/0!,#DIV/0!,#DIV/0!,0.00
Hitmxn,TRN,2,1,1,4,2,2,68,63,1.08,31,1.57,5,37,54%,7,8365,123,2767,1.00,23.70,#DIV/0!,#DIV/0!,2,1,1,461,421,54,54,1.00,26,1.48,0,29,54%,5,6305,117,134,58.81,12,13,23.70,23.70,11.41,2767,47.40,22.78,2,1,1,11,7,14,9,1.56,5,2.11,5,8,57%,7,2060,147,2,1,0,3,0%,0%,0.78,0.50,0.28,114.44,1.28,18,0,0,0,0,0,0,0,#DIV/0!,0,#DIV/0!,0,0,#DIV/0!,0,0,#DIV/0!,0,#DIV/0!,0,#DIV/0!,#DIV/0!,#DIV/0!,#DIV/0!,#DIV/0!,0.00
Mince,TRN,2,1,1,4,2,2,65,72,0.90,36,1.40,-7,35,54%,5,8018,123,2692,0.86,22.38,#DIV/0!,#DIV/0!,2,1,1,461,421,51,59,0.86,29,1.36,-8,27,53%,5,6133,120,110,48.28,9,11,22.38,25.90,12.73,2692,48.28,22.78,2,1,1,11,7,14,13,1.08,7,1.62,1,8,57%,3,1885,135,0,0,3,0,17%,100%,0.78,0.72,0.39,104.72,1.50,18,0,0,0,0,0,0,0,#DIV/0!,0,#DIV/0!,0,0,#DIV/0!,0,0,#DIV/0!,0,#DIV/0!,0,#DIV/0!,#DIV/0!,#DIV/0!,#DIV/0!,#DIV/0!,0.00
TKay,TRN,2,1,1,4,2,2,80,67,1.19,28,1.61,13,50,63%,7,9311,116,3196,1.20,28.53,#DIV/0!,#DIV/0!,2,1,1,461,421,65,54,1.20,21,1.59,11,39,60%,7,7281,112,134,58.81,17,15,28.53,23.70,9.22,3196,52.23,22.78,2,1,1,11,7,15,13,1.15,7,1.69,2,11,73%,5,2030,135,0,0,6,1,33%,86%,0.83,0.72,0.39,112.78,1.56,18,0,0,0,0,0,0,0,#DIV/0!,0,#DIV/0!,0,0,#DIV/0!,0,0,#DIV/0!,0,#DIV/0!,0,#DIV/0!,#DIV/0!,#DIV/0!,#DIV/0!,#DIV/0!,0.00
Andi,TRN,2,1,1,4,2,2,70,69,1.01,26,1.39,1,36,51%,5,7958,114,2909,1.04,25.90,#DIV/0!,#DIV/0!,2,1,1,461,421,59,57,1.04,24,1.46,2,29,49%,4,6628,112,139,61.01,17,22,25.90,25.02,10.53,2909,50.91,22.78,2,1,1,11,7,11,12,0.92,2,1.08,-1,7,64%,5,1330,121,3,1,2,3,11%,40%,0.61,0.67,0.11,73.89,1.28,18,0,0,0,0,0,0,0,#DIV/0!,0,#DIV/0!,0,0,#DIV/0!,0,0,#DIV/0!,0,#DIV/0!,0,#DIV/0!,#DIV/0!,#DIV/0!,#DIV/0!,#DIV/0!,0.00
Kotlah,SUR,1,1,0,2,2,0,15,17,0.88,12,1.59,-2,10,67%,4,2197,146,2668,1.00,19.35,#DIV/0!,#DIV/0!,1,1,0,250,45,13,13,1.00,9,1.69,0,9,69%,4,1792,138,36,53.60,6,11,19.35,19.35,13.40,2668,38.71,6.72,1,1,0,6,2,2,4,0.50,3,1.25,-2,1,50%,2,405,203,0,0,1,1,13%,50%,0.25,0.50,0.38,50.63,0.75,8,0,0,0,0,0,0,0,#DIV/0!,0,#DIV/0!,0,0,#DIV/0!,0,0,#DIV/0!,0,#DIV/0!,0,#DIV/0!,#DIV/0!,#DIV/0!,#DIV/0!,#DIV/0!,0.00
Kay,SUR,1,1,0,2,2,0,25,14,1.79,9,2.43,11,18,72%,6,3214,129,3086,1.25,22.33,#DIV/0!,#DIV/0!,1,1,0,250,45,15,12,1.25,8,1.92,3,12,80%,3,2073,138,123,183.13,9,16,22.33,17.87,11.91,3086,40.20,6.72,1,1,0,6,2,10,2,5.00,1,5.50,8,6,60%,6,1141,114,2,0,0,0,0%,#DIV/0!,1.25,0.25,0.13,142.63,1.50,8,0,0,0,0,0,0,0,#DIV/0!,0,#DIV/0!,0,0,#DIV/0!,0,0,#DIV/0!,0,#DIV/0!,0,#DIV/0!,#DIV/0!,#DIV/0!,#DIV/0!,#DIV/0!,0.00
Spxncer,SUR,1,1,0,2,2,0,37,18,2.06,15,2.89,19,30,81%,5,4777,129,5282,2.00,41.69,#DIV/0!,#DIV/0!,1,1,0,250,45,28,14,2.00,11,2.79,14,22,79%,5,3548,127,46,68.49,9,19,41.69,20.84,16.38,5282,62.53,6.72,1,1,0,6,2,9,4,2.25,4,3.25,5,8,89%,3,1229,137,0,0,1,0,13%,100%,1.13,0.50,0.50,153.63,1.63,8,0,0,0,0,0,0,0,#DIV/0!,0,#DIV/0!,0,0,#DIV/0!,0,0,#DIV/0!,0,#DIV/0!,0,#DIV/0!,#DIV/0!,#DIV/0!,#DIV/0!,#DIV/0!,0.00
Bes,SUR,1,1,0,2,2,0,40,14,2.86,13,3.79,26,31,78%,10,4395,110,4816,2.91,47.64,#DIV/0!,#DIV/0!,1,1,0,250,45,32,11,2.91,8,3.64,21,24,75%,10,3235,101,103,153.35,11,10,47.64,16.38,11.91,4816,64.02,6.72,1,1,0,6,2,8,3,2.67,5,4.33,5,7,88%,5,1160,145,0,0,3,2,38%,60%,1.00,0.38,0.63,145.00,1.38,8,0,0,0,0,0,0,0,#DIV/0!,0,#DIV/0!,0,0,#DIV/0!,0,0,#DIV/0!,0,#DIV/0!,0,#DIV/0!,#DIV/0!,#DIV/0!,#DIV/0!,#DIV/0!,0.00
Synical,SRM,1,0,1,3,2,1,51,66,0.77,21,1.09,-15,38,75%,5,6396,125,2561,0.82,20.26,70.78,8776,1,1,0,250,227,25,28,0.89,11,1.29,-3,19,76%,5,3054,122,118,95.55,12,23,20.24,22.67,8.91,2473,42.91,12.35,1,1,0,6,5,5,10,0.50,0,0.50,-5,4,80%,2,582,116,0,0,0,2,0%,0%,0.45,0.91,0.00,52.91,1.36,11,1,0,1,4,6,21,28,0.75,10,1.11,-7,15,71%,3,2760,131,0,0.00,1,20.29,27.05,9.66,2667,47.34,10.35
Elzo,SRM,1,0,1,3,2,1,71,58,1.22,15,1.48,13,45,63%,8,8346,118,2991,1.15,26.43,101.53,12087,1,1,0,250,227,33,26,1.27,5,1.46,7,19,58%,4,3696,112,27,21.86,12,14,26.72,21.05,4.05,2993,47.77,12.35,1,1,0,6,5,11,6,1.83,1,2.00,5,7,64%,8,1556,141,1,1,1,1,9%,50%,1.00,0.55,0.09,141.45,1.55,11,1,0,1,4,6,27,26,1.04,9,1.38,1,19,70%,4,3094,115,2,1.93,3,26.09,25.12,8.70,2989,51.21,10.35
Eros,SRM,1,0,1,3,2,1,54,65,0.83,17,1.09,-11,36,67%,4,7414,137,2867,0.85,20.70,77.70,10617,1,1,0,250,227,28,29,0.97,12,1.38,-1,20,71%,4,3852,138,136,110.12,12,12,22.67,23.48,9.72,3119,46.15,12.35,1,1,0,6,5,7,10,0.70,0,0.70,-3,3,43%,1,907,130,1,0,1,2,9%,33%,0.64,0.91,0.00,82.45,1.55,11,1,0,1,4,6,19,26,0.73,5,0.92,-7,13,68%,3,2655,140,2,1.93,2,18.36,25.12,4.83,2565,43.48,10.35
Audacity,SRM,1,0,1,3,2,1,61,60,1.02,24,1.42,1,41,67%,7,8359,137,3141,1.14,25.11,81.36,11672,1,1,0,250,227,28,25,1.12,11,1.56,3,18,64%,4,3559,127,104,84.21,13,11,22.67,20.24,8.91,2882,42.91,12.35,1,1,0,6,5,4,10,0.40,3,0.70,-6,2,50%,2,1229,307,3,0,2,2,18%,50%,0.36,0.91,0.27,111.73,1.27,11,1,0,1,4,6,29,25,1.16,10,1.56,4,21,72%,7,3571,123,0,0.00,4,28.02,24.15,9.66,3450,52.17,10.35
Leo,CRS,0,0,0,0,0,0,0,0,#DIV/0!,0,#DIV/0!,0,0,#DIV/0!,0,0,#DIV/0!,#DIV/0!,#DIV/0!,#DIV/0!,#DIV/0!,#DIV/0!,0,0,0,0,0,0,0,#DIV/0!,0,#DIV/0!,0,0,#DIV/0!,0,0,#DIV/0!,0,#DIV/0!,0,0,#DIV/0!,#DIV/0!,#DIV/0!,#DIV/0!,#DIV/0!,0.00,0,0,0,0,0,0,0,#DIV/0!,0,#DIV/0!,0,0,#DIV/0!,0,0,#DIV/0!,0,0,0,0,#DIV/0!,#DIV/0!,#DIV/0!,#DIV/0!,#DIV/0!,#DIV/0!,#DIV/0!,0,0,0,0,0,0,0,0,#DIV/0!,0,#DIV/0!,0,0,#DIV/0!,0,0,#DIV/0!,0,#DIV/0!,0,#DIV/0!,#DIV/0!,#DIV/0!,#DIV/0!,#DIV/0!,0.00
OTRM,CRS,0,0,0,0,0,0,0,0,#DIV/0!,0,#DIV/0!,0,0,#DIV/0!,0,0,#DIV/0!,#DIV/0!,#DIV/0!,#DIV/0!,#DIV/0!,#DIV/0!,0,0,0,0,0,0,0,#DIV/0!,0,#DIV/0!,0,0,#DIV/0!,0,0,#DIV/0!,0,#DIV/0!,0,0,#DIV/0!,#DIV/0!,#DIV/0!,#DIV/0!,#DIV/0!,0.00,0,0,0,0,0,0,0,#DIV/0!,0,#DIV/0!,0,0,#DIV/0!,0,0,#DIV/0!,0,0,0,0,#DIV/0!,#DIV/0!,#DIV/0!,#DIV/0!,#DIV/0!,#DIV/0!,#DIV/0!,0,0,0,0,0,0,0,0,#DIV/0!,0,#DIV/0!,0,0,#DIV/0!,0,0,#DIV/0!,0,#DIV/0!,0,#DIV/0!,#DIV/0!,#DIV/0!,#DIV/0!,#DIV/0!,0.00
cj,CRS,0,0,0,0,0,0,0,0,#DIV/0!,0,#DIV/0!,0,0,#DIV/0!,0,0,#DIV/0!,#DIV/0!,#DIV/0!,#DIV/0!,#DIV/0!,#DIV/0!,0,0,0,0,0,0,0,#DIV/0!,0,#DIV/0!,0,0,#DIV/0!,0,0,#DIV/0!,0,#DIV/0!,0,0,#DIV/0!,#DIV/0!,#DIV/0!,#DIV/0!,#DIV/0!,0.00,0,0,0,0,0,0,0,#DIV/0!,0,#DIV/0!,0,0,#DIV/0!,0,0,#DIV/0!,0,0,0,0,#DIV/0!,#DIV/0!,#DIV/0!,#DIV/0!,#DIV/0!,#DIV/0!,#DIV/0!,0,0,0,0,0,0,0,0,#DIV/0!,0,#DIV/0!,0,0,#DIV/0!,0,0,#DIV/0!,0,#DIV/0!,0,#DIV/0!,#DIV/0!,#DIV/0!,#DIV/0!,#DIV/0!,0.00
Rushdog,CRS,0,0,0,0,0,0,0,0,#DIV/0!,0,#DIV/0!,0,0,#DIV/0!,0,0,#DIV/0!,#DIV/0!,#DIV/0!,#DIV/0!,#DIV/0!,#DIV/0!,0,0,0,0,0,0,0,#DIV/0!,0,#DIV/0!,0,0,#DIV/0!,0,0,#DIV/0!,0,#DIV/0!,0,0,#DIV/0!,#DIV/0!,#DIV/0!,#DIV/0!,#DIV/0!,0.00,0,0,0,0,0,0,0,#DIV/0!,0,#DIV/0!,0,0,#DIV/0!,0,0,#DIV/0!,0,0,0,0,#DIV/0!,#DIV/0!,#DIV/0!,#DIV/0!,#DIV/0!,#DIV/0!,#DIV/0!,0,0,0,0,0,0,0,0,#DIV/0!,0,#DIV/0!,0,0,#DIV/0!,0,0,#DIV/0!,0,#DIV/0!,0,#DIV/0!,#DIV/0!,#DIV/0!,#DIV/0!,#DIV/0!,0.00
Bialko,TGX,1,1,0,2,2,0,32,40,0.80,17,1.23,-8,20,63%,4,4618,144,3159,0.81,21.99,#DIV/0!,#DIV/0!,1,1,0,250,221,25,31,0.81,13,1.23,-6,14,56%,4,3591,144,97,85.34,9,16,21.99,27.27,11.44,3159,49.27,11.37,1,1,0,6,5,7,9,0.78,4,1.22,-2,6,86%,3,1027,147,0,1,3,1,27%,75%,0.64,0.82,0.36,93.36,1.45,11,0,0,0,0,0,0,0,#DIV/0!,0,#DIV/0!,0,0,#DIV/0!,0,0,#DIV/0!,0,#DIV/0!,0,#DIV/0!,#DIV/0!,#DIV/0!,#DIV/0!,#DIV/0!,0.00
Deaper,TGX,1,1,0,2,2,0,43,29,1.48,7,1.72,14,31,72%,4,5152,120,3492,1.52,30.79,#DIV/0!,#DIV/0!,1,1,0,250,221,35,23,1.52,7,1.83,12,25,71%,4,3969,113,29,25.51,4,2,30.79,20.23,6.16,3492,51.03,11.37,1,1,0,6,5,8,6,1.33,0,1.33,2,6,75%,4,1183,148,1,1,0,2,0%,0%,0.73,0.55,0.00,107.55,1.27,11,0,0,0,0,0,0,0,#DIV/0!,0,#DIV/0!,0,0,#DIV/0!,0,0,#DIV/0!,0,#DIV/0!,0,#DIV/0!,#DIV/0!,#DIV/0!,#DIV/0!,#DIV/0!,0.00
Dori,TGX,1,1,0,2,2,0,43,27,1.59,11,2.00,16,30,70%,5,5155,120,3701,1.89,31.67,#DIV/0!,#DIV/0!,1,1,0,250,221,36,19,1.89,10,2.42,17,26,72%,5,4207,117,50,43.99,8,2,31.67,16.72,8.80,3701,48.39,11.37,1,1,0,6,5,7,8,0.88,1,1.00,-1,4,57%,3,948,135,3,0,1,0,9%,100%,0.64,0.73,0.09,86.18,1.36,11,0,0,0,0,0,0,0,#DIV/0!,0,#DIV/0!,0,0,#DIV/0!,0,0,#DIV/0!,0,#DIV/0!,0,#DIV/0!,#DIV/0!,#DIV/0!,#DIV/0!,#DIV/0!,0.00
Lukas,TGX,1,1,0,2,2,0,32,31,1.03,9,1.32,1,21,66%,3,3965,124,2807,1.08,22.87,#DIV/0!,#DIV/0!,1,1,0,250,221,26,24,1.08,7,1.38,2,16,62%,3,3191,123,98,86.22,12,6,22.87,21.11,6.16,2807,43.99,11.37,1,1,0,6,5,6,7,0.86,2,1.14,-1,5,83%,2,774,129,0,0,2,2,18%,50%,0.55,0.64,0.18,70.36,1.18,11,0,0,0,0,0,0,0,#DIV/0!,0,#DIV/0!,0,0,#DIV/0!,0,0,#DIV/0!,0,#DIV/0!,0,#DIV/0!,#DIV/0!,#DIV/0!,#DIV/0!,#DIV/0!,0.00
ManLikeRyan,BEL,2,2,0,5,4,1,74,65,1.14,23,1.49,9,46,62%,5,8912,120,3089,1.05,25.83,93.81,11384,2,1,1,362,292,35,39,0.90,11,1.18,-4,23,66%,5,4411,126,79,56.16,17,9,24.88,27.73,7.82,3136,52.61,14.07,2,2,0,12,5,13,7,1.86,3,2.29,6,7,54%,4,1617,124,2,0,2,3,12%,40%,0.76,0.41,0.18,95.12,1.18,17,1,1,0,5,2,26,19,1.37,9,1.84,7,16,62%,4,2884,111,2,2.09,5,27.23,19.90,9.42,3020,47.12,9.55
JMeemo,BEL,2,2,0,5,4,1,94,60,1.57,21,1.92,34,67,71%,7,10322,110,3535,1.50,33.03,119.62,13182,2,1,1,362,292,46,31,1.48,8,1.74,15,32,70%,6,5034,109,156,110.90,23,4,32.70,22.04,5.69,3579,54.74,14.07,2,2,0,12,5,16,8,2.00,2,2.25,8,11,69%,4,1973,123,1,0,4,2,24%,67%,0.94,0.47,0.12,116.06,1.41,17,1,1,0,5,2,32,21,1.52,11,2.05,11,24,75%,7,3315,104,2,2.09,3,33.51,21.99,11.52,3471,55.50,9.55
DylanCOD,BEL,2,2,0,5,4,1,92,66,1.39,31,1.86,26,62,67%,6,11034,120,3872,1.36,32.18,115.27,13952,2,1,1,362,292,40,34,1.18,16,1.65,6,31,78%,6,5155,129,128,91.00,18,12,28.44,24.17,11.37,3665,52.61,14.07,2,2,0,12,5,16,10,1.60,5,2.10,6,10,63%,4,1890,118,2,0,2,2,12%,50%,0.94,0.59,0.29,111.18,1.53,17,1,1,0,5,2,36,22,1.64,10,2.09,14,21,58%,5,3989,111,0,0.00,2,37.70,23.04,10.47,4177,60.73,9.55
Powerhouse,BEL,2,2,0,5,4,1,53,59,0.90,27,1.36,-6,36,68%,4,7418,140,2472,0.86,18.21,68.08,9558,2,1,1,362,292,27,32,0.84,17,1.38,-5,16,59%,3,3736,138,105,74.64,9,6,19.19,22.75,12.09,2656,41.94,14.07,2,2,0,12,5,10,9,1.11,1,1.22,1,9,90%,4,1580,158,0,0,1,2,6%,33%,0.59,0.53,0.06,92.94,1.12,17,1,1,0,5,2,16,18,0.89,9,1.39,-2,11,69%,2,2102,131,1,1.05,0,16.75,18.85,9.42,2201,35.60,9.55
Hexxa,FDB,1,0,1,2,0,2,22,29,0.76,3,0.86,-7,13,59%,3,2878,131,3018,0.74,25.31,#DIV/0!,#DIV/0!,1,0,1,45,250,17,23,0.74,2,0.83,-6,11,65%,3,2027,119,9,13.40,7,12,25.31,34.24,2.98,3018,59.55,6.72,1,0,1,2,6,5,6,0.83,1,1.00,-1,2,40%,3,851,170,0,0,1,1,13%,50%,0.63,0.75,0.13,106.38,1.38,8,0,0,0,0,0,0,0,#DIV/0!,0,#DIV/0!,0,0,#DIV/0!,0,0,#DIV/0!,0,#DIV/0!,0,#DIV/0!,#DIV/0!,#DIV/0!,#DIV/0!,#DIV/0!,0.00
GNZY,FDB,1,0,1,2,0,2,13,31,0.42,4,0.55,-18,5,38%,2,1385,107,1800,0.48,16.38,#DIV/0!,#DIV/0!,1,0,1,45,250,11,23,0.48,4,0.65,-12,5,45%,2,1209,110,36,53.60,5,14,16.38,34.24,5.96,1800,50.62,6.72,1,0,1,2,6,2,8,0.25,0,0.25,-6,0,0%,1,176,88,0,0,0,3,0%,0%,0.25,1.00,0.00,22.00,1.25,8,0,0,0,0,0,0,0,#DIV/0!,0,#DIV/0!,0,0,#DIV/0!,0,0,#DIV/0!,0,#DIV/0!,0,#DIV/0!,#DIV/0!,#DIV/0!,#DIV/0!,#DIV/0!,0.00
JNZ,FDB,1,0,1,2,0,2,8,30,0.27,14,0.73,-22,4,50%,2,1915,239,2193,0.32,10.42,#DIV/0!,#DIV/0!,1,0,1,45,250,7,22,0.32,11,0.82,-15,4,57%,2,1473,210,23,34.24,4,15,10.42,32.75,16.38,2193,43.18,6.72,1,0,1,2,6,1,8,0.13,3,0.50,-7,0,0%,1,442,442,1,0,0,1,0%,0%,0.13,1.00,0.38,55.25,1.13,8,0,0,0,0,0,0,0,#DIV/0!,0,#DIV/0!,0,0,#DIV/0!,0,0,#DIV/0!,0,#DIV/0!,0,#DIV/0!,#DIV/0!,#DIV/0!,#DIV/0!,#DIV/0!,0.00
YEGRED,FDB,1,0,1,2,0,2,17,30,0.57,9,0.87,-13,11,65%,3,2892,170,3213,0.57,19.35,#DIV/0!,#DIV/0!,1,0,1,45,250,13,23,0.57,9,0.96,-10,7,54%,2,2158,166,14,20.84,6,11,19.35,34.24,13.40,3213,53.60,6.72,1,0,1,2,6,4,7,0.57,0,0.57,-3,4,100%,3,734,184,0,0,2,0,25%,100%,0.50,0.88,0.00,91.75,1.38,8,0,0,0,0,0,0,0,#DIV/0!,0,#DIV/0!,0,0,#DIV/0!,0,0,#DIV/0!,0,#DIV/0!,0,#DIV/0!,#DIV/0!,#DIV/0!,#DIV/0!,#DIV/0!,0.00
Quake,EBU,2,1,1,5,1,4,57,98,0.58,24,0.83,-41,40,70%,6,9927,174,2590,0.54,14.96,59.28,10359,2,0,2,283,500,24,56,0.43,14,0.68,-32,15,63%,2,4671,195,124,62.84,10,19,12.16,28.38,7.09,2367,40.54,19.73,2,0,2,6,12,12,14,0.86,0,0.86,-2,8,67%,6,2134,178,1,0,3,5,17%,38%,0.67,0.78,0.00,118.56,1.44,18,1,1,0,6,4,21,28,0.75,10,1.11,-7,17,81%,3,3122,149,1,0.97,2,20.29,27.05,9.66,3016,47.34,10.35
Gezi,EBU,2,1,1,5,1,4,75,89,0.84,23,1.10,-14,50,67%,5,9630,128,2567,0.78,19.94,77.87,10008,2,0,2,283,500,33,51,0.65,13,0.90,-18,23,70%,4,4540,138,81,41.05,5,20,16.72,25.84,6.59,2301,42.57,19.73,2,0,2,6,12,15,12,1.25,2,1.42,3,11,73%,5,1909,127,3,1,1,2,6%,33%,0.83,0.67,0.11,106.06,1.50,18,1,1,0,6,4,27,26,1.04,8,1.35,1,16,59%,5,3181,118,0,0.00,2,26.09,25.12,7.73,3073,51.21,10.35
Djyoses,EBU,2,1,1,5,1,4,71,91,0.78,22,1.02,-20,51,72%,5,9920,140,2955,0.91,22.94,71.19,10104,2,0,2,283,500,44,54,0.81,12,1.04,-10,29,66%,3,5411,123,75,38.01,18,22,22.30,27.36,6.08,2742,49.66,19.73,2,0,2,6,12,2,15,0.13,1,0.20,-13,2,100%,1,1029,515,0,1,0,3,0%,0%,0.11,0.83,0.06,57.17,0.94,18,1,1,0,6,4,25,22,1.14,9,1.55,3,20,80%,5,3480,139,2,1.93,4,24.15,21.26,8.70,3362,45.41,10.35
Midgxt,EBU,2,1,1,5,1,4,109,79,1.38,17,1.59,30,80,73%,7,12883,118,3316,1.32,28.92,113.55,13515,2,0,2,283,500,55,45,1.22,5,1.33,10,41,75%,7,6844,124,44,22.30,15,8,27.87,22.80,2.53,3468,50.68,19.73,2,0,2,6,12,22,13,1.69,5,2.08,9,14,64%,4,2906,132,0,0,4,0,22%,100%,1.22,0.72,0.28,161.44,1.94,18,1,1,0,6,4,32,21,1.52,7,1.86,11,25,78%,6,3133,98,3,2.90,6,30.92,20.29,6.76,3027,51.21,10.35
JSN,CIM,1,1,0,3,2,1,49,51,0.96,21,1.37,-2,37,76%,6,7079,144,2935,1.00,21.62,73.85,11252,1,1,0,250,154,21,22,0.95,10,1.41,-1,16,76%,3,2912,139,82,75.93,10,17,19.44,20.37,9.26,2696,39.81,10.80,1,0,1,2,6,4,6,0.67,1,0.83,-2,2,50%,2,970,243,2,0,0,1,0%,0%,0.50,0.75,0.13,121.25,1.25,8,1,1,0,6,1,24,23,1.04,10,1.48,1,19,79%,6,3197,133,2,2.00,2,23.96,22.96,9.98,3192,46.92,10.02
Challenger 130,CIM,1,1,0,3,2,1,78,59,1.32,14,1.56,19,49,63%,9,8939,115,3919,1.43,35.07,120.77,13736,1,1,0,250,154,40,23,1.74,2,1.83,17,28,70%,9,4037,101,86,79.63,16,11,37.04,21.30,1.85,3738,58.33,10.80,1,0,1,2,6,5,8,0.63,0,0.63,-3,2,40%,2,780,156,0,0,1,1,13%,50%,0.63,1.00,0.00,97.50,1.63,8,1,1,0,6,1,33,28,1.18,12,1.61,5,19,58%,7,4122,125,1,1.00,1,32.95,27.95,11.98,4115,60.90,10.02
11,CIM,1,1,0,3,2,1,63,52,1.21,14,1.48,11,43,68%,5,7843,124,3275,1.27,26.90,98.20,12792,1,1,0,250,154,27,24,1.13,7,1.42,3,19,70%,5,3708,137,47,43.52,7,10,25.00,22.22,6.48,3433,47.22,10.80,1,0,1,2,6,7,8,0.88,2,1.13,-1,5,71%,2,1026,147,0,0,2,3,25%,40%,0.88,1.00,0.25,128.25,1.88,8,1,1,0,6,1,29,20,1.45,5,1.70,9,19,66%,5,3109,107,1,1.00,0,28.95,19.97,4.99,3104,48.92,10.02
Lewis,CIM,1,1,0,3,2,1,54,49,1.10,26,1.63,5,36,67%,6,7213,134,3071,1.19,24.02,77.99,11048,1,1,0,250,154,20,19,1.05,12,1.68,1,12,60%,3,2824,141,125,115.74,8,8,18.52,17.59,11.11,2615,36.11,10.80,1,0,1,2,6,4,7,0.57,2,0.86,-3,2,50%,2,820,205,0,0,0,1,0%,0%,0.50,0.88,0.25,102.50,1.38,8,1,1,0,6,1,30,23,1.30,12,1.83,7,22,73%,6,3569,119,2,2.00,2,29.95,22.96,11.98,3563,52.91,10.02
Coti,,0,0,0,2,0,2,23,31,0.74,9,1.03,-8,14,61%,5,3170,138,2868,0.86,24.31,#DIV/0!,#DIV/0!,1,0,1,98,250,19,22,0.86,9,1.27,-3,12,63%,5,2242,118,39,49.89,8,16,24.31,28.14,11.51,2868,52.45,7.82,1,0,1,4,6,4,9,0.44,0,0.44,-5,2,50%,2,928,232,0,0,1,3,10%,25%,0.40,0.90,0.00,92.80,1.30,10,0,0,0,0,0,0,0,#DIV/0!,0,#DIV/0!,0,0,#DIV/0!,0,0,#DIV/0!,0,#DIV/0!,0,#DIV/0!,#DIV/0!,#DIV/0!,#DIV/0!,#DIV/0!,0.00
Sorrow,,0,0,0,2,0,2,21,39,0.54,16,0.95,-18,9,43%,2,4198,200,3675,0.47,17.91,#DIV/0!,#DIV/0!,1,0,1,98,250,14,30,0.47,14,0.93,-16,6,43%,2,2873,205,26,33.26,8,11,17.91,38.38,17.91,3675,56.29,7.82,1,0,1,4,6,7,9,0.78,2,1.00,-2,3,43%,2,1325,189,0,0,3,1,30%,75%,0.70,0.90,0.20,132.50,1.60,10,0,0,0,0,0,0,0,#DIV/0!,0,#DIV/0!,0,0,#DIV/0!,0,0,#DIV/0!,0,#DIV/0!,0,#DIV/0!,#DIV/0!,#DIV/0!,#DIV/0!,#DIV/0!,0.00
Dino,,0,0,0,2,0,2,16,30,0.53,4,0.67,-14,9,56%,3,1591,99,1673,0.59,16.63,#DIV/0!,#DIV/0!,1,0,1,98,250,13,22,0.59,4,0.77,-9,8,62%,3,1308,101,16,20.47,4,12,16.63,28.14,5.12,1673,44.78,7.82,1,0,1,4,6,3,8,0.38,0,0.38,-5,1,33%,1,283,94,1,0,0,1,0%,0%,0.30,0.80,0.00,28.30,1.10,10,0,0,0,0,0,0,0,#DIV/0!,0,#DIV/0!,0,0,#DIV/0!,0,0,#DIV/0!,0,#DIV/0!,0,#DIV/0!,#DIV/0!,#DIV/0!,#DIV/0!,#DIV/0!,0.00
?,,0,0,0,1,0,0,0,0,#DIV/0!,0,#DIV/0!,0,0,#DIV/0!,0,0,#DIV/0!,#DIV/0!,#DIV/0!,#DIV/0!,#DIV/0!,#DIV/0!,0,0,0,0,0,0,0,#DIV/0!,0,#DIV/0!,0,0,#DIV/0!,0,0,#DIV/0!,0,#DIV/0!,0,0,#DIV/0!,#DIV/0!,#DIV/0!,#DIV/0!,#DIV/0!,0.00,0,0,0,0,0,0,0,#DIV/0!,0,#DIV/0!,0,0,#DIV/0!,0,0,#DIV/0!,0,0,0,0,#DIV/0!,#DIV/0!,#DIV/0!,#DIV/0!,#DIV/0!,#DIV/0!,#DIV/0!,0,1,0,0,0,0,0,0,#DIV/0!,0,#DIV/0!,0,0,#DIV/0!,0,0,#DIV/0!,0,#DIV/0!,0,#DIV/0!,#DIV/0!,#DIV/0!,#DIV/0!,#DIV/0!,0.00
Dizzyy,ALL,2,0,2,5,1,4,68,79,0.86,26,1.19,-11,39,57%,7,8397,123,2894,0.94,24.57,84.35,10390,2,1,1,317,362,49,38,1.29,14,1.66,11,30,61%,7,5428,111,104,66.31,20,12,31.24,24.23,8.93,3461,55.47,15.68,2,0,2,4,12,6,13,0.46,2,0.62,-7,3,50%,2,1095,183,0,0,0,3,0%,0%,0.38,0.81,0.13,68.44,1.19,16,1,0,1,2,5,13,28,0.46,10,0.82,-15,6,46%,2,1874,144,1,1.05,4,13.61,29.32,10.47,1962,42.93,9.55
NiveA,ALL,2,0,2,5,1,4,57,87,0.66,27,0.97,-30,30,53%,4,8232,144,2970,0.72,21.00,68.98,10051,2,1,1,317,362,35,48,0.73,20,1.15,-13,18,51%,4,5213,149,105,66.95,12,8,22.32,30.61,12.75,3324,52.92,15.68,2,0,2,4,12,4,13,0.31,1,0.38,-9,1,25%,1,738,185,1,0,1,2,6%,33%,0.25,0.81,0.06,46.13,1.06,16,1,0,1,2,5,18,26,0.69,6,0.92,-8,11,61%,3,2281,127,0,0.00,0,18.85,27.23,6.28,2388,46.07,9.55
VeeQ,ALL,2,0,2,5,1,4,87,84,1.04,32,1.42,3,54,62%,8,10426,120,3432,1.03,28.93,106.18,12747,2,1,1,317,362,46,41,1.12,17,1.54,5,30,65%,8,5482,119,135,86.08,22,23,29.33,26.14,10.84,3495,55.47,15.68,2,0,2,4,12,14,13,1.08,5,1.46,1,6,43%,2,1767,126,0,0,4,3,25%,57%,0.88,0.81,0.31,110.44,1.69,16,1,0,1,2,5,27,30,0.90,10,1.23,-3,18,67%,4,3177,118,0,0.00,2,28.27,31.41,10.47,3327,59.69,9.55
Tezcat,ALL,2,0,2,5,1,4,63,81,0.78,27,1.11,-18,38,60%,6,8410,133,2990,0.84,22.59,76.38,10236,2,1,1,317,362,37,42,0.88,15,1.24,-5,23,62%,6,5022,136,61,38.89,12,14,23.59,26.78,9.56,3202,50.37,15.68,2,0,2,4,12,6,13,0.46,2,0.62,-7,3,50%,1,865,144,1,0,1,2,6%,33%,0.38,0.81,0.13,54.06,1.19,16,1,0,1,2,5,20,26,0.77,10,1.15,-6,12,60%,3,2523,126,1,1.05,1,20.94,27.23,10.47,2642,48.17,9.55
Beardzilla,RET,1,0,1,2,0,2,22,35,0.63,6,0.80,-13,13,59%,2,3018,137,3271,0.62,22.97,#DIV/0!,#DIV/0!,1,0,1,54,250,16,26,0.62,6,0.85,-10,9,56%,2,2279,142,11,15.79,6,2,22.97,37.32,8.61,3271,60.29,6.97,1,0,1,3,6,6,9,0.67,0,0.67,-3,4,67%,2,739,123,0,0,2,0,22%,100%,0.67,1.00,0.00,82.11,1.67,9,0,0,0,0,0,0,0,#DIV/0!,0,#DIV/0!,0,0,#DIV/0!,0,0,#DIV/0!,0,#DIV/0!,0,#DIV/0!,#DIV/0!,#DIV/0!,#DIV/0!,#DIV/0!,0.00
Brutelxss,RET,1,0,1,2,0,2,8,32,0.25,8,0.50,-24,3,38%,2,1779,222,1902,0.30,10.05,#DIV/0!,#DIV/0!,1,0,1,54,250,7,23,0.30,7,0.61,-16,3,43%,2,1325,189,18,25.84,2,1,10.05,33.01,10.05,1902,43.06,6.97,1,0,1,3,6,1,9,0.11,1,0.22,-8,0,0%,1,454,454,0,0,0,3,0%,0%,0.11,1.00,0.11,50.44,1.11,9,0,0,0,0,0,0,0,#DIV/0!,0,#DIV/0!,0,0,#DIV/0!,0,0,#DIV/0!,0,#DIV/0!,0,#DIV/0!,#DIV/0!,#DIV/0!,#DIV/0!,#DIV/0!,0.00
Omnus,RET,1,0,1,2,0,2,21,29,0.72,11,1.10,-8,11,52%,4,3192,152,2894,0.68,21.53,#DIV/0!,#DIV/0!,1,0,1,54,250,15,22,0.68,8,1.05,-7,8,53%,3,2016,134,17,24.40,5,4,21.53,31.58,11.48,2894,53.11,6.97,1,0,1,3,6,6,7,0.86,3,1.29,-1,3,50%,4,1176,196,0,0,0,0,0%,#DIV/0!,0.67,0.78,0.33,130.67,1.44,9,0,0,0,0,0,0,0,#DIV/0!,0,#DIV/0!,0,0,#DIV/0!,0,0,#DIV/0!,0,#DIV/0!,0,#DIV/0!,#DIV/0!,#DIV/0!,#DIV/0!,#DIV/0!,0.00
Brutal Eraze,RET,1,0,1,2,0,2,23,32,0.72,8,0.97,-9,14,61%,3,3001,130,2877,0.63,21.53,#DIV/0!,#DIV/0!,1,0,1,54,250,15,24,0.63,6,0.88,-9,9,60%,3,2004,134,25,35.89,4,4,21.53,34.45,8.61,2877,55.98,6.97,1,0,1,3,6,8,8,1.00,2,1.25,0,5,63%,2,997,125,0,0,1,3,11%,25%,0.89,0.89,0.22,110.78,1.78,9,0,0,0,0,0,0,0,#DIV/0!,0,#DIV/0!,0,0,#DIV/0!,0,0,#DIV/0!,0,#DIV/0!,0,#DIV/0!,#DIV/0!,#DIV/0!,#DIV/0!,#DIV/0!,0.00
Spel,,0,0,0,4,4,0,82,64,1.28,28,1.72,18,57,70%,5,9574,117,3279,1.23,29.30,#DIV/0!,#DIV/0!,2,2,0,500,374,65,53,1.23,23,1.66,12,47,72%,5,7273,112,119,53.64,20,41,29.30,23.89,10.37,3279,53.19,22.18,2,2,0,12,6,17,11,1.55,5,2.00,6,10,59%,4,2301,135,0,0,7,1,39%,88%,0.94,0.61,0.28,127.83,1.56,18,0,0,0,0,0,0,0,#DIV/0!,0,#DIV/0!,0,0,#DIV/0!,0,0,#DIV/0!,0,#DIV/0!,0,#DIV/0!,#DIV/0!,#DIV/0!,#DIV/0!,#DIV/0!,0.00
AliFSA,,0,0,0,4,4,0,71,71,1.00,24,1.34,0,44,62%,6,8158,115,3243,1.10,28.85,#DIV/0!,#DIV/0!,2,2,0,500,374,64,58,1.10,21,1.47,6,40,63%,6,7193,112,190,85.65,29,30,28.85,26.15,9.47,3243,55.00,22.18,2,2,0,12,6,7,13,0.54,3,0.77,-6,4,57%,2,965,138,1,0,1,1,6%,50%,0.39,0.72,0.17,53.61,1.11,18,0,0,0,0,0,0,0,#DIV/0!,0,#DIV/0!,0,0,#DIV/0!,0,0,#DIV/0!,0,#DIV/0!,0,#DIV/0!,#DIV/0!,#DIV/0!,#DIV/0!,#DIV/0!,0.00
Rippo,,0,0,0,4,4,0,52,72,0.72,35,1.21,-20,28,54%,5,8836,170,3090,0.72,19.83,#DIV/0!,#DIV/0!,2,2,0,500,374,44,61,0.72,30,1.21,-17,24,55%,5,6855,156,80,36.06,6,6,19.83,27.50,13.52,3090,47.33,22.18,2,2,0,12,6,8,11,0.73,5,1.18,-3,4,50%,2,1981,248,0,0,0,3,0%,0%,0.44,0.61,0.28,110.06,1.06,18,0,0,0,0,0,0,0,#DIV/0!,0,#DIV/0!,0,0,#DIV/0!,0,0,#DIV/0!,0,#DIV/0!,0,#DIV/0!,#DIV/0!,#DIV/0!,#DIV/0!,#DIV/0!,0.00
Bloww,,0,0,0,4,4,0,64,75,0.85,20,1.12,-11,47,73%,6,8270,129,2534,0.75,19.83,#DIV/0!,#DIV/0!,2,2,0,500,374,44,59,0.75,16,1.02,-15,31,70%,6,5621,128,181,81.59,23,28,19.83,26.60,7.21,2534,46.43,22.18,2,2,0,12,6,20,16,1.25,4,1.50,4,16,80%,6,2649,132,0,0,3,2,17%,60%,1.11,0.89,0.22,147.17,2.00,18,0,0,0,0,0,0,0,#DIV/0!,0,#DIV/0!,0,0,#DIV/0!,0,0,#DIV/0!,0,#DIV/0!,0,#DIV/0!,#DIV/0!,#DIV/0!,#DIV/0!,#DIV/0!,0.00
Bialko,TGX,1,1,0,2,2,0,32,40,0.80,17,1.23,-8,20,63%,4,4618,144,3159,0.81,21.99,#DIV/0!,#DIV/0!,1,1,0,250,221,25,31,0.81,13,1.23,-6,14,56%,4,3591,144,97,85.34,9,16,21.99,27.27,11.44,3159,49.27,11.37,1,1,0,6,5,7,9,0.78,4,1.22,-2,6,86%,3,1027,147,0,1,3,1,27%,75%,0.64,0.82,0.36,93.36,1.45,11,0,0,0,0,0,0,0,#DIV/0!,0,#DIV/0!,0,0,#DIV/0!,0,0,#DIV/0!,0,#DIV/0!,0,#DIV/0!,#DIV/0!,#DIV/0!,#DIV/0!,#DIV/0!,0.00
Deaper,TGX,1,1,0,2,2,0,43,29,1.48,7,1.72,14,31,72%,4,5152,120,3492,1.52,30.79,#DIV/0!,#DIV/0!,1,1,0,250,221,35,23,1.52,7,1.83,12,25,71%,4,3969,113,29,25.51,4,2,30.79,20.23,6.16,3492,51.03,11.37,1,1,0,6,5,8,6,1.33,0,1.33,2,6,75%,4,1183,148,1,1,0,2,0%,0%,0.73,0.55,0.00,107.55,1.27,11,0,0,0,0,0,0,0,#DIV/0!,0,#DIV/0!,0,0,#DIV/0!,0,0,#DIV/0!,0,#DIV/0!,0,#DIV/0!,#DIV/0!,#DIV/0!,#DIV/0!,#DIV/0!,0.00
Dori,TGX,1,1,0,2,2,0,43,27,1.59,11,2.00,16,30,70%,5,5155,120,3701,1.89,31.67,#DIV/0!,#DIV/0!,1,1,0,250,221,36,19,1.89,10,2.42,17,26,72%,5,4207,117,50,43.99,8,2,31.67,16.72,8.80,3701,48.39,11.37,1,1,0,6,5,7,8,0.88,1,1.00,-1,4,57%,3,948,135,3,0,1,0,9%,100%,0.64,0.73,0.09,86.18,1.36,11,0,0,0,0,0,0,0,#DIV/0!,0,#DIV/0!,0,0,#DIV/0!,0,0,#DIV/0!,0,#DIV/0!,0,#DIV/0!,#DIV/0!,#DIV/0!,#DIV/0!,#DIV/0!,0.00
Lukas,TGX,1,1,0,2,2,0,32,31,1.03,9,1.32,1,21,66%,3,3965,124,2807,1.08,22.87,#DIV/0!,#DIV/0!,1,1,0,250,221,26,24,1.08,7,1.38,2,16,62%,3,3191,123,98,86.22,12,6,22.87,21.11,6.16,2807,43.99,11.37,1,1,0,6,5,6,7,0.86,2,1.14,-1,5,83%,2,774,129,0,0,2,2,18%,50%,0.55,0.64,0.18,70.36,1.18,11,0,0,0,0,0,0,0,#DIV/0!,0,#DIV/0!,0,0,#DIV/0!,0,0,#DIV/0!,0,#DIV/0!,0,#DIV/0!,#DIV/0!,#DIV/0!,#DIV/0!,#DIV/0!,0.00
ChunkRT,AVG,1,0,1,2,0,2,24,28,0.86,11,1.25,-4,13,54%,4,2755,115,2266,0.75,19.64,#DIV/0!,#DIV/0!,1,0,1,105,250,18,24,0.75,8,1.08,-6,9,50%,4,2077,115,32,34.91,4,6,19.64,26.18,8.73,2266,45.82,9.17,1,0,1,4,6,6,4,1.50,3,2.25,2,4,67%,2,678,113,0,0,1,2,10%,33%,0.60,0.40,0.30,67.80,1.00,10,0,0,0,0,0,0,0,#DIV/0!,0,#DIV/0!,0,0,#DIV/0!,0,0,#DIV/0!,0,#DIV/0!,0,#DIV/0!,#DIV/0!,#DIV/0!,#DIV/0!,#DIV/0!,0.00
JME,AVG,1,0,1,2,0,2,23,32,0.72,11,1.06,-9,13,57%,3,2642,115,2275,0.72,19.64,#DIV/0!,#DIV/0!,1,0,1,105,250,18,25,0.72,9,1.08,-7,10,56%,3,2085,116,44,48.00,2,12,19.64,27.27,9.82,2275,46.91,9.17,1,0,1,4,6,5,7,0.71,2,1.00,-2,3,60%,2,557,111,0,0,1,2,10%,33%,0.50,0.70,0.20,55.70,1.20,10,0,0,0,0,0,0,0,#DIV/0!,0,#DIV/0!,0,0,#DIV/0!,0,0,#DIV/0!,0,#DIV/0!,0,#DIV/0!,#DIV/0!,#DIV/0!,#DIV/0!,#DIV/0!,0.00
Jxckson,AVG,1,0,1,2,0,2,31,32,0.97,15,1.44,-1,18,58%,4,3591,116,2919,0.92,26.18,#DIV/0!,#DIV/0!,1,0,1,105,250,24,26,0.92,12,1.38,-2,13,54%,4,2676,112,35,38.18,6,9,26.18,28.36,13.09,2919,54.55,9.17,1,0,1,4,6,7,6,1.17,3,1.67,1,5,71%,2,915,131,1,0,1,1,10%,50%,0.70,0.60,0.30,91.50,1.30,10,0,0,0,0,0,0,0,#DIV/0!,0,#DIV/0!,0,0,#DIV/0!,0,0,#DIV/0!,0,#DIV/0!,0,#DIV/0!,#DIV/0!,#DIV/0!,#DIV/0!,#DIV/0!,0.00
Elusive,AVG,1,0,1,2,0,2,14,30,0.47,7,0.70,-16,10,71%,2,2817,201,2665,0.52,13.09,#DIV/0!,#DIV/0!,1,0,1,105,250,12,23,0.52,6,0.78,-11,9,75%,2,2443,204,0,0.00,3,0,13.09,25.09,6.55,2665,38.18,9.17,1,0,1,4,6,2,7,0.29,1,0.43,-5,1,50%,1,374,187,1,0,0,2,0%,0%,0.20,0.70,0.10,37.40,0.90,10,0,0,0,0,0,0,0,#DIV/0!,0,#DIV/0!,0,0,#DIV/0!,0,0,#DIV/0!,0,#DIV/0!,0,#DIV/0!,#DIV/0!,#DIV/0!,#DIV/0!,#DIV/0!,0.00
Cjp,ANX,1,1,0,2,2,0,28,33,0.85,10,1.15,-5,16,57%,4,3484,124,3240,0.93,26.93,#DIV/0!,#DIV/0!,1,1,0,250,180,25,27,0.93,9,1.26,-2,14,56%,4,3008,120,75,80.79,8,7,26.93,29.08,9.69,3240,56.01,9.28,1,1,0,6,2,3,6,0.50,1,0.67,-3,2,67%,1,476,159,1,0,1,1,13%,50%,0.38,0.75,0.13,59.50,1.13,8,0,0,0,0,0,0,0,#DIV/0!,0,#DIV/0!,0,0,#DIV/0!,0,0,#DIV/0!,0,#DIV/0!,0,#DIV/0!,#DIV/0!,#DIV/0!,#DIV/0!,#DIV/0!,0.00
Whizzxrd,ANX,1,1,0,2,2,0,27,25,1.08,9,1.44,2,17,63%,6,3797,141,3525,1.26,25.85,#DIV/0!,#DIV/0!,1,1,0,250,180,24,19,1.26,8,1.68,5,16,67%,6,3272,136,96,103.41,5,6,25.85,20.47,8.62,3525,46.32,9.28,1,1,0,6,2,3,6,0.50,1,0.67,-3,1,33%,1,525,175,0,0,1,1,13%,50%,0.38,0.75,0.13,65.63,1.13,8,0,0,0,0,0,0,0,#DIV/0!,0,#DIV/0!,0,0,#DIV/0!,0,0,#DIV/0!,0,#DIV/0!,0,#DIV/0!,#DIV/0!,#DIV/0!,#DIV/0!,#DIV/0!,0.00
Ezoo,ANX,1,1,0,2,2,0,30,29,1.03,15,1.55,1,19,63%,5,4251,142,3633,1.05,24.78,#DIV/0!,#DIV/0!,1,1,0,250,180,23,22,1.05,12,1.59,1,14,61%,5,3373,147,45,48.47,9,3,24.78,23.70,12.93,3633,48.47,9.28,1,1,0,6,2,7,7,1.00,3,1.43,0,5,71%,3,878,125,1,0,2,0,25%,100%,0.88,0.88,0.38,109.75,1.75,8,0,0,0,0,0,0,0,#DIV/0!,0,#DIV/0!,0,0,#DIV/0!,0,0,#DIV/0!,0,#DIV/0!,0,#DIV/0!,#DIV/0!,#DIV/0!,#DIV/0!,#DIV/0!,0.00
Happy,ANX,1,1,0,2,2,0,29,30,0.97,8,1.23,-1,18,62%,5,3089,107,2654,1.00,25.85,#DIV/0!,#DIV/0!,1,1,0,250,180,24,24,1.00,5,1.21,0,16,67%,5,2464,103,85,91.56,11,13,25.85,25.85,5.39,2654,51.71,9.28,1,1,0,6,2,5,6,0.83,3,1.33,-1,2,40%,2,625,125,0,0,2,0,25%,100%,0.63,0.75,0.38,78.13,1.38,8,0,0,0,0,0,0,0,#DIV/0!,0,#DIV/0!,0,0,#DIV/0!,0,0,#DIV/0!,0,#DIV/0!,0,#DIV/0!,#DIV/0!,#DIV/0!,#DIV/0!,#DIV/0!,0.00
,,0,0,0,0,0,0,0,0,#DIV/0!,0,#DIV/0!,0,0,#DIV/0!,0,0,#DIV/0!,#DIV/0!,#DIV/0!,#DIV/0!,#DIV/0!,#DIV/0!,0,0,0,0,0,0,0,#DIV/0!,0,#DIV/0!,0,0,#DIV/0!,0,0,#DIV/0!,0,#DIV/0!,0,0,#DIV/0!,#DIV/0!,#DIV/0!,#DIV/0!,#DIV/0!,0.00,0,0,0,0,0,0,0,#DIV/0!,0,#DIV/0!,0,0,#DIV/0!,0,0,#DIV/0!,0,0,0,0,#DIV/0!,#DIV/0!,#DIV/0!,#DIV/0!,#DIV/0!,#DIV/0!,#DIV/0!,0,0,0,0,0,0,0,0,#DIV/0!,0,#DIV/0!,0,0,#DIV/0!,0,0,#DIV/0!,0,#DIV/0!,0,#DIV/0!,#DIV/0!,#DIV/0!,#DIV/0!,#DIV/0!,0.00
,,0,0,0,0,0,0,0,0,#DIV/0!,0,#DIV/0!,0,0,#DIV/0!,0,0,#DIV/0!,#DIV/0!,#DIV/0!,#DIV/0!,#DIV/0!,#DIV/0!,0,0,0,0,0,0,0,#DIV/0!,0,#DIV/0!,0,0,#DIV/0!,0,0,#DIV/0!,0,#DIV/0!,0,0,#DIV/0!,#DIV/0!,#DIV/0!,#DIV/0!,#DIV/0!,0.00,0,0,0,0,0,0,0,#DIV/0!,0,#DIV/0!,0,0,#DIV/0!,0,0,#DIV/0!,0,0,0,0,#DIV/0!,#DIV/0!,#DIV/0!,#DIV/0!,#DIV/0!,#DIV/0!,#DIV/0!,0,0,0,0,0,0,0,0,#DIV/0!,0,#DIV/0!,0,0,#DIV/0!,0,0,#DIV/0!,0,#DIV/0!,0,#DIV/0!,#DIV/0!,#DIV/0!,#DIV/0!,#DIV/0!,0.00
,,0,0,0,0,0,0,0,0,#DIV/0!,0,#DIV/0!,0,0,#DIV/0!,0,0,#DIV/0!,#DIV/0!,#DIV/0!,#DIV/0!,#DIV/0!,#DIV/0!,0,0,0,0,0,0,0,#DIV/0!,0,#DIV/0!,0,0,#DIV/0!,0,0,#DIV/0!,0,#DIV/0!,0,0,#DIV/0!,#DIV/0!,#DIV/0!,#DIV/0!,#DIV/0!,0.00,0,0,0,0,0,0,0,#DIV/0!,0,#DIV/0!,0,0,#DIV/0!,0,0,#DIV/0!,0,0,0,0,#DIV/0!,#DIV/0!,#DIV/0!,#DIV/0!,#DIV/0!,#DIV/0!,#DIV/0!,0,0,0,0,0,0,0,0,#DIV/0!,0,#DIV/0!,0,0,#DIV/0!,0,0,#DIV/0!,0,#DIV/0!,0,#DIV/0!,#DIV/0!,#DIV/0!,#DIV/0!,#DIV/0!,0.00
,,0,0,0,0,0,0,0,0,#DIV/0!,0,#DIV/0!,0,0,#DIV/0!,0,0,#DIV/0!,#DIV/0!,#DIV/0!,#DIV/0!,#DIV/0!,#DIV/0!,0,0,0,0,0,0,0,#DIV/0!,0,#DIV/0!,0,0,#DIV/0!,0,0,#DIV/0!,0,#DIV/0!,0,0,#DIV/0!,#DIV/0!,#DIV/0!,#DIV/0!,#DIV/0!,0.00,0,0,0,0,0,0,0,#DIV/0!,0,#DIV/0!,0,0,#DIV/0!,0,0,#DIV/0!,0,0,0,0,#DIV/0!,#DIV/0!,#DIV/0!,#DIV/0!,#DIV/0!,#DIV/0!,#DIV/0!,0,0,0,0,0,0,0,0,#DIV/0!,0,#DIV/0!,0,0,#DIV/0!,0,0,#DIV/0!,0,#DIV/0!,0,#DIV/0!,#DIV/0!,#DIV/0!,#DIV/0!,#DIV/0!,0.00
,,0,0,0,0,0,0,0,0,#DIV/0!,0,#DIV/0!,0,0,#DIV/0!,0,0,#DIV/0!,#DIV/0!,#DIV/0!,#DIV/0!,#DIV/0!,#DIV/0!,0,0,0,0,0,0,0,#DIV/0!,0,#DIV/0!,0,0,#DIV/0!,0,0,#DIV/0!,0,#DIV/0!,0,0,#DIV/0!,#DIV/0!,#DIV/0!,#DIV/0!,#DIV/0!,0.00,0,0,0,0,0,0,0,#DIV/0!,0,#DIV/0!,0,0,#DIV/0!,0,0,#DIV/0!,0,0,0,0,#DIV/0!,#DIV/0!,#DIV/0!,#DIV/0!,#DIV/0!,#DIV/0!,#DIV/0!,0,0,0,0,0,0,0,0,#DIV/0!,0,#DIV/0!,0,0,#DIV/0!,0,0,#DIV/0!,0,#DIV/0!,0,#DIV/0!,#DIV/0!,#DIV/0!,#DIV/0!,#DIV/0!,0.00
,,0,0,0,0,0,0,0,0,#DIV/0!,0,#DIV/0!,0,0,#DIV/0!,0,0,#DIV/0!,#DIV/0!,#DIV/0!,#DIV/0!,#DIV/0!,#DIV/0!,0,0,0,0,0,0,0,#DIV/0!,0,#DIV/0!,0,0,#DIV/0!,0,0,#DIV/0!,0,#DIV/0!,0,0,#DIV/0!,#DIV/0!,#DIV/0!,#DIV/0!,#DIV/0!,0.00,0,0,0,0,0,0,0,#DIV/0!,0,#DIV/0!,0,0,#DIV/0!,0,0,#DIV/0!,0,0,0,0,#DIV/0!,#DIV/0!,#DIV/0!,#DIV/0!,#DIV/0!,#DIV/0!,#DIV/0!,0,0,0,0,0,0,0,0,#DIV/0!,0,#DIV/0!,0,0,#DIV/0!,0,0,#DIV/0!,0,#DIV/0!,0,#DIV/0!,#DIV/0!,#DIV/0!,#DIV/0!,#DIV/0!,0.00
,,0,0,0,0,0,0,0,0,#DIV/0!,0,#DIV/0!,0,0,#DIV/0!,0,0,#DIV/0!,#DIV/0!,#DIV/0!,#DIV/0!,#DIV/0!,#DIV/0!,0,0,0,0,0,0,0,#DIV/0!,0,#DIV/0!,0,0,#DIV/0!,0,0,#DIV/0!,0,#DIV/0!,0,0,#DIV/0!,#DIV/0!,#DIV/0!,#DIV/0!,#DIV/0!,0.00,0,0,0,0,0,0,0,#DIV/0!,0,#DIV/0!,0,0,#DIV/0!,0,0,#DIV/0!,0,0,0,0,#DIV/0!,#DIV/0!,#DIV/0!,#DIV/0!,#DIV/0!,#DIV/0!,#DIV/0!,0,0,0,0,0,0,0,0,#DIV/0!,0,#DIV/0!,0,0,#DIV/0!,0,0,#DIV/0!,0,#DIV/0!,0,#DIV/0!,#DIV/0!,#DIV/0!,#DIV/0!,#DIV/0!,0.00
,,0,0,0,0,0,0,0,0,#DIV/0!,0,#DIV/0!,0,0,#DIV/0!,0,0,#DIV/0!,#DIV/0!,#DIV/0!,#DIV/0!,#DIV/0!,#DIV/0!,0,0,0,0,0,0,0,#DIV/0!,0,#DIV/0!,0,0,#DIV/0!,0,0,#DIV/0!,0,#DIV/0!,0,0,#DIV/0!,#DIV/0!,#DIV/0!,#DIV/0!,#DIV/0!,0.00,0,0,0,0,0,0,0,#DIV/0!,0,#DIV/0!,0,0,#DIV/0!,0,0,#DIV/0!,0,0,0,0,#DIV/0!,#DIV/0!,#DIV/0!,#DIV/0!,#DIV/0!,#DIV/0!,#DIV/0!,0,0,0,0,0,0,0,0,#DIV/0!,0,#DIV/0!,0,0,#DIV/0!,0,0,#DIV/0!,0,#DIV/0!,0,#DIV/0!,#DIV/0!,#DIV/0!,#DIV/0!,#DIV/0!,0.00
,,0,0,0,0,0,0,0,0,#DIV/0!,0,#DIV/0!,0,0,#DIV/0!,0,0,#DIV/0!,#DIV/0!,#DIV/0!,#DIV/0!,#DIV/0!,#DIV/0!,0,0,0,0,0,0,0,#DIV/0!,0,#DIV/0!,0,0,#DIV/0!,0,0,#DIV/0!,0,#DIV/0!,0,0,#DIV/0!,#DIV/0!,#DIV/0!,#DIV/0!,#DIV/0!,0.00,0,0,0,0,0,0,0,#DIV/0!,0,#DIV/0!,0,0,#DIV/0!,0,0,#DIV/0!,0,0,0,0,#DIV/0!,#DIV/0!,#DIV/0!,#DIV/0!,#DIV/0!,#DIV/0!,#DIV/0!,0,0,0,0,0,0,0,0,#DIV/0!,0,#DIV/0!,0,0,#DIV/0!,0,0,#DIV/0!,0,#DIV/0!,0,#DIV/0!,#DIV/0!,#DIV/0!,#DIV/0!,#DIV/0!,0.00
,,0,0,0,0,0,0,0,0,#DIV/0!,0,#DIV/0!,0,0,#DIV/0!,0,0,#DIV/0!,#DIV/0!,#DIV/0!,#DIV/0!,#DIV/0!,#DIV/0!,0,0,0,0,0,0,0,#DIV/0!,0,#DIV/0!,0,0,#DIV/0!,0,0,#DIV/0!,0,#DIV/0!,0,0,#DIV/0!,#DIV/0!,#DIV/0!,#DIV/0!,#DIV/0!,0.00,0,0,0,0,0,0,0,#DIV/0!,0,#DIV/0!,0,0,#DIV/0!,0,0,#DIV/0!,0,0,0,0,#DIV/0!,#DIV/0!,#DIV/0!,#DIV/0!,#DIV/0!,#DIV/0!,#DIV/0!,0,0,0,0,0,0,0,0,#DIV/0!,0,#DIV/0!,0,0,#DIV/0!,0,0,#DIV/0!,0,#DIV/0!,0,#DIV/0!,#DIV/0!,#DIV/0!,#DIV/0!,#DIV/0!,0.00
,,0,0,0,0,0,0,0,0,#DIV/0!,0,#DIV/0!,0,0,#DIV/0!,0,0,#DIV/0!,#DIV/0!,#DIV/0!,#DIV/0!,#DIV/0!,#DIV/0!,0,0,0,0,0,0,0,#DIV/0!,0,#DIV/0!,0,0,#DIV/0!,0,0,#DIV/0!,0,#DIV/0!,0,0,#DIV/0!,#DIV/0!,#DIV/0!,#DIV/0!,#DIV/0!,0.00,0,0,0,0,0,0,0,#DIV/0!,0,#DIV/0!,0,0,#DIV/0!,0,0,#DIV/0!,0,0,0,0,#DIV/0!,#DIV/0!,#DIV/0!,#DIV/0!,#DIV/0!,#DIV/0!,#DIV/0!,0,0,0,0,0,0,0,0,#DIV/0!,0,#DIV/0!,0,0,#DIV/0!,0,0,#DIV/0!,0,#DIV/0!,0,#DIV/0!,#DIV/0!,#DIV/0!,#DIV/0!,#DIV/0!,0.00
,,0,0,0,0,0,0,0,0,#DIV/0!,0,#DIV/0!,0,0,#DIV/0!,0,0,#DIV/0!,#DIV/0!,#DIV/0!,#DIV/0!,#DIV/0!,#DIV/0!,0,0,0,0,0,0,0,#DIV/0!,0,#DIV/0!,0,0,#DIV/0!,0,0,#DIV/0!,0,#DIV/0!,0,0,#DIV/0!,#DIV/0!,#DIV/0!,#DIV/0!,#DIV/0!,0.00,0,0,0,0,0,0,0,#DIV/0!,0,#DIV/0!,0,0,#DIV/0!,0,0,#DIV/0!,0,0,0,0,#DIV/0!,#DIV/0!,#DIV/0!,#DIV/0!,#DIV/0!,#DIV/0!,#DIV/0!,0,0,0,0,0,0,0,0,#DIV/0!,0,#DIV/0!,0,0,#DIV/0!,0,0,#DIV/0!,0,#DIV/0!,0,#DIV/0!,#DIV/0!,#DIV/0!,#DIV/0!,#DIV/0!,0.00
,,0,0,0,0,0,0,0,0,#DIV/0!,0,#DIV/0!,0,0,#DIV/0!,0,0,#DIV/0!,#DIV/0!,#DIV/0!,#DIV/0!,#DIV/0!,#DIV/0!,0,0,0,0,0,0,0,#DIV/0!,0,#DIV/0!,0,0,#DIV/0!,0,0,#DIV/0!,0,#DIV/0!,0,0,#DIV/0!,#DIV/0!,#DIV/0!,#DIV/0!,#DIV/0!,0.00,0,0,0,0,0,0,0,#DIV/0!,0,#DIV/0!,0,0,#DIV/0!,0,0,#DIV/0!,0,0,0,0,#DIV/0!,#DIV/0!,#DIV/0!,#DIV/0!,#DIV/0!,#DIV/0!,#DIV/0!,0,0,0,0,0,0,0,0,#DIV/0!,0,#DIV/0!,0,0,#DIV/0!,0,0,#DIV/0!,0,#DIV/0!,0,#DIV/0!,#DIV/0!,#DIV/0!,#DIV/0!,#DIV/0!,0.00
,,0,0,0,0,0,0,0,0,#DIV/0!,0,#DIV/0!,0,0,#DIV/0!,0,0,#DIV/0!,#DIV/0!,#DIV/0!,#DIV/0!,#DIV/0!,#DIV/0!,0,0,0,0,0,0,0,#DIV/0!,0,#DIV/0!,0,0,#DIV/0!,0,0,#DIV/0!,0,#DIV/0!,0,0,#DIV/0!,#DIV/0!,#DIV/0!,#DIV/0!,#DIV/0!,0.00,0,0,0,0,0,0,0,#DIV/0!,0,#DIV/0!,0,0,#DIV/0!,0,0,#DIV/0!,0,0,0,0,#DIV/0!,#DIV/0!,#DIV/0!,#DIV/0!,#DIV/0!,#DIV/0!,#DIV/0!,0,0,0,0,0,0,0,0,#DIV/0!,0,#DIV/0!,0,0,#DIV/0!,0,0,#DIV/0!,0,#DIV/0!,0,#DIV/0!,#DIV/0!,#DIV/0!,#DIV/0!,#DIV/0!,0.00
,,0,0,0,0,0,0,0,0,#DIV/0!,0,#DIV/0!,0,0,#DIV/0!,0,0,#DIV/0!,#DIV/0!,#DIV/0!,#DIV/0!,#DIV/0!,#DIV/0!,0,0,0,0,0,0,0,#DIV/0!,0,#DIV/0!,0,0,#DIV/0!,0,0,#DIV/0!,0,#DIV/0!,0,0,#DIV/0!,#DIV/0!,#DIV/0!,#DIV/0!,#DIV/0!,0.00,0,0,0,0,0,0,0,#DIV/0!,0,#DIV/0!,0,0,#DIV/0!,0,0,#DIV/0!,0,0,0,0,#DIV/0!,#DIV/0!,#DIV/0!,#DIV/0!,#DIV/0!,#DIV/0!,#DIV/0!,0,0,0,0,0,0,0,0,#DIV/0!,0,#DIV/0!,0,0,#DIV/0!,0,0,#DIV/0!,0,#DIV/0!,0,#DIV/0!,#DIV/0!,#DIV/0!,#DIV/0!,#DIV/0!,0.00
,,0,0,0,0,0,0,0,0,#DIV/0!,0,#DIV/0!,0,0,#DIV/0!,0,0,#DIV/0!,#DIV/0!,#DIV/0!,#DIV/0!,#DIV/0!,#DIV/0!,0,0,0,0,0,0,0,#DIV/0!,0,#DIV/0!,0,0,#DIV/0!,0,0,#DIV/0!,0,#DIV/0!,0,0,#DIV/0!,#DIV/0!,#DIV/0!,#DIV/0!,#DIV/0!,0.00,0,0,0,0,0,0,0,#DIV/0!,0,#DIV/0!,0,0,#DIV/0!,0,0,#DIV/0!,0,0,0,0,#DIV/0!,#DIV/0!,#DIV/0!,#DIV/0!,#DIV/0!,#DIV/0!,#DIV/0!,0,0,0,0,0,0,0,0,#DIV/0!,0,#DIV/0!,0,0,#DIV/0!,0,0,#DIV/0!,0,#DIV/0!,0,#DIV/0!,#DIV/0!,#DIV/0!,#DIV/0!,#DIV/0!,0.00
,,0,0,0,0,0,0,0,0,#DIV/0!,0,#DIV/0!,0,0,#DIV/0!,0,0,#DIV/0!,#DIV/0!,#DIV/0!,#DIV/0!,#DIV/0!,#DIV/0!,0,0,0,0,0,0,0,#DIV/0!,0,#DIV/0!,0,0,#DIV/0!,0,0,#DIV/0!,0,#DIV/0!,0,0,#DIV/0!,#DIV/0!,#DIV/0!,#DIV/0!,#DIV/0!,0.00,0,0,0,0,0,0,0,#DIV/0!,0,#DIV/0!,0,0,#DIV/0!,0,0,#DIV/0!,0,0,0,0,#DIV/0!,#DIV/0!,#DIV/0!,#DIV/0!,#DIV/0!,#DIV/0!,#DIV/0!,0,0,0,0,0,0,0,0,#DIV/0!,0,#DIV/0!,0,0,#DIV/0!,0,0,#DIV/0!,0,#DIV/0!,0,#DIV/0!,#DIV/0!,#DIV/0!,#DIV/0!,#DIV/0!,0.00
,,0,0,0,0,0,0,0,0,#DIV/0!,0,#DIV/0!,0,0,#DIV/0!,0,0,#DIV/0!,#DIV/0!,#DIV/0!,#DIV/0!,#DIV/0!,#DIV/0!,0,0,0,0,0,0,0,#DIV/0!,0,#DIV/0!,0,0,#DIV/0!,0,0,#DIV/0!,0,#DIV/0!,0,0,#DIV/0!,#DIV/0!,#DIV/0!,#DIV/0!,#DIV/0!,0.00,0,0,0,0,0,0,0,#DIV/0!,0,#DIV/0!,0,0,#DIV/0!,0,0,#DIV/0!,0,0,0,0,#DIV/0!,#DIV/0!,#DIV/0!,#DIV/0!,#DIV/0!,#DIV/0!,#DIV/0!,0,0,0,0,0,0,0,0,#DIV/0!,0,#DIV/0!,0,0,#DIV/0!,0,0,#DIV/0!,0,#DIV/0!,0,#DIV/0!,#DIV/0!,#DIV/0!,#DIV/0!,#DIV/0!,0.00
,,0,0,0,0,0,0,0,0,#DIV/0!,0,#DIV/0!,0,0,#DIV/0!,0,0,#DIV/0!,#DIV/0!,#DIV/0!,#DIV/0!,#DIV/0!,#DIV/0!,0,0,0,0,0,0,0,#DIV/0!,0,#DIV/0!,0,0,#DIV/0!,0,0,#DIV/0!,0,#DIV/0!,0,0,#DIV/0!,#DIV/0!,#DIV/0!,#DIV/0!,#DIV/0!,0.00,0,0,0,0,0,0,0,#DIV/0!,0,#DIV/0!,0,0,#DIV/0!,0,0,#DIV/0!,0,0,0,0,#DIV/0!,#DIV/0!,#DIV/0!,#DIV/0!,#DIV/0!,#DIV/0!,#DIV/0!,0,0,0,0,0,0,0,0,#DIV/0!,0,#DIV/0!,0,0,#DIV/0!,0,0,#DIV/0!,0,#DIV/0!,0,#DIV/0!,#DIV/0!,#DIV/0!,#DIV/0!,#DIV/0!,0.00
,,0,0,0,0,0,0,0,0,#DIV/0!,0,#DIV/0!,0,0,#DIV/0!,0,0,#DIV/0!,#DIV/0!,#DIV/0!,#DIV/0!,#DIV/0!,#DIV/0!,0,0,0,0,0,0,0,#DIV/0!,0,#DIV/0!,0,0,#DIV/0!,0,0,#DIV/0!,0,#DIV/0!,0,0,#DIV/0!,#DIV/0!,#DIV/0!,#DIV/0!,#DIV/0!,0.00,0,0,0,0,0,0,0,#DIV/0!,0,#DIV/0!,0,0,#DIV/0!,0,0,#DIV/0!,0,0,0,0,#DIV/0!,#DIV/0!,#DIV/0!,#DIV/0!,#DIV/0!,#DIV/0!,#DIV/0!,0,0,0,0,0,0,0,0,#DIV/0!,0,#DIV/0!,0,0,#DIV/0!,0,0,#DIV/0!,0,#DIV/0!,0,#DIV/0!,#DIV/0!,#DIV/0!,#DIV/0!,#DIV/0!,0.00
,,0,0,0,0,0,0,0,0,#DIV/0!,0,#DIV/0!,0,0,#DIV/0!,0,0,#DIV/0!,#DIV/0!,#DIV/0!,#DIV/0!,#DIV/0!,#DIV/0!,0,0,0,0,0,0,0,#DIV/0!,0,#DIV/0!,0,0,#DIV/0!,0,0,#DIV/0!,0,#DIV/0!,0,0,#DIV/0!,#DIV/0!,#DIV/0!,#DIV/0!,#DIV/0!,0.00,0,0,0,0,0,0,0,#DIV/0!,0,#DIV/0!,0,0,#DIV/0!,0,0,#DIV/0!,0,0,0,0,#DIV/0!,#DIV/0!,#DIV/0!,#DIV/0!,#DIV/0!,#DIV/0!,#DIV/0!,0,0,0,0,0,0,0,0,#DIV/0!,0,#DIV/0!,0,0,#DIV/0!,0,0,#DIV/0!,0,#DIV/0!,0,#DIV/0!,#DIV/0!,#DIV/0!,#DIV/0!,#DIV/0!,0.00
,,0,0,0,0,0,0,0,0,#DIV/0!,0,#DIV/0!,0,0,#DIV/0!,0,0,#DIV/0!,#DIV/0!,#DIV/0!,#DIV/0!,#DIV/0!,#DIV/0!,0,0,0,0,0,0,0,#DIV/0!,0,#DIV/0!,0,0,#DIV/0!,0,0,#DIV/0!,0,#DIV/0!,0,0,#DIV/0!,#DIV/0!,#DIV/0!,#DIV/0!,#DIV/0!,0.00,0,0,0,0,0,0,0,#DIV/0!,0,#DIV/0!,0,0,#DIV/0!,0,0,#DIV/0!,0,0,0,0,#DIV/0!,#DIV/0!,#DIV/0!,#DIV/0!,#DIV/0!,#DIV/0!,#DIV/0!,0,0,0,0,0,0,0,0,#DIV/0!,0,#DIV/0!,0,0,#DIV/0!,0,0,#DIV/0!,0,#DIV/0!,0,#DIV/0!,#DIV/0!,#DIV/0!,#DIV/0!,#DIV/0!,0.00
,,0,0,0,0,0,0,0,0,#DIV/0!,0,#DIV/0!,0,0,#DIV/0!,0,0,#DIV/0!,#DIV/0!,#DIV/0!,#DIV/0!,#DIV/0!,#DIV/0!,0,0,0,0,0,0,0,#DIV/0!,0,#DIV/0!,0,0,#DIV/0!,0,0,#DIV/0!,0,#DIV/0!,0,0,#DIV/0!,#DIV/0!,#DIV/0!,#DIV/0!,#DIV/0!,0.00,0,0,0,0,0,0,0,#DIV/0!,0,#DIV/0!,0,0,#DIV/0!,0,0,#DIV/0!,0,0,0,0,#DIV/0!,#DIV/0!,#DIV/0!,#DIV/0!,#DIV/0!,#DIV/0!,#DIV/0!,0,0,0,0,0,0,0,0,#DIV/0!,0,#DIV/0!,0,0,#DIV/0!,0,0,#DIV/0!,0,#DIV/0!,0,#DIV/0!,#DIV/0!,#DIV/0!,#DIV/0!,#DIV/0!,0.00
,,0,0,0,0,0,0,0,0,#DIV/0!,0,#DIV/0!,0,0,#DIV/0!,0,0,#DIV/0!,#DIV/0!,#DIV/0!,#DIV/0!,#DIV/0!,#DIV/0!,0,0,0,0,0,0,0,#DIV/0!,0,#DIV/0!,0,0,#DIV/0!,0,0,#DIV/0!,0,#DIV/0!,0,0,#DIV/0!,#DIV/0!,#DIV/0!,#DIV/0!,#DIV/0!,0.00,0,0,0,0,0,0,0,#DIV/0!,0,#DIV/0!,0,0,#DIV/0!,0,0,#DIV/0!,0,0,0,0,#DIV/0!,#DIV/0!,#DIV/0!,#DIV/0!,#DIV/0!,#DIV/0!,#DIV/0!,0,0,0,0,0,0,0,0,#DIV/0!,0,#DIV/0!,0,0,#DIV/0!,0,0,#DIV/0!,0,#DIV/0!,0,#DIV/0!,#DIV/0!,#DIV/0!,#DIV/0!,#DIV/0!,0.00
,,0,0,0,0,0,0,0,0,#DIV/0!,0,#DIV/0!,0,0,#DIV/0!,0,0,#DIV/0!,#DIV/0!,#DIV/0!,#DIV/0!,#DIV/0!,#DIV/0!,0,0,0,0,0,0,0,#DIV/0!,0,#DIV/0!,0,0,#DIV/0!,0,0,#DIV/0!,0,#DIV/0!,0,0,#DIV/0!,#DIV/0!,#DIV/0!,#DIV/0!,#DIV/0!,0.00,0,0,0,0,0,0,0,#DIV/0!,0,#DIV/0!,0,0,#DIV/0!,0,0,#DIV/0!,0,0,0,0,#DIV/0!,#DIV/0!,#DIV/0!,#DIV/0!,#DIV/0!,#DIV/0!,#DIV/0!,0,0,0,0,0,0,0,0,#DIV/0!,0,#DIV/0!,0,0,#DIV/0!,0,0,#DIV/0!,0,#DIV/0!,0,#DIV/0!,#DIV/0!,#DIV/0!,#DIV/0!,#DIV/0!,0.00
,,0,0,0,0,0,0,0,0,#DIV/0!,0,#DIV/0!,0,0,#DIV/0!,0,0,#DIV/0!,#DIV/0!,#DIV/0!,#DIV/0!,#DIV/0!,#DIV/0!,0,0,0,0,0,0,0,#DIV/0!,0,#DIV/0!,0,0,#DIV/0!,0,0,#DIV/0!,0,#DIV/0!,0,0,#DIV/0!,#DIV/0!,#DIV/0!,#DIV/0!,#DIV/0!,0.00,0,0,0,0,0,0,0,#DIV/0!,0,#DIV/0!,0,0,#DIV/0!,0,0,#DIV/0!,0,0,0,0,#DIV/0!,#DIV/0!,#DIV/0!,#DIV/0!,#DIV/0!,#DIV/0!,#DIV/0!,0,0,0,0,0,0,0,0,#DIV/0!,0,#DIV/0!,0,0,#DIV/0!,0,0,#DIV/0!,0,#DIV/0!,0,#DIV/0!,#DIV/0!,#DIV/0!,#DIV/0!,#DIV/0!,0.00
,,0,0,0,0,0,0,0,0,#DIV/0!,0,#DIV/0!,0,0,#DIV/0!,0,0,#DIV/0!,#DIV/0!,#DIV/0!,#DIV/0!,#DIV/0!,#DIV/0!,0,0,0,0,0,0,0,#DIV/0!,0,#DIV/0!,0,0,#DIV/0!,0,0,#DIV/0!,0,#DIV/0!,0,0,#DIV/0!,#DIV/0!,#DIV/0!,#DIV/0!,#DIV/0!,0.00,0,0,0,0,0,0,0,#DIV/0!,0,#DIV/0!,0,0,#DIV/0!,0,0,#DIV/0!,0,0,0,0,#DIV/0!,#DIV/0!,#DIV/0!,#DIV/0!,#DIV/0!,#DIV/0!,#DIV/0!,0,0,0,0,0,0,0,0,#DIV/0!,0,#DIV/0!,0,0,#DIV/0!,0,0,#DIV/0!,0,#DIV/0!,0,#DIV/0!,#DIV/0!,#DIV/0!,#DIV/0!,#DIV/0!,0.00
,,0,0,0,0,0,0,0,0,#DIV/0!,0,#DIV/0!,0,0,#DIV/0!,0,0,#DIV/0!,#DIV/0!,#DIV/0!,#DIV/0!,#DIV/0!,#DIV/0!,0,0,0,0,0,0,0,#DIV/0!,0,#DIV/0!,0,0,#DIV/0!,0,0,#DIV/0!,0,#DIV/0!,0,0,#DIV/0!,#DIV/0!,#DIV/0!,#DIV/0!,#DIV/0!,0.00,0,0,0,0,0,0,0,#DIV/0!,0,#DIV/0!,0,0,#DIV/0!,0,0,#DIV/0!,0,0,0,0,#DIV/0!,#DIV/0!,#DIV/0!,#DIV/0!,#DIV/0!,#DIV/0!,#DIV/0!,0,0,0,0,0,0,0,0,#DIV/0!,0,#DIV/0!,0,0,#DIV/0!,0,0,#DIV/0!,0,#DIV/0!,0,#DIV/0!,#DIV/0!,#DIV/0!,#DIV/0!,#DIV/0!,0.00
,,0,0,0,0,0,0,0,0,#DIV/0!,0,#DIV/0!,0,0,#DIV/0!,0,0,#DIV/0!,#DIV/0!,#DIV/0!,#DIV/0!,#DIV/0!,#DIV/0!,0,0,0,0,0,0,0,#DIV/0!,0,#DIV/0!,0,0,#DIV/0!,0,0,#DIV/0!,0,#DIV/0!,0,0,#DIV/0!,#DIV/0!,#DIV/0!,#DIV/0!,#DIV/0!,0.00,0,0,0,0,0,0,0,#DIV/0!,0,#DIV/0!,0,0,#DIV/0!,0,0,#DIV/0!,0,0,0,0,#DIV/0!,#DIV/0!,#DIV/0!,#DIV/0!,#DIV/0!,#DIV/0!,#DIV/0!,0,0,0,0,0,0,0,0,#DIV/0!,0,#DIV/0!,0,0,#DIV/0!,0,0,#DIV/0!,0,#DIV/0!,0,#DIV/0!,#DIV/0!,#DIV/0!,#DIV/0!,#DIV/0!,0.00
,,0,0,0,0,0,0,0,0,#DIV/0!,0,#DIV/0!,0,0,#DIV/0!,0,0,#DIV/0!,#DIV/0!,#DIV/0!,#DIV/0!,#DIV/0!,#DIV/0!,0,0,0,0,0,0,0,#DIV/0!,0,#DIV/0!,0,0,#DIV/0!,0,0,#DIV/0!,0,#DIV/0!,0,0,#DIV/0!,#DIV/0!,#DIV/0!,#DIV/0!,#DIV/0!,0.00,0,0,0,0,0,0,0,#DIV/0!,0,#DIV/0!,0,0,#DIV/0!,0,0,#DIV/0!,0,0,0,0,#DIV/0!,#DIV/0!,#DIV/0!,#DIV/0!,#DIV/0!,#DIV/0!,#DIV/0!,0,0,0,0,0,0,0,0,#DIV/0!,0,#DIV/0!,0,0,#DIV/0!,0,0,#DIV/0!,0,#DIV/0!,0,#DIV/0!,#DIV/0!,#DIV/0!,#DIV/0!,#DIV/0!,0.00
,,0,0,0,0,0,0,0,0,#DIV/0!,0,#DIV/0!,0,0,#DIV/0!,0,0,#DIV/0!,#DIV/0!,#DIV/0!,#DIV/0!,#DIV/0!,#DIV/0!,0,0,0,0,0,0,0,#DIV/0!,0,#DIV/0!,0,0,#DIV/0!,0,0,#DIV/0!,0,#DIV/0!,0,0,#DIV/0!,#DIV/0!,#DIV/0!,#DIV/0!,#DIV/0!,0.00,0,0,0,0,0,0,0,#DIV/0!,0,#DIV/0!,0,0,#DIV/0!,0,0,#DIV/0!,0,0,0,0,#DIV/0!,#DIV/0!,#DIV/0!,#DIV/0!,#DIV/0!,#DIV/0!,#DIV/0!,0,0,0,0,0,0,0,0,#DIV/0!,0,#DIV/0!,0,0,#DIV/0!,0,0,#DIV/0!,0,#DIV/0!,0,#DIV/0!,#DIV/0!,#DIV/0!,#DIV/0!,#DIV/0!,0.00
,,0,0,0,0,0,0,0,0,#DIV/0!,0,#DIV/0!,0,0,#DIV/0!,0,0,#DIV/0!,#DIV/0!,#DIV/0!,#DIV/0!,#DIV/0!,#DIV/0!,0,0,0,0,0,0,0,#DIV/0!,0,#DIV/0!,0,0,#DIV/0!,0,0,#DIV/0!,0,#DIV/0!,0,0,#DIV/0!,#DIV/0!,#DIV/0!,#DIV/0!,#DIV/0!,0.00,0,0,0,0,0,0,0,#DIV/0!,0,#DIV/0!,0,0,#DIV/0!,0,0,#DIV/0!,0,0,0,0,#DIV/0!,#DIV/0!,#DIV/0!,#DIV/0!,#DIV/0!,#DIV/0!,#DIV/0!,0,0,0,0,0,0,0,0,#DIV/0!,0,#DIV/0!,0,0,#DIV/0!,0,0,#DIV/0!,0,#DIV/0!,0,#DIV/0!,#DIV/0!,#DIV/0!,#DIV/0!,#DIV/0!,0.00
,,0,0,0,0,0,0,0,0,#DIV/0!,0,#DIV/0!,0,0,#DIV/0!,0,0,#DIV/0!,#DIV/0!,#DIV/0!,#DIV/0!,#DIV/0!,#DIV/0!,0,0,0,0,0,0,0,#DIV/0!,0,#DIV/0!,0,0,#DIV/0!,0,0,#DIV/0!,0,#DIV/0!,0,0,#DIV/0!,#DIV/0!,#DIV/0!,#DIV/0!,#DIV/0!,0.00,0,0,0,0,0,0,0,#DIV/0!,0,#DIV/0!,0,0,#DIV/0!,0,0,#DIV/0!,0,0,0,0,#DIV/0!,#DIV/0!,#DIV/0!,#DIV/0!,#DIV/0!,#DIV/0!,#DIV/0!,0,0,0,0,0,0,0,0,#DIV/0!,0,#DIV/0!,0,0,#DIV/0!,0,0,#DIV/0!,0,#DIV/0!,0,#DIV/0!,#DIV/0!,#DIV/0!,#DIV/0!,#DIV/0!,0.00
,,0,0,0,0,0,0,0,0,#DIV/0!,0,#DIV/0!,0,0,#DIV/0!,0,0,#DIV/0!,#DIV/0!,#DIV/0!,#DIV/0!,#DIV/0!,#DIV/0!,0,0,0,0,0,0,0,#DIV/0!,0,#DIV/0!,0,0,#DIV/0!,0,0,#DIV/0!,0,#DIV/0!,0,0,#DIV/0!,#DIV/0!,#DIV/0!,#DIV/0!,#DIV/0!,0.00,0,0,0,0,0,0,0,#DIV/0!,0,#DIV/0!,0,0,#DIV/0!,0,0,#DIV/0!,0,0,0,0,#DIV/0!,#DIV/0!,#DIV/0!,#DIV/0!,#DIV/0!,#DIV/0!,#DIV/0!,0,0,0,0,0,0,0,0,#DIV/0!,0,#DIV/0!,0,0,#DIV/0!,0,0,#DIV/0!,0,#DIV/0!,0,#DIV/0!,#DIV/0!,#DIV/0!,#DIV/0!,#DIV/0!,0.00
,,0,0,0,0,0,0,0,0,#DIV/0!,0,#DIV/0!,0,0,#DIV/0!,0,0,#DIV/0!,#DIV/0!,#DIV/0!,#DIV/0!,#DIV/0!,#DIV/0!,0,0,0,0,0,0,0,#DIV/0!,0,#DIV/0!,0,0,#DIV/0!,0,0,#DIV/0!,0,#DIV/0!,0,0,#DIV/0!,#DIV/0!,#DIV/0!,#DIV/0!,#DIV/0!,0.00,0,0,0,0,0,0,0,#DIV/0!,0,#DIV/0!,0,0,#DIV/0!,0,0,#DIV/0!,0,0,0,0,#DIV/0!,#DIV/0!,#DIV/0!,#DIV/0!,#DIV/0!,#DIV/0!,#DIV/0!,0,0,0,0,0,0,0,0,#DIV/0!,0,#DIV/0!,0,0,#DIV/0!,0,0,#DIV/0!,0,#DIV/0!,0,#DIV/0!,#DIV/0!,#DIV/0!,#DIV/0!,#DIV/0!,0.00
,,0,0,0,0,0,0,0,0,#DIV/0!,0,#DIV/0!,0,0,#DIV/0!,0,0,#DIV/0!,#DIV/0!,#DIV/0!,#DIV/0!,#DIV/0!,#DIV/0!,0,0,0,0,0,0,0,#DIV/0!,0,#DIV/0!,0,0,#DIV/0!,0,0,#DIV/0!,0,#DIV/0!,0,0,#DIV/0!,#DIV/0!,#DIV/0!,#DIV/0!,#DIV/0!,0.00,0,0,0,0,0,0,0,#DIV/0!,0,#DIV/0!,0,0,#DIV/0!,0,0,#DIV/0!,0,0,0,0,#DIV/0!,#DIV/0!,#DIV/0!,#DIV/0!,#DIV/0!,#DIV/0!,#DIV/0!,0,0,0,0,0,0,0,0,#DIV/0!,0,#DIV/0!,0,0,#DIV/0!,0,0,#DIV/0!,0,#DIV/0!,0,#DIV/0!,#DIV/0!,#DIV/0!,#DIV/0!,#DIV/0!,0.00
,,0,0,0,0,0,0,0,0,#DIV/0!,0,#DIV/0!,0,0,#DIV/0!,0,0,#DIV/0!,#DIV/0!,#DIV/0!,#DIV/0!,#DIV/0!,#DIV/0!,0,0,0,0,0,0,0,#DIV/0!,0,#DIV/0!,0,0,#DIV/0!,0,0,#DIV/0!,0,#DIV/0!,0,0,#DIV/0!,#DIV/0!,#DIV/0!,#DIV/0!,#DIV/0!,0.00,0,0,0,0,0,0,0,#DIV/0!,0,#DIV/0!,0,0,#DIV/0!,0,0,#DIV/0!,0,0,0,0,#DIV/0!,#DIV/0!,#DIV/0!,#DIV/0!,#DIV/0!,#DIV/0!,#DIV/0!,0,0,0,0,0,0,0,0,#DIV/0!,0,#DIV/0!,0,0,#DIV/0!,0,0,#DIV/0!,0,#DIV/0!,0,#DIV/0!,#DIV/0!,#DIV/0!,#DIV/0!,#DIV/0!,0.00
,,0,0,0,0,0,0,0,0,#DIV/0!,0,#DIV/0!,0,0,#DIV/0!,0,0,#DIV/0!,#DIV/0!,#DIV/0!,#DIV/0!,#DIV/0!,#DIV/0!,0,0,0,0,0,0,0,#DIV/0!,0,#DIV/0!,0,0,#DIV/0!,0,0,#DIV/0!,0,#DIV/0!,0,0,#DIV/0!,#DIV/0!,#DIV/0!,#DIV/0!,#DIV/0!,0.00,0,0,0,0,0,0,0,#DIV/0!,0,#DIV/0!,0,0,#DIV/0!,0,0,#DIV/0!,0,0,0,0,#DIV/0!,#DIV/0!,#DIV/0!,#DIV/0!,#DIV/0!,#DIV/0!,#DIV/0!,0,0,0,0,0,0,0,0,#DIV/0!,0,#DIV/0!,0,0,#DIV/0!,0,0,#DIV/0!,0,#DIV/0!,0,#DIV/0!,#DIV/0!,#DIV/0!,#DIV/0!,#DIV/0!,0.00
,,0,0,0,0,0,0,0,0,#DIV/0!,0,#DIV/0!,0,0,#DIV/0!,0,0,#DIV/0!,#DIV/0!,#DIV/0!,#DIV/0!,#DIV/0!,#DIV/0!,0,0,0,0,0,0,0,#DIV/0!,0,#DIV/0!,0,0,#DIV/0!,0,0,#DIV/0!,0,#DIV/0!,0,0,#DIV/0!,#DIV/0!,#DIV/0!,#DIV/0!,#DIV/0!,0.00,0,0,0,0,0,0,0,#DIV/0!,0,#DIV/0!,0,0,#DIV/0!,0,0,#DIV/0!,0,0,0,0,#DIV/0!,#DIV/0!,#DIV/0!,#DIV/0!,#DIV/0!,#DIV/0!,#DIV/0!,0,0,0,0,0,0,0,0,#DIV/0!,0,#DIV/0!,0,0,#DIV/0!,0,0,#DIV/0!,0,#DIV/0!,0,#DIV/0!,#DIV/0!,#DIV/0!,#DIV/0!,#DIV/0!,0.00
,,0,0,0,0,0,0,0,0,#DIV/0!,0,#DIV/0!,0,0,#DIV/0!,0,0,#DIV/0!,#DIV/0!,#DIV/0!,#DIV/0!,#DIV/0!,#DIV/0!,0,0,0,0,0,0,0,#DIV/0!,0,#DIV/0!,0,0,#DIV/0!,0,0,#DIV/0!,0,#DIV/0!,0,0,#DIV/0!,#DIV/0!,#DIV/0!,#DIV/0!,#DIV/0!,0.00,0,0,0,0,0,0,0,#DIV/0!,0,#DIV/0!,0,0,#DIV/0!,0,0,#DIV/0!,0,0,0,0,#DIV/0!,#DIV/0!,#DIV/0!,#DIV/0!,#DIV/0!,#DIV/0!,#DIV/0!,0,0,0,0,0,0,0,0,#DIV/0!,0,#DIV/0!,0,0,#DIV/0!,0,0,#DIV/0!,0,#DIV/0!,0,#DIV/0!,#DIV/0!,#DIV/0!,#DIV/0!,#DIV/0!,0.00
,,0,0,0,0,0,0,0,0,#DIV/0!,0,#DIV/0!,0,0,#DIV/0!,0,0,#DIV/0!,#DIV/0!,#DIV/0!,#DIV/0!,#DIV/0!,#DIV/0!,0,0,0,0,0,0,0,#DIV/0!,0,#DIV/0!,0,0,#DIV/0!,0,0,#DIV/0!,0,#DIV/0!,0,0,#DIV/0!,#DIV/0!,#DIV/0!,#DIV/0!,#DIV/0!,0.00,0,0,0,0,0,0,0,#DIV/0!,0,#DIV/0!,0,0,#DIV/0!,0,0,#DIV/0!,0,0,0,0,#DIV/0!,#DIV/0!,#DIV/0!,#DIV/0!,#DIV/0!,#DIV/0!,#DIV/0!,0,0,0,0,0,0,0,0,#DIV/0!,0,#DIV/0!,0,0,#DIV/0!,0,0,#DIV/0!,0,#DIV/0!,0,#DIV/0!,#DIV/0!,#DIV/0!,#DIV/0!,#DIV/0!,0.00
,,0,0,0,0,0,0,0,0,#DIV/0!,0,#DIV/0!,0,0,#DIV/0!,0,0,#DIV/0!,#DIV/0!,#DIV/0!,#DIV/0!,#DIV/0!,#DIV/0!,0,0,0,0,0,0,0,#DIV/0!,0,#DIV/0!,0,0,#DIV/0!,0,0,#DIV/0!,0,#DIV/0!,0,0,#DIV/0!,#DIV/0!,#DIV/0!,#DIV/0!,#DIV/0!,0.00,0,0,0,0,0,0,0,#DIV/0!,0,#DIV/0!,0,0,#DIV/0!,0,0,#DIV/0!,0,0,0,0,#DIV/0!,#DIV/0!,#DIV/0!,#DIV/0!,#DIV/0!,#DIV/0!,#DIV/0!,0,0,0,0,0,0,0,0,#DIV/0!,0,#DIV/0!,0,0,#DIV/0!,0,0,#DIV/0!,0,#DIV/0!,0,#DIV/0!,#DIV/0!,#DIV/0!,#DIV/0!,#DIV/0!,0.00
,,0,0,0,0,0,0,0,0,#DIV/0!,0,#DIV/0!,0,0,#DIV/0!,0,0,#DIV/0!,#DIV/0!,#DIV/0!,#DIV/0!,#DIV/0!,#DIV/0!,0,0,0,0,0,0,0,#DIV/0!,0,#DIV/0!,0,0,#DIV/0!,0,0,#DIV/0!,0,#DIV/0!,0,0,#DIV/0!,#DIV/0!,#DIV/0!,#DIV/0!,#DIV/0!,0.00,0,0,0,0,0,0,0,#DIV/0!,0,#DIV/0!,0,0,#DIV/0!,0,0,#DIV/0!,0,0,0,0,#DIV/0!,#DIV/0!,#DIV/0!,#DIV/0!,#DIV/0!,#DIV/0!,#DIV/0!,0,0,0,0,0,0,0,0,#DIV/0!,0,#DIV/0!,0,0,#DIV/0!,0,0,#DIV/0!,0,#DIV/0!,0,#DIV/0!,#DIV/0!,#DIV/0!,#DIV/0!,#DIV/0!,0.00
,,0,0,0,0,0,0,0,0,#DIV/0!,0,#DIV/0!,0,0,#DIV/0!,0,0,#DIV/0!,#DIV/0!,#DIV/0!,#DIV/0!,#DIV/0!,#DIV/0!,0,0,0,0,0,0,0,#DIV/0!,0,#DIV/0!,0,0,#DIV/0!,0,0,#DIV/0!,0,#DIV/0!,0,0,#DIV/0!,#DIV/0!,#DIV/0!,#DIV/0!,#DIV/0!,0.00,0,0,0,0,0,0,0,#DIV/0!,0,#DIV/0!,0,0,#DIV/0!,0,0,#DIV/0!,0,0,0,0,#DIV/0!,#DIV/0!,#DIV/0!,#DIV/0!,#DIV/0!,#DIV/0!,#DIV/0!,0,0,0,0,0,0,0,0,#DIV/0!,0,#DIV/0!,0,0,#DIV/0!,0,0,#DIV/0!,0,#DIV/0!,0,#DIV/0!,#DIV/0!,#DIV/0!,#DIV/0!,#DIV/0!,0.00
,,0,0,0,0,0,0,0,0,#DIV/0!,0,#DIV/0!,0,0,#DIV/0!,0,0,#DIV/0!,#DIV/0!,#DIV/0!,#DIV/0!,#DIV/0!,#DIV/0!,0,0,0,0,0,0,0,#DIV/0!,0,#DIV/0!,0,0,#DIV/0!,0,0,#DIV/0!,0,#DIV/0!,0,0,#DIV/0!,#DIV/0!,#DIV/0!,#DIV/0!,#DIV/0!,0.00,0,0,0,0,0,0,0,#DIV/0!,0,#DIV/0!,0,0,#DIV/0!,0,0,#DIV/0!,0,0,0,0,#DIV/0!,#DIV/0!,#DIV/0!,#DIV/0!,#DIV/0!,#DIV/0!,#DIV/0!,0,0,0,0,0,0,0,0,#DIV/0!,0,#DIV/0!,0,0,#DIV/0!,0,0,#DIV/0!,0,#DIV/0!,0,#DIV/0!,#DIV/0!,#DIV/0!,#DIV/0!,#DIV/0!,0.00
,,0,0,0,0,0,0,0,0,#DIV/0!,0,#DIV/0!,0,0,#DIV/0!,0,0,#DIV/0!,#DIV/0!,#DIV/0!,#DIV/0!,#DIV/0!,#DIV/0!,0,0,0,0,0,0,0,#DIV/0!,0,#DIV/0!,0,0,#DIV/0!,0,0,#DIV/0!,0,#DIV/0!,0,0,#DIV/0!,#DIV/0!,#DIV/0!,#DIV/0!,#DIV/0!,0.00,0,0,0,0,0,0,0,#DIV/0!,0,#DIV/0!,0,0,#DIV/0!,0,0,#DIV/0!,0,0,0,0,#DIV/0!,#DIV/0!,#DIV/0!,#DIV/0!,#DIV/0!,#DIV/0!,#DIV/0!,0,0,0,0,0,0,0,0,#DIV/0!,0,#DIV/0!,0,0,#DIV/0!,0,0,#DIV/0!,0,#DIV/0!,0,#DIV/0!,#DIV/0!,#DIV/0!,#DIV/0!,#DIV/0!,0.00
,,0,0,0,0,0,0,0,0,#DIV/0!,0,#DIV/0!,0,0,#DIV/0!,0,0,#DIV/0!,#DIV/0!,#DIV/0!,#DIV/0!,#DIV/0!,#DIV/0!,0,0,0,0,0,0,0,#DIV/0!,0,#DIV/0!,0,0,#DIV/0!,0,0,#DIV/0!,0,#DIV/0!,0,0,#DIV/0!,#DIV/0!,#DIV/0!,#DIV/0!,#DIV/0!,0.00,0,0,0,0,0,0,0,#DIV/0!,0,#DIV/0!,0,0,#DIV/0!,0,0,#DIV/0!,0,0,0,0,#DIV/0!,#DIV/0!,#DIV/0!,#DIV/0!,#DIV/0!,#DIV/0!,#DIV/0!,0,0,0,0,0,0,0,0,#DIV/0!,0,#DIV/0!,0,0,#DIV/0!,0,0,#DIV/0!,0,#DIV/0!,0,#DIV/0!,#DIV/0!,#DIV/0!,#DIV/0!,#DIV/0!,0.00
,,0,0,0,0,0,0,0,0,#DIV/0!,0,#DIV/0!,0,0,#DIV/0!,0,0,#DIV/0!,#DIV/0!,#DIV/0!,#DIV/0!,#DIV/0!,#DIV/0!,0,0,0,0,0,0,0,#DIV/0!,0,#DIV/0!,0,0,#DIV/0!,0,0,#DIV/0!,0,#DIV/0!,0,0,#DIV/0!,#DIV/0!,#DIV/0!,#DIV/0!,#DIV/0!,0.00,0,0,0,0,0,0,0,#DIV/0!,0,#DIV/0!,0,0,#DIV/0!,0,0,#DIV/0!,0,0,0,0,#DIV/0!,#DIV/0!,#DIV/0!,#DIV/0!,#DIV/0!,#DIV/0!,#DIV/0!,0,0,0,0,0,0,0,0,#DIV/0!,0,#DIV/0!,0,0,#DIV/0!,0,0,#DIV/0!,0,#DIV/0!,0,#DIV/0!,#DIV/0!,#DIV/0!,#DIV/0!,#DIV/0!,0.00
,,0,0,0,0,0,0,0,0,#DIV/0!,0,#DIV/0!,0,0,#DIV/0!,0,0,#DIV/0!,#DIV/0!,#DIV/0!,#DIV/0!,#DIV/0!,#DIV/0!,0,0,0,0,0,0,0,#DIV/0!,0,#DIV/0!,0,0,#DIV/0!,0,0,#DIV/0!,0,#DIV/0!,0,0,#DIV/0!,#DIV/0!,#DIV/0!,#DIV/0!,#DIV/0!,0.00,0,0,0,0,0,0,0,#DIV/0!,0,#DIV/0!,0,0,#DIV/0!,0,0,#DIV/0!,0,0,0,0,#DIV/0!,#DIV/0!,#DIV/0!,#DIV/0!,#DIV/0!,#DIV/0!,#DIV/0!,0,0,0,0,0,0,0,0,#DIV/0!,0,#DIV/0!,0,0,#DIV/0!,0,0,#DIV/0!,0,#DIV/0!,0,#DIV/0!,#DIV/0!,#DIV/0!,#DIV/0!,#DIV/0!,0.00
,,0,0,0,0,0,0,0,0,#DIV/0!,0,#DIV/0!,0,0,#DIV/0!,0,0,#DIV/0!,#DIV/0!,#DIV/0!,#DIV/0!,#DIV/0!,#DIV/0!,0,0,0,0,0,0,0,#DIV/0!,0,#DIV/0!,0,0,#DIV/0!,0,0,#DIV/0!,0,#DIV/0!,0,0,#DIV/0!,#DIV/0!,#DIV/0!,#DIV/0!,#DIV/0!,0.00,0,0,0,0,0,0,0,#DIV/0!,0,#DIV/0!,0,0,#DIV/0!,0,0,#DIV/0!,0,0,0,0,#DIV/0!,#DIV/0!,#DIV/0!,#DIV/0!,#DIV/0!,#DIV/0!,#DIV/0!,0,0,0,0,0,0,0,0,#DIV/0!,0,#DIV/0!,0,0,#DIV/0!,0,0,#DIV/0!,0,#DIV/0!,0,#DIV/0!,#DIV/0!,#DIV/0!,#DIV/0!,#DIV/0!,0.00
,,0,0,0,0,0,0,0,0,#DIV/0!,0,#DIV/0!,0,0,#DIV/0!,0,0,#DIV/0!,#DIV/0!,#DIV/0!,#DIV/0!,#DIV/0!,#DIV/0!,0,0,0,0,0,0,0,#DIV/0!,0,#DIV/0!,0,0,#DIV/0!,0,0,#DIV/0!,0,#DIV/0!,0,0,#DIV/0!,#DIV/0!,#DIV/0!,#DIV/0!,#DIV/0!,0.00,0,0,0,0,0,0,0,#DIV/0!,0,#DIV/0!,0,0,#DIV/0!,0,0,#DIV/0!,0,0,0,0,#DIV/0!,#DIV/0!,#DIV/0!,#DIV/0!,#DIV/0!,#DIV/0!,#DIV/0!,0,0,0,0,0,0,0,0,#DIV/0!,0,#DIV/0!,0,0,#DIV/0!,0,0,#DIV/0!,0,#DIV/0!,0,#DIV/0!,#DIV/0!,#DIV/0!,#DIV/0!,#DIV/0!,0.00
,,0,0,0,0,0,0,0,0,#DIV/0!,0,#DIV/0!,0,0,#DIV/0!,0,0,#DIV/0!,#DIV/0!,#DIV/0!,#DIV/0!,#DIV/0!,#DIV/0!,0,0,0,0,0,0,0,#DIV/0!,0,#DIV/0!,0,0,#DIV/0!,0,0,#DIV/0!,0,#DIV/0!,0,0,#DIV/0!,#DIV/0!,#DIV/0!,#DIV/0!,#DIV/0!,0.00,0,0,0,0,0,0,0,#DIV/0!,0,#DIV/0!,0,0,#DIV/0!,0,0,#DIV/0!,0,0,0,0,#DIV/0!,#DIV/0!,#DIV/0!,#DIV/0!,#DIV/0!,#DIV/0!,#DIV/0!,0,0,0,0,0,0,0,0,#DIV/0!,0,#DIV/0!,0,0,#DIV/0!,0,0,#DIV/0!,0,#DIV/0!,0,#DIV/0!,#DIV/0!,#DIV/0!,#DIV/0!,#DIV/0!,0.00
,,0,0,0,0,0,0,0,0,#DIV/0!,0,#DIV/0!,0,0,#DIV/0!,0,0,#DIV/0!,#DIV/0!,#DIV/0!,#DIV/0!,#DIV/0!,#DIV/0!,0,0,0,0,0,0,0,#DIV/0!,0,#DIV/0!,0,0,#DIV/0!,0,0,#DIV/0!,0,#DIV/0!,0,0,#DIV/0!,#DIV/0!,#DIV/0!,#DIV/0!,#DIV/0!,0.00,0,0,0,0,0,0,0,#DIV/0!,0,#DIV/0!,0,0,#DIV/0!,0,0,#DIV/0!,0,0,0,0,#DIV/0!,#DIV/0!,#DIV/0!,#DIV/0!,#DIV/0!,#DIV/0!,#DIV/0!,0,0,0,0,0,0,0,0,#DIV/0!,0,#DIV/0!,0,0,#DIV/0!,0,0,#DIV/0!,0,#DIV/0!,0,#DIV/0!,#DIV/0!,#DIV/0!,#DIV/0!,#DIV/0!,0.00
,,0,0,0,0,0,0,0,0,#DIV/0!,0,#DIV/0!,0,0,#DIV/0!,0,0,#DIV/0!,#DIV/0!,#DIV/0!,#DIV/0!,#DIV/0!,#DIV/0!,0,0,0,0,0,0,0,#DIV/0!,0,#DIV/0!,0,0,#DIV/0!,0,0,#DIV/0!,0,#DIV/0!,0,0,#DIV/0!,#DIV/0!,#DIV/0!,#DIV/0!,#DIV/0!,0.00,0,0,0,0,0,0,0,#DIV/0!,0,#DIV/0!,0,0,#DIV/0!,0,0,#DIV/0!,0,0,0,0,#DIV/0!,#DIV/0!,#DIV/0!,#DIV/0!,#DIV/0!,#DIV/0!,#DIV/0!,0,0,0,0,0,0,0,0,#DIV/0!,0,#DIV/0!,0,0,#DIV/0!,0,0,#DIV/0!,0,#DIV/0!,0,#DIV/0!,#DIV/0!,#DIV/0!,#DIV/0!,#DIV/0!,0.00
,,0,0,0,0,0,0,0,0,#DIV/0!,0,#DIV/0!,0,0,#DIV/0!,0,0,#DIV/0!,#DIV/0!,#DIV/0!,#DIV/0!,#DIV/0!,#DIV/0!,0,0,0,0,0,0,0,#DIV/0!,0,#DIV/0!,0,0,#DIV/0!,0,0,#DIV/0!,0,#DIV/0!,0,0,#DIV/0!,#DIV/0!,#DIV/0!,#DIV/0!,#DIV/0!,0.00,0,0,0,0,0,0,0,#DIV/0!,0,#DIV/0!,0,0,#DIV/0!,0,0,#DIV/0!,0,0,0,0,#DIV/0!,#DIV/0!,#DIV/0!,#DIV/0!,#DIV/0!,#DIV/0!,#DIV/0!,0,0,0,0,0,0,0,0,#DIV/0!,0,#DIV/0!,0,0,#DIV/0!,0,0,#DIV/0!,0,#DIV/0!,0,#DIV/0!,#DIV/0!,#DIV/0!,#DIV/0!,#DIV/0!,0.00
,,0,0,0,0,0,0,0,0,#DIV/0!,0,#DIV/0!,0,0,#DIV/0!,0,0,#DIV/0!,#DIV/0!,#DIV/0!,#DIV/0!,#DIV/0!,#DIV/0!,0,0,0,0,0,0,0,#DIV/0!,0,#DIV/0!,0,0,#DIV/0!,0,0,#DIV/0!,0,#DIV/0!,0,0,#DIV/0!,#DIV/0!,#DIV/0!,#DIV/0!,#DIV/0!,0.00,0,0,0,0,0,0,0,#DIV/0!,0,#DIV/0!,0,0,#DIV/0!,0,0,#DIV/0!,0,0,0,0,#DIV/0!,#DIV/0!,#DIV/0!,#DIV/0!,#DIV/0!,#DIV/0!,#DIV/0!,0,0,0,0,0,0,0,0,#DIV/0!,0,#DIV/0!,0,0,#DIV/0!,0,0,#DIV/0!,0,#DIV/0!,0,#DIV/0!,#DIV/0!,#DIV/0!,#DIV/0!,#DIV/0!,0.00
,,0,0,0,0,0,0,0,0,#DIV/0!,0,#DIV/0!,0,0,#DIV/0!,0,0,#DIV/0!,#DIV/0!,#DIV/0!,#DIV/0!,#DIV/0!,#DIV/0!,0,0,0,0,0,0,0,#DIV/0!,0,#DIV/0!,0,0,#DIV/0!,0,0,#DIV/0!,0,#DIV/0!,0,0,#DIV/0!,#DIV/0!,#DIV/0!,#DIV/0!,#DIV/0!,0.00,0,0,0,0,0,0,0,#DIV/0!,0,#DIV/0!,0,0,#DIV/0!,0,0,#DIV/0!,0,0,0,0,#DIV/0!,#DIV/0!,#DIV/0!,#DIV/0!,#DIV/0!,#DIV/0!,#DIV/0!,0,0,0,0,0,0,0,0,#DIV/0!,0,#DIV/0!,0,0,#DIV/0!,0,0,#DIV/0!,0,#DIV/0!,0,#DIV/0!,#DIV/0!,#DIV/0!,#DIV/0!,#DIV/0!,0.00
,,0,0,0,0,0,0,0,0,#DIV/0!,0,#DIV/0!,0,0,#DIV/0!,0,0,#DIV/0!,#DIV/0!,#DIV/0!,#DIV/0!,#DIV/0!,#DIV/0!,0,0,0,0,0,0,0,#DIV/0!,0,#DIV/0!,0,0,#DIV/0!,0,0,#DIV/0!,0,#DIV/0!,0,0,#DIV/0!,#DIV/0!,#DIV/0!,#DIV/0!,#DIV/0!,0.00,0,0,0,0,0,0,0,#DIV/0!,0,#DIV/0!,0,0,#DIV/0!,0,0,#DIV/0!,0,0,0,0,#DIV/0!,#DIV/0!,#DIV/0!,#DIV/0!,#DIV/0!,#DIV/0!,#DIV/0!,0,0,0,0,0,0,0,0,#DIV/0!,0,#DIV/0!,0,0,#DIV/0!,0,0,#DIV/0!,0,#DIV/0!,0,#DIV/0!,#DIV/0!,#DIV/0!,#DIV/0!,#DIV/0!,0.00
,,0,0,0,0,0,0,0,0,#DIV/0!,0,#DIV/0!,0,0,#DIV/0!,0,0,#DIV/0!,#DIV/0!,#DIV/0!,#DIV/0!,#DIV/0!,#DIV/0!,0,0,0,0,0,0,0,#DIV/0!,0,#DIV/0!,0,0,#DIV/0!,0,0,#DIV/0!,0,#DIV/0!,0,0,#DIV/0!,#DIV/0!,#DIV/0!,#DIV/0!,#DIV/0!,0.00,0,0,0,0,0,0,0,#DIV/0!,0,#DIV/0!,0,0,#DIV/0!,0,0,#DIV/0!,0,0,0,0,#DIV/0!,#DIV/0!,#DIV/0!,#DIV/0!,#DIV/0!,#DIV/0!,#DIV/0!,0,0,0,0,0,0,0,0,#DIV/0!,0,#DIV/0!,0,0,#DIV/0!,0,0,#DIV/0!,0,#DIV/0!,0,#DIV/0!,#DIV/0!,#DIV/0!,#DIV/0!,#DIV/0!,0.00
,,0,0,0,0,0,0,0,0,#DIV/0!,0,#DIV/0!,0,0,#DIV/0!,0,0,#DIV/0!,#DIV/0!,#DIV/0!,#DIV/0!,#DIV/0!,#DIV/0!,0,0,0,0,0,0,0,#DIV/0!,0,#DIV/0!,0,0,#DIV/0!,0,0,#DIV/0!,0,#DIV/0!,0,0,#DIV/0!,#DIV/0!,#DIV/0!,#DIV/0!,#DIV/0!,0.00,0,0,0,0,0,0,0,#DIV/0!,0,#DIV/0!,0,0,#DIV/0!,0,0,#DIV/0!,0,0,0,0,#DIV/0!,#DIV/0!,#DIV/0!,#DIV/0!,#DIV/0!,#DIV/0!,#DIV/0!,0,0,0,0,0,0,0,0,#DIV/0!,0,#DIV/0!,0,0,#DIV/0!,0,0,#DIV/0!,0,#DIV/0!,0,#DIV/0!,#DIV/0!,#DIV/0!,#DIV/0!,#DIV/0!,0.00
,,0,0,0,0,0,0,0,0,#DIV/0!,0,#DIV/0!,0,0,#DIV/0!,0,0,#DIV/0!,#DIV/0!,#DIV/0!,#DIV/0!,#DIV/0!,#DIV/0!,0,0,0,0,0,0,0,#DIV/0!,0,#DIV/0!,0,0,#DIV/0!,0,0,#DIV/0!,0,#DIV/0!,0,0,#DIV/0!,#DIV/0!,#DIV/0!,#DIV/0!,#DIV/0!,0.00,0,0,0,0,0,0,0,#DIV/0!,0,#DIV/0!,0,0,#DIV/0!,0,0,#DIV/0!,0,0,0,0,#DIV/0!,#DIV/0!,#DIV/0!,#DIV/0!,#DIV/0!,#DIV/0!,#DIV/0!,0,0,0,0,0,0,0,0,#DIV/0!,0,#DIV/0!,0,0,#DIV/0!,0,0,#DIV/0!,0,#DIV/0!,0,#DIV/0!,#DIV/0!,#DIV/0!,#DIV/0!,#DIV/0!,0.00
,,0,0,0,0,0,0,0,0,#DIV/0!,0,#DIV/0!,0,0,#DIV/0!,0,0,#DIV/0!,#DIV/0!,#DIV/0!,#DIV/0!,#DIV/0!,#DIV/0!,0,0,0,0,0,0,0,#DIV/0!,0,#DIV/0!,0,0,#DIV/0!,0,0,#DIV/0!,0,#DIV/0!,0,0,#DIV/0!,#DIV/0!,#DIV/0!,#DIV/0!,#DIV/0!,0.00,0,0,0,0,0,0,0,#DIV/0!,0,#DIV/0!,0,0,#DIV/0!,0,0,#DIV/0!,0,0,0,0,#DIV/0!,#DIV/0!,#DIV/0!,#DIV/0!,#DIV/0!,#DIV/0!,#DIV/0!,0,0,0,0,0,0,0,0,#DIV/0!,0,#DIV/0!,0,0,#DIV/0!,0,0,#DIV/0!,0,#DIV/0!,0,#DIV/0!,#DIV/0!,#DIV/0!,#DIV/0!,#DIV/0!,0.00
,,0,0,0,0,0,0,0,0,#DIV/0!,0,#DIV/0!,0,0,#DIV/0!,0,0,#DIV/0!,#DIV/0!,#DIV/0!,#DIV/0!,#DIV/0!,#DIV/0!,0,0,0,0,0,0,0,#DIV/0!,0,#DIV/0!,0,0,#DIV/0!,0,0,#DIV/0!,0,#DIV/0!,0,0,#DIV/0!,#DIV/0!,#DIV/0!,#DIV/0!,#DIV/0!,0.00,0,0,0,0,0,0,0,#DIV/0!,0,#DIV/0!,0,0,#DIV/0!,0,0,#DIV/0!,0,0,0,0,#DIV/0!,#DIV/0!,#DIV/0!,#DIV/0!,#DIV/0!,#DIV/0!,#DIV/0!,0,0,0,0,0,0,0,0,#DIV/0!,0,#DIV/0!,0,0,#DIV/0!,0,0,#DIV/0!,0,#DIV/0!,0,#DIV/0!,#DIV/0!,#DIV/0!,#DIV/0!,#DIV/0!,0.00
,,0,0,0,0,0,0,0,0,#DIV/0!,0,#DIV/0!,0,0,#DIV/0!,0,0,#DIV/0!,#DIV/0!,#DIV/0!,#DIV/0!,#DIV/0!,#DIV/0!,0,0,0,0,0,0,0,#DIV/0!,0,#DIV/0!,0,0,#DIV/0!,0,0,#DIV/0!,0,#DIV/0!,0,0,#DIV/0!,#DIV/0!,#DIV/0!,#DIV/0!,#DIV/0!,0.00,0,0,0,0,0,0,0,#DIV/0!,0,#DIV/0!,0,0,#DIV/0!,0,0,#DIV/0!,0,0,0,0,#DIV/0!,#DIV/0!,#DIV/0!,#DIV/0!,#DIV/0!,#DIV/0!,#DIV/0!,0,0,0,0,0,0,0,0,#DIV/0!,0,#DIV/0!,0,0,#DIV/0!,0,0,#DIV/0!,0,#DIV/0!,0,#DIV/0!,#DIV/0!,#DIV/0!,#DIV/0!,#DIV/0!,0.00
,,0,0,0,0,0,0,0,0,#DIV/0!,0,#DIV/0!,0,0,#DIV/0!,0,0,#DIV/0!,#DIV/0!,#DIV/0!,#DIV/0!,#DIV/0!,#DIV/0!,0,0,0,0,0,0,0,#DIV/0!,0,#DIV/0!,0,0,#DIV/0!,0,0,#DIV/0!,0,#DIV/0!,0,0,#DIV/0!,#DIV/0!,#DIV/0!,#DIV/0!,#DIV/0!,0.00,0,0,0,0,0,0,0,#DIV/0!,0,#DIV/0!,0,0,#DIV/0!,0,0,#DIV/0!,0,0,0,0,#DIV/0!,#DIV/0!,#DIV/0!,#DIV/0!,#DIV/0!,#DIV/0!,#DIV/0!,0,0,0,0,0,0,0,0,#DIV/0!,0,#DIV/0!,0,0,#DIV/0!,0,0,#DIV/0!,0,#DIV/0!,0,#DIV/0!,#DIV/0!,#DIV/0!,#DIV/0!,#DIV/0!,0.00
,,0,0,0,0,0,0,0,0,#DIV/0!,0,#DIV/0!,0,0,#DIV/0!,0,0,#DIV/0!,#DIV/0!,#DIV/0!,#DIV/0!,#DIV/0!,#DIV/0!,0,0,0,0,0,0,0,#DIV/0!,0,#DIV/0!,0,0,#DIV/0!,0,0,#DIV/0!,0,#DIV/0!,0,0,#DIV/0!,#DIV/0!,#DIV/0!,#DIV/0!,#DIV/0!,0.00,0,0,0,0,0,0,0,#DIV/0!,0,#DIV/0!,0,0,#DIV/0!,0,0,#DIV/0!,0,0,0,0,#DIV/0!,#DIV/0!,#DIV/0!,#DIV/0!,#DIV/0!,#DIV/0!,#DIV/0!,0,0,0,0,0,0,0,0,#DIV/0!,0,#DIV/0!,0,0,#DIV/0!,0,0,#DIV/0!,0,#DIV/0!,0,#DIV/0!,#DIV/0!,#DIV/0!,#DIV/0!,#DIV/0!,0.00
,,0,0,0,0,0,0,0,0,#DIV/0!,0,#DIV/0!,0,0,#DIV/0!,0,0,#DIV/0!,#DIV/0!,#DIV/0!,#DIV/0!,#DIV/0!,#DIV/0!,0,0,0,0,0,0,0,#DIV/0!,0,#DIV/0!,0,0,#DIV/0!,0,0,#DIV/0!,0,#DIV/0!,0,0,#DIV/0!,#DIV/0!,#DIV/0!,#DIV/0!,#DIV/0!,0.00,0,0,0,0,0,0,0,#DIV/0!,0,#DIV/0!,0,0,#DIV/0!,0,0,#DIV/0!,0,0,0,0,#DIV/0!,#DIV/0!,#DIV/0!,#DIV/0!,#DIV/0!,#DIV/0!,#DIV/0!,0,0,0,0,0,0,0,0,#DIV/0!,0,#DIV/0!,0,0,#DIV/0!,0,0,#DIV/0!,0,#DIV/0!,0,#DIV/0!,#DIV/0!,#DIV/0!,#DIV/0!,#DIV/0!,0.00
,,0,0,0,0,0,0,0,0,#DIV/0!,0,#DIV/0!,0,0,#DIV/0!,0,0,#DIV/0!,#DIV/0!,#DIV/0!,#DIV/0!,#DIV/0!,#DIV/0!,0,0,0,0,0,0,0,#DIV/0!,0,#DIV/0!,0,0,#DIV/0!,0,0,#DIV/0!,0,#DIV/0!,0,0,#DIV/0!,#DIV/0!,#DIV/0!,#DIV/0!,#DIV/0!,0.00,0,0,0,0,0,0,0,#DIV/0!,0,#DIV/0!,0,0,#DIV/0!,0,0,#DIV/0!,0,0,0,0,#DIV/0!,#DIV/0!,#DIV/0!,#DIV/0!,#DIV/0!,#DIV/0!,#DIV/0!,0,0,0,0,0,0,0,0,#DIV/0!,0,#DIV/0!,0,0,#DIV/0!,0,0,#DIV/0!,0,#DIV/0!,0,#DIV/0!,#DIV/0!,#DIV/0!,#DIV/0!,#DIV/0!,0.00