Player,Team,Matches,,,Maps,,,Overall,,,,,,,,,,,,,,,,Hardpoint,,,,,,,,,,,,,,,,,,,,,,,,,,Search and Destroy,,,,,,,,,,,,,,,,,,,,,,,,,,,,Overload,,,,,,,,,,,,,,,,,,,,,,,,
,,Total,Ws,Ls,Total,Ws,Ls,K,D,K/D,A,KA/D, +/- ,N/T,NT%,HS,2159608,DMG/K,DMG/10,R K/D,K/10,SR,DR,Maps,Ws,Ls,PF,PA,K,D,K/D,A,KA/D, +/- ,N/T,NT%,HS,DMG,DMG/K,HT,HT/10,ObjK,CON,K/10,D/10,A/10,DMG/10,E/10,TIME,Maps,Ws,Ls,RF,RA,K,D,K/D,A,KA/D, +/- ,N/T,NT%,HS,DMG,DMG/K,Pl,Def,FBs,FDs,FB%,WR%,K/R,D/R,A/R,DMG/R,E/R,Rds,Maps,Ws,Ls,RF,RA,K,D,K/D,A,KA/D, +/- ,N/T,NT%,HS,DMG,DMG/K,GLS,GLS/10,OCK,K/10,D/10,A/10,DMG/10,E/10,TIME
D7oomx,ROC,3,1,2,11,5,6,199,208,0.96,96,1.42,-9,131,66%,11,26601,134,3251,0.90,24.09,91.32,12137,4,2,2,869,978,108,115,0.94,52,1.39,-7,69,64%,4,14350,133,231,53.12,40,39,24.84,26.45,11.96,3300,51.28,43.48,4,2,2,18,16,29,20,1.45,8,1.85,9,19,66%,11,3654,126,2,2,6,3,18%,67%,0.85,0.59,0.24,107,1.44,34,3,1,2,10,15,62,73,0.85,36,1.34,-11,43,69%,4,8597,139,0,0.00,9,22.88,26.94,13.28,3172,49.82,27.10
D7om,ROC,3,1,2,11,5,6,227,215,1.06,96,1.50,12,136,60%,6,28279,125,3440,1.06,28.34,101.55,12900,4,2,2,869,978,113,110,1.03,51,1.49,3,65,58%,4,14880,132,323,74.28,49,56,25.99,25.30,11.73,3422,51.28,43.48,4,2,2,18,16,27,27,1.00,11,1.41,0,15,56%,4,3997,148,0,0,7,6,21%,54%,0.79,0.79,0.32,118,1.59,34,3,1,2,10,15,87,78,1.12,34,1.55,9,56,64%,6,9402,108,4,1.48,13,32.10,28.78,12.55,3469,60.89,27.10
Khhx,ROC,3,1,2,11,5,6,203,207,0.98,86,1.40,-4,140,69%,7,24425,120,2932,0.95,24.79,92.42,11131,4,2,2,869,978,107,115,0.93,46,1.33,-8,75,70%,4,11893,111,263,60.48,45,56,24.61,26.45,10.58,2735,51.05,43.48,4,2,2,18,16,28,22,1.27,6,1.55,6,20,71%,7,3727,133,0,1,1,4,3%,20%,0.82,0.65,0.18,110,1.47,34,3,1,2,10,15,68,70,0.97,34,1.46,-2,45,66%,5,8805,129,3,1.11,7,25.09,25.83,12.55,3249,50.92,27.10
Rxld,ROC,3,1,2,11,5,6,170,223,0.76,82,1.13,-53,110,65%,6,22236,131,2825,0.78,21.96,75.00,9932,4,2,2,869,978,89,120,0.74,33,1.02,-31,57,64%,6,11971,135,250,57.49,26,42,20.47,27.60,7.59,2753,48.06,43.48,4,2,2,18,16,15,25,0.60,9,0.96,-10,11,73%,3,2295,153,7,1,2,5,6%,29%,0.44,0.74,0.26,68,1.18,34,3,1,2,10,15,66,78,0.85,40,1.36,-12,42,64%,3,7970,121,3,1.11,3,24.35,28.78,14.76,2941,53.14,27.10
Beans,P7N,2,0,2,7,1,6,137,153,0.90,61,1.29,-16,88,64%,5,19614,143,3264,0.92,23.06,79.83,11629,3,0,3,642,750,82,88,0.93,38,1.36,-6,53,65%,5,11972,146,184,55.39,32,33,24.69,26.49,11.44,3604,51.18,33.22,2,0,2,6,12,8,13,0.62,4,0.92,-5,5,63%,5,1353,169,1,0,0,2,0%,0%,0.44,0.72,0.22,75,1.17,18,2,1,1,8,9,47,52,0.90,19,1.27,-5,30,64%,4,6289,134,1,0.44,11,20.67,22.87,8.36,2766,43.55,22.73
DC,P7N,2,0,2,7,1,6,133,151,0.88,55,1.25,-18,89,67%,7,17808,134,2921,0.90,21.98,80.12,10634,3,0,3,642,750,85,79,1.08,31,1.47,6,59,69%,7,10196,120,141,42.45,26,16,25.59,23.78,9.33,3070,49.37,33.22,2,0,2,6,12,10,15,0.67,1,0.73,-5,5,50%,2,1466,147,0,0,2,1,11%,67%,0.56,0.83,0.06,81,1.39,18,2,1,1,8,9,38,57,0.67,23,1.07,-19,25,66%,3,6146,162,1,0.44,4,16.72,25.07,10.12,2704,41.79,22.73
ErikBoom,P7N,2,0,2,7,1,6,145,167,0.87,62,1.24,-22,87,60%,4,18318,126,2849,0.86,23.59,85.31,11404,3,0,3,642,750,70,94,0.74,37,1.14,-24,45,64%,4,9154,131,262,78.88,30,29,21.07,28.30,11.14,2756,49.37,33.22,2,0,2,6,12,13,14,0.93,6,1.36,-1,9,69%,4,2379,183,2,0,1,2,6%,33%,0.72,0.78,0.33,132,1.50,18,2,1,1,8,9,62,59,1.05,19,1.37,3,33,53%,4,6785,109,5,2.20,7,27.27,25.95,8.36,2985,53.23,22.73
Snoopy,P7N,2,0,2,7,1,6,156,165,0.95,72,1.38,-9,96,62%,6,20640,132,3317,0.94,25.02,94.93,12560,3,0,3,642,750,85,93,0.91,46,1.41,-8,53,62%,5,11431,134,171,51.48,27,21,25.59,28.00,13.85,3441,53.59,33.22,2,0,2,6,12,16,16,1.00,5,1.31,0,9,56%,3,2079,130,0,0,6,4,33%,60%,0.89,0.89,0.28,116,1.78,18,2,1,1,8,9,55,56,0.98,21,1.36,-1,34,62%,6,7130,130,1,0.44,13,24.19,24.63,9.24,3136,48.83,22.73
Brack,HUN,4,2,2,17,8,9,318,343,0.93,127,1.30,-25,209,66%,7,40436,127,2932,0.90,23.28,87.54,11274,8,3,5,1422,1749,178,195,0.91,81,1.33,-17,125,70%,7,22570,127,615,81.28,76,43,23.52,25.77,10.70,2983,49.30,75.67,5,5,0,30,15,28,21,1.33,6,1.62,7,18,64%,4,3904,139,1,0,6,1,17%,86%,0.80,0.60,0.17,112,1.40,35,4,0,4,14,20,112,127,0.88,40,1.20,-15,66,59%,5,13962,125,7,1.43,16,22.90,25.96,8.18,2854,48.86,48.92
Johnny,HUN,4,2,2,17,8,9,373,347,1.07,138,1.47,26,264,71%,8,48365,130,3500,1.05,27.13,104.03,13531,8,3,5,1422,1749,216,196,1.10,81,1.52,20,158,73%,8,27174,126,377,49.82,59,43,28.55,25.90,10.70,3591,54.45,75.67,5,5,0,30,15,35,24,1.46,10,1.88,11,26,74%,5,4755,136,1,0,9,0,26%,100%,1.00,0.69,0.29,136,1.69,35,4,0,4,14,20,122,127,0.96,47,1.33,-5,80,66%,6,16436,135,3,0.61,12,24.94,25.96,9.61,3360,50.90,48.92
Renegade,HUN,4,2,2,17,8,9,312,371,0.84,119,1.16,-59,201,64%,5,40350,129,3044,0.85,23.76,80.99,10637,8,3,5,1422,1749,174,208,0.84,71,1.18,-34,111,64%,5,22670,130,303,40.04,49,46,23.00,27.49,9.38,2996,50.48,75.67,5,5,0,30,15,16,24,0.67,7,0.96,-8,12,75%,3,2429,152,8,2,5,3,14%,63%,0.46,0.69,0.20,69,1.14,35,4,0,4,14,20,122,139,0.88,41,1.17,-17,78,64%,4,15251,125,2,0.41,14,24.94,28.42,8.38,3118,53.36,48.92
Swooty,HUN,4,2,2,17,8,9,327,374,0.87,139,1.25,-47,218,67%,6,43892,134,3229,0.83,23.76,90.06,12001,8,3,5,1422,1749,168,223,0.75,89,1.15,-55,107,64%,4,24628,147,412,54.45,62,58,22.20,29.47,11.76,3255,51.67,75.67,5,5,0,30,15,31,18,1.72,8,2.17,13,22,71%,6,3662,118,1,2,5,6,14%,45%,0.89,0.51,0.23,105,1.40,35,4,0,4,14,20,128,133,0.96,42,1.28,-5,89,70%,4,15602,122,2,0.41,18,26.17,27.19,8.59,3190,53.36,48.92
Aspekt,ONR,3,2,1,12,7,5,236,246,0.96,110,1.41,-10,153,65%,7,32244,137,3312,0.98,24.91,87.55,12297,5,4,1,1238,1008,129,139,0.93,58,1.35,-10,85,66%,7,17451,135,307,57.05,44,40,23.97,25.83,10.78,3243,49.80,53.82,4,1,3,11,19,18,24,0.75,8,1.08,-6,5,28%,3,3257,181,1,1,5,6,17%,45%,0.60,0.80,0.27,109,1.40,30,3,2,1,17,14,89,83,1.07,44,1.60,6,63,71%,7,11536,130,4,1.19,7,26.41,24.63,13.06,3423,51.04,33.70
Denza,ONR,3,2,1,12,7,5,224,247,0.91,87,1.26,-23,142,63%,5,26722,119,2745,0.90,23.08,84.99,10201,5,4,1,1238,1008,119,137,0.87,50,1.23,-18,73,61%,4,14594,123,387,71.91,40,66,22.11,25.46,9.29,2712,47.57,53.82,4,1,3,11,19,22,23,0.96,5,1.17,-1,13,59%,3,2699,123,3,1,2,4,7%,33%,0.73,0.77,0.17,90,1.50,30,3,2,1,17,14,83,87,0.95,32,1.32,-4,56,67%,5,9429,114,3,0.89,10,24.63,25.82,9.50,2798,50.45,33.70
DK,ONR,3,2,1,12,7,5,250,242,1.03,125,1.55,8,168,67%,6,32343,129,3382,1.05,26.62,92.84,12222,5,4,1,1238,1008,150,130,1.15,76,1.74,20,103,69%,6,19028,127,456,84.73,57,48,27.87,24.16,14.12,3536,52.03,53.82,4,1,3,11,19,17,21,0.81,7,1.14,-4,10,59%,3,2748,162,1,0,0,3,0%,0%,0.57,0.70,0.23,92,1.27,30,3,2,1,17,14,83,91,0.91,42,1.37,-8,55,66%,5,10567,127,4,1.19,8,24.63,27.00,12.46,3136,51.63,33.70
Ethan,ONR,3,2,1,12,7,5,282,254,1.11,103,1.52,28,198,70%,9,33908,120,3450,1.11,29.25,107.31,13121,5,4,1,1238,1008,164,140,1.17,57,1.58,24,115,70%,7,19203,117,403,74.88,66,64,30.47,26.01,10.59,3568,56.49,53.82,4,1,3,11,19,26,23,1.13,6,1.39,3,19,73%,9,3714,143,1,0,5,5,17%,50%,0.87,0.77,0.20,124,1.63,30,3,2,1,17,14,92,91,1.01,40,1.45,1,64,70%,6,10991,119,6,1.78,8,27.30,27.00,11.87,3261,54.30,33.70
Alfa,P7E,0,0,0,0,0,0,0,0,#DIV/0!,0,#DIV/0!,0,0,#DIV/0!,0,0,#DIV/0!,#DIV/0!,#DIV/0!,#DIV/0!,#DIV/0!,#DIV/0!,0,0,0,0,0,0,0,#DIV/0!,0,#DIV/0!,0,0,#DIV/0!,0,0,#DIV/0!,0,#DIV/0!,0,0,#DIV/0!,#DIV/0!,#DIV/0!,#DIV/0!,#DIV/0!,0.00,0,0,0,0,0,0,0,#DIV/0!,0,#DIV/0!,0,0,#DIV/0!,0,0,#DIV/0!,0,0,0,0,#DIV/0!,#DIV/0!,#DIV/0!,#DIV/0!,#DIV/0!,#DIV/0!,#DIV/0!,0,0,0,0,0,0,0,0,#DIV/0!,0,#DIV/0!,0,0,#DIV/0!,0,0,#DIV/0!,0,#DIV/0!,0,#DIV/0!,#DIV/0!,#DIV/0!,#DIV/0!,#DIV/0!,0.00
FDot,P7E,0,0,0,0,0,0,0,0,#DIV/0!,0,#DIV/0!,0,0,#DIV/0!,0,0,#DIV/0!,#DIV/0!,#DIV/0!,#DIV/0!,#DIV/0!,#DIV/0!,0,0,0,0,0,0,0,#DIV/0!,0,#DIV/0!,0,0,#DIV/0!,0,0,#DIV/0!,0,#DIV/0!,0,0,#DIV/0!,#DIV/0!,#DIV/0!,#DIV/0!,#DIV/0!,0.00,0,0,0,0,0,0,0,#DIV/0!,0,#DIV/0!,0,0,#DIV/0!,0,0,#DIV/0!,0,0,0,0,#DIV/0!,#DIV/0!,#DIV/0!,#DIV/0!,#DIV/0!,#DIV/0!,#DIV/0!,0,0,0,0,0,0,0,0,#DIV/0!,0,#DIV/0!,0,0,#DIV/0!,0,0,#DIV/0!,0,#DIV/0!,0,#DIV/0!,#DIV/0!,#DIV/0!,#DIV/0!,#DIV/0!,0.00
Harry,P7E,0,0,0,0,0,0,0,0,#DIV/0!,0,#DIV/0!,0,0,#DIV/0!,0,0,#DIV/0!,#DIV/0!,#DIV/0!,#DIV/0!,#DIV/0!,#DIV/0!,0,0,0,0,0,0,0,#DIV/0!,0,#DIV/0!,0,0,#DIV/0!,0,0,#DIV/0!,0,#DIV/0!,0,0,#DIV/0!,#DIV/0!,#DIV/0!,#DIV/0!,#DIV/0!,0.00,0,0,0,0,0,0,0,#DIV/0!,0,#DIV/0!,0,0,#DIV/0!,0,0,#DIV/0!,0,0,0,0,#DIV/0!,#DIV/0!,#DIV/0!,#DIV/0!,#DIV/0!,#DIV/0!,#DIV/0!,0,0,0,0,0,0,0,0,#DIV/0!,0,#DIV/0!,0,0,#DIV/0!,0,0,#DIV/0!,0,#DIV/0!,0,#DIV/0!,#DIV/0!,#DIV/0!,#DIV/0!,#DIV/0!,0.00
Mythix,P7E,0,0,0,0,0,0,0,0,#DIV/0!,0,#DIV/0!,0,0,#DIV/0!,0,0,#DIV/0!,#DIV/0!,#DIV/0!,#DIV/0!,#DIV/0!,#DIV/0!,0,0,0,0,0,0,0,#DIV/0!,0,#DIV/0!,0,0,#DIV/0!,0,0,#DIV/0!,0,#DIV/0!,0,0,#DIV/0!,#DIV/0!,#DIV/0!,#DIV/0!,#DIV/0!,0.00,0,0,0,0,0,0,0,#DIV/0!,0,#DIV/0!,0,0,#DIV/0!,0,0,#DIV/0!,0,0,0,0,#DIV/0!,#DIV/0!,#DIV/0!,#DIV/0!,#DIV/0!,#DIV/0!,#DIV/0!,0,0,0,0,0,0,0,0,#DIV/0!,0,#DIV/0!,0,0,#DIV/0!,0,0,#DIV/0!,0,#DIV/0!,0,#DIV/0!,#DIV/0!,#DIV/0!,#DIV/0!,#DIV/0!,0.00
Abe,TBG,11,10,1,40,30,10,846,795,1.06,323,1.47,51,593,70%,7,105400,125,3405,1.07,27.89,99.81,12573,18,15,3,4463,3058,506,475,1.07,207,1.50,31,360,71%,7,61691,122,1167,64.79,170,168,28.09,26.37,11.49,3425,54.46,180.13,13,8,5,65,55,88,89,0.99,27,1.29,-1,57,65%,5,12852,146,8,1,19,12,16%,61%,0.73,0.74,0.23,107,1.48,120,9,7,2,43,27,252,231,1.09,89,1.48,21,176,70%,7,30857,122,9,0.98,30,27.50,25.21,9.71,3367,52.71,91.63
Cammy,TBG,11,10,1,40,30,10,848,702,1.21,344,1.70,146,583,69%,11,109535,129,3524,1.20,27.52,100.94,13096,18,15,3,4463,3058,516,410,1.26,214,1.78,106,361,70%,11,63553,123,1486,82.49,214,156,28.65,22.76,11.88,3528,51.41,180.13,13,8,5,65,55,100,78,1.28,25,1.60,22,62,62%,5,13764,138,5,4,15,7,13%,68%,0.83,0.65,0.21,115,1.48,120,9,7,2,43,27,232,214,1.08,105,1.57,18,160,69%,5,32218,139,7,0.76,20,25.32,23.35,11.46,3516,48.67,91.63
Capsidal,TBG,11,10,1,40,30,10,803,794,1.01,307,1.40,9,522,65%,8,98452,123,3259,1.03,26.64,94.42,11591,18,15,3,4463,3058,490,473,1.04,189,1.44,17,322,66%,8,59287,121,1412,78.39,202,171,27.20,26.26,10.49,3291,53.46,180.13,13,8,5,65,55,79,89,0.89,26,1.18,-10,46,58%,5,9894,125,0,4,19,25,16%,43%,0.66,0.74,0.22,82,1.40,120,9,7,2,43,27,234,232,1.01,92,1.41,2,154,66%,6,29271,125,19,2.07,30,25.54,25.32,10.04,3194,50.85,91.63
Prolute,TBG,11,10,1,40,30,10,772,728,1.06,393,1.60,44,549,71%,6,106812,138,3409,1.09,25.68,90.63,12828,18,15,3,4463,3058,471,429,1.10,256,1.69,42,343,73%,6,63425,135,1433,79.55,195,138,26.15,23.82,14.21,3521,49.96,180.13,13,8,5,65,55,74,87,0.85,39,1.30,-13,45,61%,4,14170,191,22,2,8,15,7%,35%,0.62,0.73,0.33,118,1.34,120,9,7,2,43,27,227,212,1.07,98,1.53,15,161,71%,5,29217,129,8,0.87,26,24.77,23.14,10.69,3188,47.91,91.63
Mack,FUN,2,0,2,8,2,6,148,187,0.79,65,1.14,-39,86,58%,4,19256,130,2925,0.78,22.31,81.94,10578,4,0,4,748,1000,100,118,0.85,33,1.13,-18,55,55%,4,12623,126,156,38.52,31,38,24.69,29.14,8.15,3117,53.83,40.50,2,2,0,12,7,13,13,1.00,7,1.54,0,10,77%,4,1562,120,3,1,2,6,11%,25%,0.68,0.68,0.37,82,1.37,19,2,0,2,5,9,35,56,0.63,25,1.07,-21,21,60%,3,5071,145,2,1.00,1,17.50,28.00,12.50,2536,45.50,20.00
Milly,FUN,2,0,2,8,2,6,151,175,0.86,73,1.28,-24,94,62%,5,21507,142,3157,0.86,22.81,83.49,12257,4,0,4,748,1000,91,110,0.83,50,1.28,-19,59,65%,5,13246,146,273,67.41,30,36,22.47,27.16,12.35,3271,49.63,40.50,2,2,0,12,7,13,14,0.93,4,1.21,-1,7,54%,3,2409,185,1,1,2,1,11%,67%,0.68,0.74,0.21,127,1.42,19,2,0,2,5,9,47,51,0.92,19,1.29,-4,28,60%,3,5852,125,3,1.50,10,23.50,25.50,9.50,2926,49.00,20.00
Owakening,FUN,2,0,2,8,2,6,140,153,0.92,89,1.50,-13,84,60%,6,21491,154,3099,0.84,19.83,82.68,12474,4,0,4,748,1000,77,96,0.80,59,1.42,-19,47,61%,4,12272,159,263,64.94,24,28,19.01,23.70,14.57,3030,42.72,40.50,2,2,0,12,7,20,10,2.00,7,2.70,10,14,70%,5,2742,137,0,0,1,0,5%,100%,1.05,0.53,0.37,144,1.58,19,2,0,2,5,9,43,47,0.91,23,1.40,-4,23,53%,6,6477,151,0,0.00,6,21.50,23.50,11.50,3239,45.00,20.00
Uli,FUN,2,0,2,8,2,6,170,169,1.01,67,1.40,1,116,68%,5,20311,119,3077,0.99,25.62,94.22,11195,4,0,4,748,1000,105,108,0.97,39,1.33,-3,67,64%,4,12417,118,181,44.69,34,47,25.93,26.67,9.63,3066,52.59,40.50,2,2,0,12,7,15,13,1.15,5,1.54,2,11,73%,5,1696,113,2,0,1,6,5%,14%,0.79,0.68,0.26,89,1.47,19,2,0,2,5,9,50,48,1.04,23,1.52,2,38,76%,5,6198,124,0,0.00,4,25.00,24.00,11.50,3099,49.00,20.00
Breszy,EXC,3,1,2,9,3,6,166,166,1.00,69,1.42,0,116,70%,6,23512,142,3196,1.03,24.36,84.51,12606,4,1,3,880,853,103,105,0.98,40,1.36,-2,69,67%,6,13945,135,194,45.86,21,27,24.35,24.82,9.46,3297,49.17,42.30,3,1,2,12,13,13,18,0.72,8,1.17,-5,14,108%,3,3437,264,2,0,5,3,20%,63%,0.52,0.72,0.32,137,1.24,25,2,1,1,10,6,50,43,1.16,21,1.65,7,33,66%,6,6130,123,3,1.46,7,24.37,20.96,10.24,2988,45.33,20.52
Cobra,EXC,3,1,2,9,3,6,175,164,1.07,68,1.48,11,123,70%,11,20849,119,2915,1.03,24.36,92.39,10978,4,1,3,880,853,106,103,1.03,47,1.49,3,71,67%,11,12387,117,276,65.25,33,25,25.06,24.35,11.11,2928,49.41,42.30,3,1,2,12,13,22,15,1.47,4,1.73,7,16,73%,8,2539,115,2,1,5,4,20%,56%,0.88,0.60,0.16,102,1.48,25,2,1,1,10,6,47,46,1.02,17,1.39,1,36,77%,4,5923,126,4,1.95,10,22.91,22.42,8.29,2887,45.33,20.52
Lynz,EXC,3,1,2,9,3,6,190,180,1.06,73,1.46,10,127,67%,5,24604,129,3431,1.03,26.11,100.99,12960,4,1,3,880,853,125,108,1.16,48,1.60,17,85,68%,5,15752,126,266,62.88,40,34,29.55,25.53,11.35,3724,55.08,42.30,3,1,2,12,13,26,20,1.30,6,1.60,6,17,65%,3,3050,117,1,0,6,3,24%,67%,1.04,0.80,0.24,122,1.84,25,2,1,1,10,6,39,52,0.75,19,1.12,-13,25,64%,5,5802,149,1,0.49,2,19.01,25.35,9.26,2828,44.35,20.52
Mighty,EXC,3,1,2,9,3,6,164,163,1.01,83,1.52,1,114,70%,5,22464,137,3316,1.08,24.99,81.00,11368,4,1,3,880,853,115,104,1.11,57,1.65,11,80,70%,5,15249,133,219,51.77,39,22,27.19,24.59,13.48,3605,51.77,42.30,3,1,2,12,13,7,18,0.39,6,0.72,-11,2,29%,2,1635,234,0,0,1,0,4%,100%,0.28,0.72,0.24,65,1.00,25,2,1,1,10,6,42,41,1.02,20,1.51,1,32,76%,4,5580,133,2,0.97,5,20.47,19.98,9.75,2720,40.45,20.52
Gio,FCS,4,2,2,14,7,7,303,268,1.13,90,1.47,35,191,63%,8,36276,120,3209,1.15,27.24,95.74,11619,6,3,3,1337,1377,178,153,1.16,53,1.51,25,119,67%,6,20887,117,286,45.15,50,53,28.10,24.15,8.37,3297,52.25,63.35,4,2,2,20,17,23,24,0.96,7,1.25,-1,11,48%,6,3292,143,1,0,3,3,8%,50%,0.62,0.65,0.19,89,1.27,37,4,2,2,13,19,102,91,1.12,30,1.45,11,61,60%,8,12097,119,2,0.51,13,25.87,23.08,7.61,3068,48.94,39.43
IconZ,FCS,4,2,2,14,7,7,297,292,1.02,105,1.38,5,182,61%,6,37341,126,3276,1.00,26.07,96.32,12058,6,3,3,1337,1377,179,169,1.06,58,1.40,10,109,61%,6,21497,120,588,92.82,75,71,28.26,26.68,9.16,3393,54.93,63.35,4,2,2,20,17,29,25,1.16,6,1.40,4,18,62%,4,3674,127,8,1,5,3,14%,63%,0.78,0.68,0.16,99,1.46,37,4,2,2,13,19,89,98,0.91,41,1.33,-9,55,62%,4,12170,137,9,2.28,18,22.57,24.85,10.40,3086,47.42,39.43
KB,FCS,4,2,2,14,7,7,250,274,0.91,132,1.39,-24,180,72%,7,35967,144,2999,0.90,21.60,80.83,12025,6,3,3,1337,1377,127,158,0.80,74,1.27,-31,84,66%,7,18505,146,329,51.93,47,51,20.05,24.94,11.68,2921,44.99,63.35,4,2,2,20,17,28,26,1.08,18,1.77,2,21,75%,3,5146,184,0,1,8,4,22%,67%,0.76,0.70,0.49,139,1.46,37,4,2,2,13,19,95,90,1.06,40,1.50,5,75,79%,5,12316,130,1,0.25,8,24.09,22.82,10.14,3123,46.91,39.43
Ruper,FCS,4,2,2,14,7,7,266,316,0.84,131,1.26,-50,167,63%,6,37207,140,3195,0.79,22.47,88.52,12236,6,3,3,1337,1377,147,178,0.83,86,1.31,-31,88,60%,5,21121,144,350,55.25,51,41,23.20,28.10,13.58,3334,51.30,63.35,4,2,2,20,17,35,25,1.40,4,1.56,10,26,74%,5,4365,125,1,0,7,4,19%,64%,0.95,0.68,0.11,118,1.62,37,4,2,2,13,19,84,113,0.74,41,1.11,-29,53,63%,6,11721,140,1,0.25,8,21.30,28.66,10.40,2972,49.96,39.43
2Real,OMB,6,4,2,23,14,9,496,514,0.96,184,1.32,-18,321,65%,8,62049,125,3048,0.96,24.62,89.23,11305,11,7,4,2539,2309,297,301,0.99,123,1.40,-4,189,64%,8,36240,122,737,63.12,104,100,25.44,25.78,10.53,3104,51.21,116.77,6,4,2,32,19,35,34,1.03,7,1.24,1,22,63%,3,4964,142,4,3,9,9,18%,50%,0.69,0.67,0.14,97,1.35,51,6,3,3,29,28,164,179,0.92,54,1.22,-15,110,67%,5,20845,127,5,0.71,22,23.26,25.39,7.66,2957,48.65,70.50
PaulEhx,OMB,6,4,2,23,14,9,510,463,1.10,240,1.62,47,343,67%,6,67693,133,3251,1.05,24.24,97.00,12713,11,7,4,2539,2309,287,277,1.04,146,1.56,10,191,67%,6,38672,135,712,60.98,100,89,24.58,23.72,12.50,3312,48.30,116.77,6,4,2,32,19,56,29,1.93,8,2.21,27,33,59%,4,6813,122,1,2,7,3,14%,70%,1.10,0.57,0.16,134,1.67,51,6,3,3,29,28,167,157,1.06,86,1.61,10,119,71%,5,22208,133,6,0.85,19,23.69,22.27,12.20,3150,45.96,70.50
Standy,OMB,6,4,2,23,14,9,535,462,1.16,199,1.59,73,362,68%,8,66302,124,3256,1.16,26.33,97.08,12077,11,7,4,2539,2309,307,280,1.10,133,1.57,27,203,66%,7,38329,125,784,67.14,123,125,26.29,23.98,11.39,3283,50.27,116.77,6,4,2,32,19,42,36,1.17,8,1.39,6,23,55%,4,5335,127,4,3,9,4,18%,69%,0.82,0.71,0.16,105,1.53,51,6,3,3,29,28,186,146,1.27,58,1.67,40,136,73%,8,22638,122,13,1.84,21,26.38,20.71,8.23,3211,47.09,70.50
Wrecks,OMB,6,4,2,23,14,9,474,470,1.01,219,1.47,4,326,69%,7,65579,138,3249,1.03,23.92,82.89,11794,11,7,4,2539,2309,276,263,1.05,138,1.57,13,193,70%,6,38075,138,815,69.80,79,98,23.64,22.52,11.82,3261,46.16,116.77,6,4,2,32,19,26,34,0.76,12,1.12,-8,16,62%,7,4735,182,4,2,4,6,8%,40%,0.51,0.67,0.24,93,1.18,51,6,3,3,29,28,172,173,0.99,69,1.39,-1,117,68%,5,22769,132,5,0.71,13,24.40,24.54,9.79,3230,48.94,70.50
Alluka,FZF,7,5,2,25,16,9,509,465,1.09,197,1.52,44,340,67%,5,65820,129,3487,1.10,27.81,100.10,13172,10,6,4,2126,2167,309,282,1.10,126,1.54,27,199,64%,5,38414,124,704,66.89,132,113,29.36,26.79,11.97,3650,56.15,105.25,9,5,4,40,40,52,50,1.04,23,1.50,2,37,71%,4,8513,164,8,3,10,5,14%,67%,0.74,0.71,0.33,122,1.46,70,6,5,1,26,19,148,133,1.11,48,1.47,15,104,70%,5,18893,128,10,1.69,17,25.04,22.50,8.12,3197,47.55,59.10
KingAbody,FZF,7,5,2,25,16,9,484,483,1.00,183,1.38,1,314,65%,9,58380,121,3175,0.99,26.16,95.29,11482,10,6,4,2126,2167,267,294,0.91,121,1.32,-27,173,65%,6,33896,127,538,51.12,92,69,25.37,27.93,11.50,3221,53.30,105.25,9,5,4,40,40,54,50,1.08,10,1.28,4,27,50%,6,6191,115,2,1,12,17,17%,41%,0.77,0.71,0.14,88,1.49,70,6,5,1,26,19,163,139,1.17,52,1.55,24,114,70%,9,18293,112,3,0.51,14,27.58,23.52,8.80,3095,51.10,59.10
KnoX,FZF,7,5,2,25,16,9,524,482,1.09,186,1.47,42,358,68%,8,63776,122,3540,1.11,29.21,101.60,12392,10,6,4,2126,2167,315,279,1.13,129,1.59,36,218,69%,7,37885,120,707,67.17,136,119,29.93,26.51,12.26,3600,56.44,105.25,9,5,4,40,40,44,50,0.88,10,1.08,-6,26,59%,6,5600,127,7,1,4,15,6%,21%,0.63,0.71,0.14,80,1.34,70,6,5,1,26,19,165,153,1.08,47,1.39,12,114,69%,8,20291,123,7,1.18,14,27.92,25.89,7.95,3433,53.81,59.10
Roxas,FZF,7,5,2,25,16,9,412,425,0.97,183,1.40,-13,274,67%,6,55032,134,2926,0.96,22.21,81.42,10979,10,6,4,2126,2167,235,243,0.97,121,1.47,-8,165,70%,6,31751,135,655,62.23,90,64,22.33,23.09,11.50,3017,45.42,105.25,9,5,4,40,40,47,43,1.09,11,1.35,4,26,55%,3,6938,148,1,2,6,1,9%,86%,0.67,0.61,0.16,99,1.29,70,6,5,1,26,19,130,139,0.94,51,1.30,-9,83,64%,5,16343,126,7,1.18,18,22.00,23.52,8.63,2765,45.52,59.10
Flames,CBL,3,2,1,12,6,6,230,189,1.22,90,1.69,41,158,69%,9,30835,134,3190,1.19,24.19,90.22,12235,5,2,3,1125,1123,126,104,1.21,55,1.74,22,93,74%,9,17156,136,391,74.38,39,49,23.97,19.78,10.46,3264,43.75,52.57,4,2,2,19,17,29,20,1.45,9,1.90,9,16,55%,8,4329,149,1,0,5,1,14%,83%,0.81,0.56,0.25,120,1.36,36,3,2,1,13,12,75,65,1.15,26,1.55,10,49,65%,7,9350,125,3,0.98,6,24.56,21.29,8.52,3062,45.85,30.53
Nemensions,CBL,3,2,1,12,6,6,235,209,1.12,109,1.65,26,162,69%,12,30529,130,3265,1.13,25.39,91.24,11880,5,2,3,1125,1123,141,116,1.22,54,1.68,25,100,71%,12,17327,123,280,53.27,39,71,26.82,22.07,10.27,3296,48.89,52.57,4,2,2,19,17,24,23,1.04,13,1.61,1,16,67%,3,3399,142,2,0,5,2,14%,71%,0.67,0.64,0.36,94,1.31,36,3,2,1,13,12,70,70,1.00,42,1.60,0,46,66%,4,9803,140,3,0.98,5,22.93,22.93,13.76,3211,45.85,30.53
Rspi,CBL,3,2,1,12,6,6,236,256,0.92,80,1.23,-20,147,62%,6,29215,124,3079,0.93,25.51,91.20,11432,5,2,3,1125,1123,134,142,0.94,42,1.24,-8,80,60%,6,15750,118,322,61.26,49,54,25.49,27.01,7.99,2996,52.50,52.57,4,2,2,19,17,24,29,0.83,12,1.24,-5,14,58%,3,3631,151,6,0,5,4,14%,56%,0.67,0.81,0.33,101,1.47,36,3,2,1,13,12,78,85,0.92,26,1.22,-7,53,68%,4,9834,126,3,0.98,9,25.55,27.84,8.52,3221,53.38,30.53
Vik,CBL,3,2,1,12,6,6,211,258,0.82,111,1.25,-47,130,62%,6,29011,137,2939,0.79,21.54,83.69,11602,5,2,3,1125,1123,104,144,0.72,68,1.19,-40,60,58%,6,15094,145,375,71.34,58,57,19.78,27.39,12.94,2871,47.18,52.57,4,2,2,19,17,32,31,1.03,11,1.39,1,19,59%,3,4587,143,2,1,7,8,19%,47%,0.89,0.86,0.31,127,1.75,36,3,2,1,13,12,75,83,0.90,32,1.29,-8,51,68%,5,9330,124,4,1.31,8,24.56,27.18,10.48,3056,51.75,30.53
FeLo,BTS,3,1,2,12,5,7,184,219,0.84,95,1.27,-35,114,62%,4,26063,142,2725,0.86,19.58,71.42,10241,5,4,1,1151,1065,101,121,0.83,63,1.36,-20,61,60%,4,14607,145,403,75.78,49,50,18.99,22.75,11.85,2747,41.74,53.18,4,0,4,12,24,21,29,0.72,6,0.93,-8,11,52%,4,3373,161,2,1,1,3,3%,25%,0.58,0.81,0.17,93.69,1.39,36,3,1,2,8,14,62,69,0.90,26,1.28,-7,42,68%,4,8083,130,0,0.00,7,20.61,22.94,8.64,2687,43.55,30.08
Manny,BTS,3,1,2,12,5,7,236,203,1.16,89,1.60,33,176,75%,9,31949,135,3407,1.26,26.42,88.89,12378,5,4,1,1151,1065,137,110,1.25,54,1.74,27,104,76%,9,17418,127,431,81.04,53,74,25.76,20.68,10.15,3275,46.44,53.18,4,0,4,12,24,16,28,0.57,10,0.93,-12,11,69%,3,3581,224,3,1,4,9,11%,31%,0.44,0.78,0.28,99.47,1.22,36,3,1,2,8,14,83,65,1.28,25,1.66,18,61,73%,9,10950,132,1,0.33,9,27.59,21.61,8.31,3640,49.20,30.08
Mirage,BTS,3,1,2,12,5,7,232,188,1.23,102,1.78,44,176,76%,11,29984,129,3190,1.35,25.70,88.25,11689,5,4,1,1151,1065,140,95,1.47,64,2.15,45,105,75%,11,17633,126,374,70.32,50,58,26.32,17.86,12.03,3316,44.19,53.18,4,0,4,12,24,18,29,0.62,10,0.97,-11,13,72%,2,3418,190,1,0,0,4,0%,0%,0.50,0.81,0.28,94.94,1.31,36,3,1,2,8,14,74,64,1.16,28,1.59,10,58,78%,5,8933,121,5,1.66,8,24.60,21.27,9.31,2969,45.87,30.08
Prodahh,BTS,3,1,2,12,5,7,223,225,0.99,96,1.42,-2,142,64%,5,27819,125,2806,0.96,22.46,89.83,11166,5,4,1,1151,1065,130,118,1.10,61,1.62,12,91,70%,5,15485,119,259,48.70,48,65,24.44,22.19,11.47,2912,46.63,53.18,4,0,4,12,24,36,30,1.20,7,1.43,6,20,56%,4,4458,124,1,1,8,8,22%,50%,1.00,0.83,0.19,123.83,1.83,36,3,1,2,8,14,57,77,0.74,28,1.10,-20,31,54%,3,7876,138,2,0.66,11,18.95,25.60,9.31,2618,44.54,30.08
Cimbels,FTS,2,1,1,7,4,3,164,141,1.16,51,1.52,23,110,67%,9,19647,120,3280,1.21,28.00,94.15,11617,3,1,2,673,700,83,82,1.01,25,1.32,1,55,66%,3,10323,124,246,73.87,28,35,24.92,24.62,7.51,3100,49.55,33.30,2,1,1,10,9,10,14,0.71,6,1.14,-4,5,50%,3,1607,161,1,0,1,4,5%,20%,0.53,0.74,0.32,84.58,1.26,19,2,2,0,15,9,71,45,1.58,20,2.02,26,50,70%,9,7717,109,5,2.30,6,32.72,20.74,9.22,3556,53.46,21.70
Darksived,FTS,2,1,1,7,4,3,152,150,1.01,47,1.33,2,105,69%,5,18714,123,2830,0.96,24.00,94.05,12087,3,1,2,673,700,72,90,0.80,25,1.08,-18,47,65%,5,9066,126,118,35.44,28,28,21.62,27.03,7.51,2723,48.65,33.30,2,1,1,10,9,20,12,1.67,6,2.17,8,12,60%,3,3150,158,1,0,2,1,11%,67%,1.05,0.63,0.32,165.79,1.68,19,2,2,0,15,9,60,48,1.25,16,1.58,12,46,77%,5,6498,108,1,0.46,4,27.65,22.12,7.37,2994,49.77,21.70
Detain,FTS,2,1,1,7,4,3,153,143,1.07,65,1.52,10,103,67%,5,19093,125,3237,1.10,25.82,89.92,11232,3,1,2,673,700,84,82,1.02,42,1.54,2,55,65%,5,10979,131,261,78.38,35,40,25.23,24.62,12.61,3297,49.85,33.30,2,1,1,10,9,11,14,0.79,2,0.93,-3,6,55%,2,1290,117,2,0,2,2,11%,50%,0.58,0.74,0.11,67.89,1.32,19,2,2,0,15,9,58,47,1.23,21,1.68,11,42,72%,4,6824,118,3,1.38,5,26.73,21.66,9.68,3145,48.39,21.70
Phantomz,FTS,2,1,1,7,4,3,129,133,0.97,59,1.41,-4,93,72%,6,19188,149,3039,0.99,21.09,79.55,12094,3,1,2,673,700,79,77,1.03,28,1.39,2,58,73%,6,10923,138,189,56.76,24,21,23.72,23.12,8.41,3280,46.85,33.30,2,1,1,10,9,13,16,0.81,4,1.06,-3,7,54%,2,2475,190,3,0,3,4,16%,43%,0.68,0.84,0.21,130.26,1.53,19,2,2,0,15,9,37,40,0.93,27,1.60,-3,28,76%,5,5790,156,6,2.76,6,17.05,18.43,12.44,2668,35.48,21.70
Asim,SRB,4,2,2,13,6,7,243,240,1.01,94,1.40,3,171,70%,7,29830,123,3060,1.08,25.57,84.62,10743,5,2,3,1103,973,127,131,0.97,57,1.40,-4,87,69%,7,16164,127,238,46.50,48,44,24.81,25.59,11.14,3158,50.41,51.18,4,1,3,14,20,13,27,0.48,14,1.00,-14,7,54%,3,2314,178,1,1,3,7,9%,30%,0.38,0.79,0.41,68.06,1.18,34,4,3,1,22,12,103,82,1.26,23,1.54,21,77,75%,4,11352,110,7,1.81,11,26.58,21.16,5.94,2930,47.74,38.75
Arcitys,SRB,4,2,2,13,6,7,267,239,1.12,109,1.57,28,177,66%,5,34277,128,3350,1.12,26.58,99.57,12881,5,2,3,1103,973,149,127,1.17,60,1.65,22,97,65%,5,18254,123,313,61.15,54,32,29.11,24.81,11.72,3566,53.92,51.18,4,1,3,14,20,28,25,1.12,12,1.60,3,15,54%,5,4146,148,5,0,6,4,18%,60%,0.82,0.74,0.35,121.94,1.56,34,4,3,1,22,12,90,87,1.03,37,1.46,3,65,72%,5,11877,132,8,2.06,13,23.23,22.45,9.55,3065,45.68,38.75
SkiL,SRB,4,2,2,13,6,7,230,232,0.99,87,1.37,-2,155,67%,7,29518,128,2947,1.00,22.91,83.29,10784,5,2,3,1103,973,110,122,0.90,59,1.39,-12,70,64%,7,15012,136,244,47.67,36,48,21.49,23.84,11.53,2933,45.33,51.18,4,1,3,14,20,24,25,0.96,4,1.12,-1,16,67%,6,3019,126,0,0,2,8,6%,20%,0.71,0.74,0.12,88.79,1.44,34,4,3,1,22,12,96,85,1.13,24,1.41,11,69,72%,6,11487,120,1,0.26,5,24.77,21.94,6.19,2964,46.71,38.75
Wevy,SRB,4,2,2,13,6,7,255,208,1.23,95,1.68,47,185,73%,8,32140,126,3106,1.26,25.69,94.65,12249,5,2,3,1103,973,147,105,1.40,53,1.90,42,107,73%,8,17466,119,475,92.80,51,48,28.72,20.51,10.35,3412,49.23,51.18,4,1,3,14,20,24,24,1.00,8,1.33,0,15,63%,5,4208,175,1,1,3,1,9%,75%,0.71,0.71,0.24,123.76,1.41,34,4,3,1,22,12,84,79,1.06,34,1.49,5,63,75%,5,10466,125,6,1.55,14,21.68,20.39,8.77,2701,42.06,38.75
Clutch,AXB,3,1,2,8,2,6,152,173,0.88,56,1.20,-21,93,61%,5,18625,123,3193,0.91,27.43,92.82,11513,3,1,2,689,709,96,104,0.92,38,1.29,-8,59,61%,4,11135,116,225,65.73,27,29,28.04,30.38,11.10,3253,58.42,34.23,3,1,2,12,17,14,22,0.64,6,0.91,-8,9,64%,3,2559,183,3,1,1,4,3%,20%,0.48,0.76,0.21,88.24,1.24,29,2,0,2,5,8,42,47,0.89,12,1.15,-5,25,60%,5,4931,117,4,2.49,7,26.11,29.22,7.46,3066,55.34,16.08
Henry,AXB,3,1,2,8,2,6,140,158,0.89,63,1.28,-18,87,62%,7,18678,133,3323,0.89,24.84,85.53,11419,3,1,2,689,709,95,93,1.02,42,1.47,2,59,62%,7,12324,130,175,51.12,22,23,27.75,27.17,12.27,3600,54.92,34.23,3,1,2,12,17,15,17,0.88,6,1.24,-2,9,60%,3,1958,131,2,2,1,4,3%,20%,0.52,0.59,0.21,67.52,1.10,29,2,0,2,5,8,30,48,0.63,15,0.94,-18,19,63%,3,4396,147,0,0.00,2,18.65,29.84,9.33,2733,48.50,16.08
Rush,AXB,3,1,2,8,2,6,177,144,1.23,57,1.63,33,121,68%,6,23238,131,3838,1.27,31.00,108.65,14474,3,1,2,689,709,114,84,1.36,33,1.75,30,78,68%,6,13635,120,139,40.60,40,15,33.30,24.54,9.64,3983,57.84,34.23,3,1,2,12,17,21,21,1.00,8,1.38,0,12,57%,4,3927,187,1,0,3,2,10%,60%,0.72,0.72,0.28,135.41,1.45,29,2,0,2,5,8,42,39,1.08,16,1.49,3,31,74%,6,5676,135,0,0.00,1,26.11,24.25,9.95,3529,50.36,16.08
UH,AXB,3,1,2,8,2,6,143,164,0.87,56,1.21,-21,91,64%,5,19361,135,3265,0.84,23.45,89.48,12014,3,1,2,689,709,76,101,0.75,39,1.14,-25,48,63%,4,11349,149,292,85.30,31,20,22.20,29.50,11.39,3315,51.70,34.23,3,1,2,12,17,25,23,1.09,4,1.26,2,15,60%,5,2935,117,3,1,9,5,31%,64%,0.86,0.79,0.14,101.21,1.66,29,2,0,2,5,8,42,40,1.05,13,1.38,2,28,67%,4,5077,121,1,0.62,3,26.11,24.87,8.08,3157,50.98,16.08
CotiCR,KAO,2,1,1,7,3,4,116,131,0.89,54,1.30,-15,81,70%,4,15459,133,2774,0.88,21.12,76.85,10407,3,1,2,689,652,80,78,1.03,38,1.51,2,57,71%,4,10028,125,166,50.00,19,11,24.10,23.49,11.45,3020,47.59,33.20,2,1,1,9,6,9,10,0.90,4,1.30,-1,5,56%,3,1405,156,0,0,2,2,13%,50%,0.60,0.67,0.27,93.67,1.27,15,2,1,1,11,11,27,43,0.63,12,0.91,-16,19,70%,2,4026,149,3,1.72,4,15.46,24.62,6.87,2305,40.08,17.47
DylanSZN,KAO,2,1,1,7,3,4,146,136,1.07,57,1.49,10,91,62%,6,18708,128,3336,1.10,27.43,92.60,12661,3,1,2,689,652,92,84,1.10,38,1.55,8,54,59%,6,11274,123,177,53.31,30,32,27.71,25.30,11.45,3396,53.01,33.20,2,1,1,9,6,7,10,0.70,6,1.30,-3,4,57%,3,1804,258,2,1,3,2,20%,60%,0.47,0.67,0.40,120.27,1.13,15,2,1,1,11,11,47,42,1.12,13,1.43,5,33,70%,4,5630,120,0,0.00,5,26.91,24.05,7.44,3223,50.95,17.47
ITraDex,KAO,2,1,1,7,3,4,153,148,1.03,47,1.35,5,93,61%,6,19010,124,3411,1.01,27.04,104.68,12762,3,1,2,689,652,93,90,1.03,25,1.31,3,58,62%,4,11182,120,246,74.10,29,30,28.01,27.11,7.53,3368,55.12,33.20,2,1,1,9,6,16,12,1.33,5,1.75,4,8,50%,4,1727,108,0,0,2,1,13%,67%,1.07,0.80,0.33,115.13,1.87,15,2,1,1,11,11,44,46,0.96,17,1.33,-2,27,61%,6,6101,139,3,1.72,2,25.19,26.34,9.73,3493,51.53,17.47
Kuri,KAO,2,1,1,7,3,4,127,140,0.91,39,1.19,-13,80,63%,4,15609,123,2668,0.86,22.11,88.30,11062,3,1,2,689,652,73,86,0.85,25,1.14,-13,43,59%,4,8565,117,271,81.63,23,38,21.99,25.90,7.53,2580,47.89,33.20,2,1,1,9,6,15,10,1.50,3,1.80,5,10,67%,4,2091,139,3,0,2,1,13%,67%,1.00,0.67,0.20,139.40,1.67,15,2,1,1,11,11,39,44,0.89,11,1.14,-5,27,69%,4,4953,127,5,2.86,2,22.33,25.19,6.30,2836,47.52,17.47
Crimzah,MDF,1,0,1,4,1,3,53,67,0.79,39,1.37,-14,26,49%,5,9202,174,2598,0.75,15.19,59.30,10525,2,0,2,413,500,33,47,0.70,23,1.19,-14,16,48%,3,5571,169,104,48.37,15,10,15.35,21.86,10.70,2591,37.21,21.50,1,1,0,6,2,5,3,1.67,6,3.67,2,3,60%,5,993,199,0,0,2,1,25%,67%,0.63,0.38,0.75,124.13,1.00,8,1,0,1,1,2,15,17,0.88,10,1.47,-2,7,47%,3,2638,176,0,0.00,4,14.85,16.83,9.90,2612,31.68,10.10
Fighta,MDF,1,0,1,4,1,3,81,85,0.95,25,1.25,-4,49,60%,4,10866,134,3118,0.93,23.73,87.29,12125,2,0,2,413,500,58,56,1.04,13,1.27,2,39,67%,4,6919,119,191,88.84,23,45,26.98,26.05,6.05,3218,53.02,21.50,1,1,0,6,2,6,4,1.50,4,2.50,2,1,17%,3,1012,169,3,0,1,0,13%,100%,0.75,0.50,0.50,126.50,1.25,8,1,0,1,1,2,17,25,0.68,8,1.00,-8,9,53%,2,2935,173,0,0.00,4,16.83,24.75,7.92,2906,41.58,10.10
Lymax,MDF,1,0,1,4,1,3,78,78,1.00,24,1.31,0,49,63%,6,10055,129,2866,0.93,21.84,90.61,11370,2,0,2,413,500,41,53,0.77,20,1.15,-12,24,59%,6,5734,140,88,40.93,7,1,19.07,24.65,9.30,2667,43.72,21.50,1,1,0,6,2,9,4,2.25,0,2.25,5,5,56%,5,999,111,0,1,2,0,25%,100%,1.13,0.50,0.00,124.88,1.63,8,1,0,1,1,2,28,21,1.33,4,1.52,7,20,71%,4,3322,119,1,0.99,2,27.72,20.79,3.96,3289,48.51,10.10
Setzyy,MDF,1,0,1,4,1,3,65,81,0.80,29,1.16,-16,39,60%,4,9050,139,2665,0.78,18.99,70.46,9694,2,0,2,413,500,45,56,0.80,19,1.14,-11,25,56%,4,6274,139,105,48.84,14,7,20.93,26.05,8.84,2918,46.98,21.50,1,1,0,6,2,5,4,1.25,0,1.25,1,3,60%,2,630,126,0,0,1,1,13%,50%,0.63,0.50,0.00,78.75,1.13,8,1,0,1,1,2,15,21,0.71,10,1.19,-6,11,73%,4,2146,143,0,0.00,2,14.85,20.79,9.90,2125,35.64,10.10
JokerKun,OMV,0,0,0,0,0,0,0,0,#DIV/0!,0,#DIV/0!,0,0,#DIV/0!,0,0,#DIV/0!,#DIV/0!,#DIV/0!,#DIV/0!,#DIV/0!,#DIV/0!,0,0,0,0,0,0,0,#DIV/0!,0,#DIV/0!,0,0,#DIV/0!,0,0,#DIV/0!,0,#DIV/0!,0,0,#DIV/0!,#DIV/0!,#DIV/0!,#DIV/0!,#DIV/0!,0.00,0,0,0,0,0,0,0,#DIV/0!,0,#DIV/0!,0,0,#DIV/0!,0,0,#DIV/0!,0,0,0,0,#DIV/0!,#DIV/0!,#DIV/0!,#DIV/0!,#DIV/0!,#DIV/0!,#DIV/0!,0,0,0,0,0,0,0,0,#DIV/0!,0,#DIV/0!,0,0,#DIV/0!,0,0,#DIV/0!,0,#DIV/0!,0,#DIV/0!,#DIV/0!,#DIV/0!,#DIV/0!,#DIV/0!,0.00
Lucho,OMV,0,0,0,0,0,0,0,0,#DIV/0!,0,#DIV/0!,0,0,#DIV/0!,0,0,#DIV/0!,#DIV/0!,#DIV/0!,#DIV/0!,#DIV/0!,#DIV/0!,0,0,0,0,0,0,0,#DIV/0!,0,#DIV/0!,0,0,#DIV/0!,0,0,#DIV/0!,0,#DIV/0!,0,0,#DIV/0!,#DIV/0!,#DIV/0!,#DIV/0!,#DIV/0!,0.00,0,0,0,0,0,0,0,#DIV/0!,0,#DIV/0!,0,0,#DIV/0!,0,0,#DIV/0!,0,0,0,0,#DIV/0!,#DIV/0!,#DIV/0!,#DIV/0!,#DIV/0!,#DIV/0!,#DIV/0!,0,0,0,0,0,0,0,0,#DIV/0!,0,#DIV/0!,0,0,#DIV/0!,0,0,#DIV/0!,0,#DIV/0!,0,#DIV/0!,#DIV/0!,#DIV/0!,#DIV/0!,#DIV/0!,0.00
Rafa,OMV,0,0,0,0,0,0,0,0,#DIV/0!,0,#DIV/0!,0,0,#DIV/0!,0,0,#DIV/0!,#DIV/0!,#DIV/0!,#DIV/0!,#DIV/0!,#DIV/0!,0,0,0,0,0,0,0,#DIV/0!,0,#DIV/0!,0,0,#DIV/0!,0,0,#DIV/0!,0,#DIV/0!,0,0,#DIV/0!,#DIV/0!,#DIV/0!,#DIV/0!,#DIV/0!,0.00,0,0,0,0,0,0,0,#DIV/0!,0,#DIV/0!,0,0,#DIV/0!,0,0,#DIV/0!,0,0,0,0,#DIV/0!,#DIV/0!,#DIV/0!,#DIV/0!,#DIV/0!,#DIV/0!,#DIV/0!,0,0,0,0,0,0,0,0,#DIV/0!,0,#DIV/0!,0,0,#DIV/0!,0,0,#DIV/0!,0,#DIV/0!,0,#DIV/0!,#DIV/0!,#DIV/0!,#DIV/0!,#DIV/0!,0.00
Sukitaa,OMV,0,0,0,0,0,0,0,0,#DIV/0!,0,#DIV/0!,0,0,#DIV/0!,0,0,#DIV/0!,#DIV/0!,#DIV/0!,#DIV/0!,#DIV/0!,#DIV/0!,0,0,0,0,0,0,0,#DIV/0!,0,#DIV/0!,0,0,#DIV/0!,0,0,#DIV/0!,0,#DIV/0!,0,0,#DIV/0!,#DIV/0!,#DIV/0!,#DIV/0!,#DIV/0!,0.00,0,0,0,0,0,0,0,#DIV/0!,0,#DIV/0!,0,0,#DIV/0!,0,0,#DIV/0!,0,0,0,0,#DIV/0!,#DIV/0!,#DIV/0!,#DIV/0!,#DIV/0!,#DIV/0!,#DIV/0!,0,0,0,0,0,0,0,0,#DIV/0!,0,#DIV/0!,0,0,#DIV/0!,0,0,#DIV/0!,0,#DIV/0!,0,#DIV/0!,#DIV/0!,#DIV/0!,#DIV/0!,#DIV/0!,0.00
Imagine,ATR,4,2,2,9,4,5,139,140,0.99,59,1.41,-1,91,65%,10,17613,127,2933,0.91,22.84,84.87,10788,4,2,2,776,829,94,94,1.00,44,1.47,0,65,69%,7,12006,128,212,54.22,29,22,24.04,24.04,11.25,3071,48.08,39.10,4,2,2,19,15,30,20,1.50,10,2.00,10,19,63%,10,3614,120,1,0,3,1,9%,75%,0.88,0.59,0.29,106.29,1.47,34,1,0,1,0,8,15,26,0.58,5,0.77,-11,7,47%,2,1993,133,0,0.00,3,17.37,30.12,5.79,2308,47.49,8.63
Mish,ATR,4,2,2,9,4,5,118,171,0.69,76,1.13,-53,62,53%,5,17178,146,3073,0.67,20.95,70.56,10356,4,2,2,776,829,88,122,0.72,55,1.17,-34,44,50%,5,12769,145,160,40.92,26,32,22.51,31.20,14.07,3266,53.71,39.10,4,2,2,19,15,18,22,0.82,11,1.32,-4,9,50%,2,2508,139,3,0,4,4,12%,50%,0.53,0.65,0.32,73.76,1.18,34,1,0,1,0,8,12,27,0.44,10,0.81,-15,9,75%,3,1901,158,0,0.00,0,13.90,31.27,11.58,2202,45.17,8.63
Rhein,ATR,4,2,2,9,4,5,145,160,0.91,60,1.28,-15,88,61%,7,18507,128,3026,0.83,23.88,89.37,11663,4,2,2,776,829,97,113,0.86,42,1.23,-16,58,60%,7,11898,123,260,66.50,31,45,24.81,28.90,10.74,3043,53.71,39.10,4,2,2,19,15,31,22,1.41,12,1.95,9,20,65%,3,4065,131,6,1,9,3,26%,75%,0.91,0.65,0.35,119.56,1.56,34,1,0,1,0,8,17,25,0.68,6,0.92,-8,10,59%,2,2544,150,0,0.00,1,19.69,28.96,6.95,2947,48.65,8.63
Swagchecked,ATR,4,2,2,9,4,5,155,156,0.99,60,1.38,-1,102,66%,5,20211,130,3412,0.99,27.65,94.69,12480,4,2,2,776,829,113,111,1.02,44,1.41,2,76,67%,5,13799,122,307,78.52,56,65,28.90,28.39,11.25,3529,57.29,39.10,4,2,2,19,15,23,23,1.00,9,1.39,0,13,57%,4,3923,171,0,0,4,7,12%,36%,0.68,0.68,0.26,115.38,1.35,34,1,0,1,0,8,19,22,0.86,7,1.18,-3,13,68%,3,2489,131,0,0.00,0,22.01,25.48,8.11,2883,47.49,8.63
Andi,OMN,4,3,1,11,8,3,201,199,1.01,92,1.47,2,128,64%,6,25143,125,3073,1.04,25.05,89.37,11248,4,3,1,979,697,109,102,1.07,57,1.63,7,72,66%,6,13490,124,289,70.69,46,34,26.66,24.95,13.94,3300,51.61,40.88,4,3,1,22,18,24,28,0.86,9,1.18,-4,13,54%,5,3430,143,2,0,1,7,3%,13%,0.60,0.70,0.23,85.75,1.30,40,3,2,1,14,9,68,69,0.99,26,1.36,-1,43,63%,4,8223,121,6,2.02,12,22.84,23.18,8.73,2762,46.02,29.77
Booger,OMN,4,3,1,11,8,3,214,195,1.10,85,1.53,19,140,65%,6,27189,127,3472,1.15,27.46,93.80,11919,4,3,1,979,697,115,99,1.16,43,1.60,16,76,66%,6,14457,126,277,67.75,45,34,28.13,24.22,10.52,3536,52.34,40.88,4,3,1,22,18,20,27,0.74,9,1.07,-7,9,45%,3,2661,133,3,2,5,1,13%,83%,0.50,0.68,0.23,66.53,1.18,40,3,2,1,14,9,79,69,1.14,33,1.62,10,55,70%,5,10071,127,2,0.67,2,26.54,23.18,11.09,3383,49.72,29.77
Nate,OMN,4,3,1,11,8,3,214,201,1.06,85,1.49,13,124,58%,6,25985,121,3151,1.05,25.76,96.21,11635,4,3,1,979,697,114,98,1.16,48,1.65,16,74,65%,6,13755,121,375,91.72,36,52,27.88,23.97,11.74,3364,51.85,40.88,4,3,1,22,18,32,27,1.19,11,1.59,5,23,72%,4,3726,116,2,2,5,3,13%,63%,0.80,0.68,0.28,93.15,1.48,40,3,2,1,14,9,68,76,0.89,26,1.24,-8,27,40%,4,8504,125,2,0.67,14,22.84,25.53,8.73,2857,48.38,29.77
Peel,OMN,4,3,1,11,8,3,242,218,1.11,91,1.53,24,168,69%,6,30021,124,3461,1.07,28.45,108.77,13541,4,3,1,979,697,122,117,1.04,53,1.50,5,82,67%,5,14767,121,246,60.17,46,40,29.84,28.62,12.96,3612,58.46,40.88,4,3,1,22,18,41,31,1.32,11,1.68,10,26,63%,5,5572,136,1,1,13,5,33%,72%,1.03,0.78,0.28,139.30,1.80,40,3,2,1,14,9,79,70,1.13,27,1.51,9,60,76%,6,9682,123,4,1.34,11,26.54,23.52,9.07,3253,50.06,29.77
Fame,ICH,2,0,2,7,1,6,132,139,0.95,39,1.23,-7,85,64%,7,17848,135,3300,0.96,25.24,90.07,12429,3,0,3,552,750,79,80,0.99,27,1.33,-1,51,65%,7,10441,132,137,44.50,25,15,25.66,25.99,8.77,3392,51.65,30.78,2,1,1,9,11,13,15,0.87,4,1.13,-2,10,77%,3,2290,176,1,0,0,2,0%,0%,0.65,0.75,0.20,114.50,1.40,20,2,0,2,4,16,40,44,0.91,8,1.09,-4,24,60%,7,5117,128,1,0.61,2,24.44,26.88,4.89,3126,51.32,16.37
Noysii,ICH,2,0,2,7,1,6,146,138,1.06,48,1.41,8,93,64%,7,17642,121,3273,1.02,26.72,102.39,12255,3,0,3,552,750,88,80,1.10,27,1.44,8,56,64%,7,10229,116,188,61.07,26,15,28.59,25.99,8.77,3323,54.57,30.78,2,1,1,9,11,20,14,1.43,2,1.57,6,12,60%,5,2208,110,2,2,5,2,25%,71%,1.00,0.70,0.10,110.40,1.70,20,2,0,2,4,16,38,44,0.86,19,1.30,-6,25,66%,4,5205,137,2,1.22,3,23.22,26.88,11.61,3180,50.10,16.37
Proff,ICH,2,0,2,7,1,6,105,144,0.73,59,1.14,-39,65,62%,4,15500,148,2707,0.72,19.51,72.99,11140,3,0,3,552,750,64,84,0.76,34,1.17,-20,39,61%,4,8561,134,193,62.70,22,18,20.79,27.29,11.04,2781,48.08,30.78,2,1,1,9,11,13,17,0.76,8,1.24,-4,6,46%,2,2736,210,0,0,1,2,5%,33%,0.65,0.85,0.40,136.80,1.50,20,2,0,2,4,16,28,43,0.65,17,1.05,-15,20,71%,3,4203,150,0,0.00,1,17.11,26.27,10.39,2568,43.38,16.37
Radial,ICH,2,0,2,7,1,6,123,160,0.77,57,1.13,-37,69,56%,7,17093,139,3342,0.76,23.54,83.69,11469,3,0,3,552,750,69,94,0.73,35,1.11,-25,37,54%,7,9609,139,129,41.91,17,20,22.41,30.54,11.37,3121,52.95,30.78,2,1,1,9,11,12,14,0.86,3,1.07,-2,6,50%,3,1335,111,5,0,2,6,10%,25%,0.60,0.70,0.15,66.75,1.30,20,2,0,2,4,16,42,52,0.81,19,1.17,-10,26,62%,5,6149,146,1,0.61,6,25.66,31.77,11.61,3757,57.43,16.37
Couti,CXO,3,1,2,13,6,7,240,277,0.87,94,1.21,-37,162,68%,8,31688,132,2860,0.86,21.71,81.86,10830,6,3,3,1211,1407,144,163,0.88,58,1.24,-19,98,68%,8,19304,134,385,60.27,44,68,22.54,25.52,9.08,3022,48.06,63.88,4,2,2,16,21,28,31,0.90,8,1.16,-3,17,61%,4,3753,134,2,2,7,4,19%,64%,0.76,0.84,0.22,101.43,1.59,37,3,1,2,10,13,68,83,0.82,28,1.16,-15,47,69%,6,8631,127,2,0.59,12,20.13,24.57,8.29,2555,44.70,33.78
DTG,CXO,3,1,2,13,6,7,295,274,1.08,107,1.47,21,202,68%,6,34950,118,3254,1.11,28.16,96.06,11629,6,3,3,1211,1407,162,167,0.97,71,1.40,-5,111,69%,5,19852,123,406,63.55,66,62,25.36,26.14,11.11,3108,51.50,63.88,4,2,2,16,21,20,26,0.77,7,1.04,-6,10,50%,6,3165,158,5,2,4,4,11%,50%,0.54,0.70,0.19,85.54,1.24,37,3,1,2,10,13,113,81,1.40,29,1.75,32,81,72%,6,11933,106,2,0.59,9,33.45,23.98,8.58,3532,57.42,33.78
Veilleux,CXO,3,1,2,13,6,7,285,293,0.97,115,1.37,-8,177,62%,6,39060,137,3558,0.95,26.11,96.12,13239,6,3,3,1211,1407,164,175,0.94,73,1.35,-11,99,60%,6,22820,139,294,46.02,53,48,25.67,27.39,11.43,3572,53.07,63.88,4,2,2,16,21,30,24,1.25,7,1.54,6,20,67%,5,4314,144,1,1,6,4,16%,60%,0.81,0.65,0.19,116.59,1.46,37,3,1,2,10,13,91,94,0.97,35,1.34,-3,58,64%,3,11926,131,2,0.59,9,26.94,27.82,10.36,3530,54.76,33.78
cWadz,CXO,3,1,2,13,6,7,218,260,0.84,101,1.23,-42,155,71%,6,31297,144,2857,0.87,20.68,71.76,10605,6,3,3,1211,1407,144,150,0.96,50,1.29,-6,101,70%,6,19284,134,330,51.66,47,45,22.54,23.48,7.83,3019,46.02,63.88,4,2,2,16,21,16,27,0.59,8,0.89,-11,12,75%,3,3389,212,1,0,1,7,3%,13%,0.43,0.73,0.22,91.59,1.16,37,3,1,2,10,13,58,83,0.70,43,1.22,-25,42,72%,4,8624,149,4,1.18,6,17.17,24.57,12.73,2553,41.74,33.78
Cryptic,INC,1,1,0,3,3,0,44,44,1.00,26,1.59,0,29,66%,4,6369,145,2977,1.03,22.29,79.06,11561,1,1,0,250,238,26,26,1.00,14,1.54,0,18,69%,3,3591,138,53,47.96,8,1,23.53,23.53,12.67,3250,47.06,11.05,1,1,0,6,5,6,7,0.86,4,1.43,-1,2,33%,2,1294,216,1,0,1,0,9%,100%,0.55,0.64,0.36,117.64,1.18,11,1,1,0,3,2,12,11,1.09,8,1.82,1,9,75%,4,1484,124,0,0.00,1,20.00,18.33,13.33,2473,38.33,6.00
Gunsiii,INC,1,1,0,3,3,0,59,57,1.04,26,1.49,2,33,56%,4,7076,120,3486,0.98,28.74,106.11,12682,1,1,0,250,238,31,34,0.91,13,1.29,-3,19,61%,3,3570,115,110,99.55,15,7,28.05,30.77,11.76,3231,58.82,11.05,1,1,0,6,5,10,7,1.43,3,1.86,3,7,70%,2,1132,113,3,0,0,1,0%,0%,0.91,0.64,0.27,102.91,1.55,11,1,1,0,3,2,18,16,1.13,10,1.75,2,7,39%,4,2374,132,1,1.67,0,30.00,26.67,16.67,3957,56.67,6.00
Leib,INC,1,1,0,3,3,0,65,55,1.18,19,1.53,10,40,62%,4,8471,130,4230,1.20,32.26,116.40,15183,1,1,0,250,238,33,33,1.00,14,1.42,0,17,52%,3,4498,136,98,88.69,16,8,29.86,29.86,12.67,4071,59.73,11.05,1,1,0,6,5,10,9,1.11,2,1.33,1,7,70%,3,1259,126,0,1,3,3,27%,50%,0.91,0.82,0.18,114.45,1.73,11,1,1,0,3,2,22,13,1.69,3,1.92,9,16,73%,4,2714,123,0,0.00,3,36.67,21.67,5.00,4523,58.33,6.00
Zooner,INC,1,1,0,3,3,0,51,49,1.04,19,1.43,2,39,76%,5,6875,135,3414,1.10,26.98,91.11,12371,1,1,0,250,238,31,27,1.15,11,1.56,4,23,74%,5,3916,126,45,40.72,6,2,28.05,24.43,9.95,3544,52.49,11.05,1,1,0,6,5,5,7,0.71,3,1.14,-2,4,80%,5,1054,211,0,1,1,2,9%,33%,0.45,0.64,0.27,95.82,1.09,11,1,1,0,3,2,15,15,1.00,5,1.33,0,12,80%,4,1905,127,2,3.33,4,25.00,25.00,8.33,3175,50.00,6.00
Dak,TRN,4,3,1,13,9,4,294,270,1.09,110,1.50,24,203,69%,7,38132,130,3428,1.12,27.21,94.48,12500,6,5,1,1459,1254,185,161,1.15,68,1.57,24,132,71%,7,22861,124,569,84.11,69,57,27.35,23.80,10.05,3379,51.15,67.65,4,3,1,23,18,24,29,0.83,9,1.14,-5,16,67%,3,4118,172,3,2,3,5,7%,38%,0.59,0.71,0.22,100.44,1.29,41,3,1,2,17,12,85,80,1.06,33,1.48,5,55,65%,4,11153,131,4,1.27,6,26.91,25.33,10.45,3531,52.24,31.58
Hitmxn,TRN,4,3,1,13,9,4,237,265,0.89,123,1.36,-28,165,70%,7,32687,138,2823,0.89,20.86,78.64,10964,6,5,1,1459,1254,143,164,0.87,91,1.43,-21,101,71%,5,19711,138,407,60.16,45,52,21.14,24.24,13.45,2914,45.38,67.65,4,3,1,23,18,30,32,0.94,11,1.28,-2,17,57%,4,4673,156,4,2,4,7,10%,36%,0.73,0.78,0.27,113.98,1.51,41,3,1,2,17,12,64,69,0.93,21,1.23,-5,47,73%,7,8303,130,6,1.90,9,20.26,21.85,6.65,2629,42.11,31.58
Mince,TRN,4,3,1,13,9,4,272,269,1.01,107,1.41,3,176,65%,6,34162,126,3014,0.98,23.78,90.37,11301,6,5,1,1459,1254,175,171,1.02,75,1.46,4,111,63%,6,21495,123,389,57.50,58,40,25.87,25.28,11.09,3177,51.15,67.65,4,3,1,23,18,36,27,1.33,10,1.70,9,20,56%,6,4255,118,4,2,9,3,22%,75%,0.88,0.66,0.24,103.78,1.54,41,3,1,2,17,12,61,71,0.86,22,1.17,-10,45,74%,6,8412,138,5,1.58,9,19.31,22.48,6.97,2663,41.79,31.58
TKay,TRN,4,3,1,13,9,4,306,268,1.14,102,1.52,38,201,66%,6,37840,124,3418,1.19,28.32,98.04,12330,6,5,1,1459,1254,207,160,1.29,65,1.70,47,134,65%,6,24506,118,308,45.53,60,34,30.60,23.65,9.61,3622,54.25,67.65,4,3,1,23,18,25,32,0.78,12,1.16,-7,17,68%,5,3923,157,2,0,6,4,15%,60%,0.61,0.78,0.29,95.68,1.39,41,3,1,2,17,12,74,76,0.97,25,1.30,-2,50,68%,4,9411,127,2,0.63,3,23.43,24.06,7.92,2980,47.49,31.58
Careful,BMA,2,1,1,5,3,2,79,73,1.08,29,1.48,6,47,59%,7,10203,129,2858,0.88,21.11,93.13,11862,2,1,1,335,398,42,41,1.02,20,1.51,1,23,55%,3,5472,130,126,70.19,9,17,23.40,22.84,11.14,3048,46.24,17.95,2,2,0,12,3,20,6,3.33,2,3.67,14,14,70%,7,2215,111,0,0,4,0,27%,100%,1.33,0.40,0.13,147.67,1.73,15,1,0,1,4,5,17,26,0.65,7,0.92,-9,10,59%,3,2516,148,1,1.00,1,17.00,26.00,7.00,2516,43.00,10.00
Cxnfid,BMA,2,1,1,5,3,2,78,73,1.07,26,1.42,5,49,63%,5,9437,121,2847,1.00,23.97,87.93,10707,2,1,1,335,398,42,44,0.95,17,1.34,-2,25,60%,3,5073,121,153,85.24,6,28,23.40,24.51,9.47,2826,47.91,17.95,2,2,0,12,3,11,6,1.83,3,2.33,5,7,64%,5,1479,134,6,0,0,0,0%,#DIV/0!,0.73,0.40,0.20,98.60,1.13,15,1,0,1,4,5,25,23,1.09,6,1.35,2,17,68%,3,2885,115,1,1.00,2,25.00,23.00,6.00,2885,48.00,10.00
Des,BMA,2,1,1,5,3,2,66,75,0.88,32,1.31,-9,37,56%,3,8522,129,2676,0.94,21.82,73.02,9559,2,1,1,335,398,41,39,1.05,15,1.44,2,24,59%,3,4826,118,106,59.05,6,15,22.84,21.73,8.36,2689,44.57,17.95,2,2,0,12,3,5,10,0.50,6,1.10,-5,1,20%,2,1042,208,0,0,0,2,0%,0%,0.33,0.67,0.40,69.47,1.00,15,1,0,1,4,5,20,26,0.77,11,1.19,-6,12,60%,3,2654,133,1,1.00,2,20.00,26.00,11.00,2654,46.00,10.00
Loojjj,BMA,2,1,1,5,3,2,78,84,0.93,27,1.25,-6,40,51%,8,9181,118,2630,0.78,21.82,90.96,10606,2,1,1,335,398,44,52,0.85,20,1.23,-8,20,45%,2,5003,114,60,33.43,8,13,24.51,28.97,11.14,2787,53.48,17.95,2,2,0,12,3,17,6,2.83,2,3.17,11,11,65%,8,1829,108,0,1,7,2,47%,78%,1.13,0.40,0.13,121.93,1.53,15,1,0,1,4,5,17,26,0.65,5,0.85,-9,9,53%,2,2349,138,1,1.00,4,17.00,26.00,5.00,2349,43.00,10.00
Delo,EWG,1,1,0,3,2,1,63,64,0.98,30,1.45,-1,41,65%,6,8246,131,3189,0.90,25.26,96.78,12841,1,0,1,199,250,26,35,0.74,14,1.14,-9,15,58%,4,3325,128,73,67.80,7,9,24.15,32.51,13.00,3088,56.66,10.77,1,1,0,6,5,11,6,1.83,4,2.50,5,8,73%,5,1683,153,0,0,2,1,18%,67%,1.00,0.55,0.36,153.00,1.55,11,1,1,0,8,2,26,23,1.13,12,1.65,3,18,69%,6,3238,125,0,0.00,3,26.49,23.43,12.22,3298,49.92,9.82
Jua,EWG,1,1,0,3,2,1,72,61,1.18,31,1.69,11,27,38%,4,8516,118,3813,1.24,32.55,103.42,12651,1,0,1,199,250,30,30,1.00,17,1.57,0,0,0%,4,3958,132,69,64.09,9,8,27.86,27.86,15.79,3676,55.73,10.77,1,1,0,6,5,5,7,0.71,0,0.71,-2,5,100%,2,668,134,0,1,2,2,18%,50%,0.45,0.64,0.00,60.73,1.09,11,1,1,0,8,2,37,24,1.54,14,2.13,13,22,59%,4,3890,105,3,3.06,2,37.69,24.45,14.26,3963,62.14,9.82
Prod,EWG,1,1,0,3,2,1,58,73,0.79,32,1.23,-15,37,64%,6,7826,135,3468,0.84,26.23,87.34,11899,1,0,1,199,250,29,36,0.81,15,1.22,-7,18,62%,4,3877,134,43,39.94,11,6,26.93,33.44,13.93,3601,60.37,10.77,1,1,0,6,5,4,9,0.44,3,0.78,-5,2,50%,2,687,172,0,0,0,2,0%,0%,0.36,0.82,0.27,62.45,1.18,11,1,1,0,8,2,25,28,0.89,14,1.39,-3,17,68%,6,3262,130,2,2.04,1,25.47,28.52,14.26,3323,53.99,9.82
VinnyReaper,EWG,1,1,0,3,2,1,67,60,1.12,29,1.60,7,47,70%,4,7701,115,3191,1.07,28.18,102.25,11806,1,0,1,199,250,30,30,1.00,16,1.53,0,23,77%,4,3397,113,39,36.22,6,5,27.86,27.86,14.86,3155,55.73,10.77,1,1,0,6,5,9,6,1.50,3,2.00,3,6,67%,4,1133,126,2,2,1,1,9%,50%,0.82,0.55,0.27,103.00,1.36,11,1,1,0,8,2,28,24,1.17,10,1.58,4,18,64%,4,3171,113,3,3.06,3,28.52,24.45,10.19,3230,52.97,9.82
Choco,EVI,0,0,0,0,0,0,0,0,#DIV/0!,0,#DIV/0!,0,0,#DIV/0!,0,0,#DIV/0!,#DIV/0!,#DIV/0!,#DIV/0!,#DIV/0!,#DIV/0!,0,0,0,0,0,0,0,#DIV/0!,0,#DIV/0!,0,0,#DIV/0!,0,0,#DIV/0!,0,#DIV/0!,0,0,#DIV/0!,#DIV/0!,#DIV/0!,#DIV/0!,#DIV/0!,0.00,0,0,0,0,0,0,0,#DIV/0!,0,#DIV/0!,0,0,#DIV/0!,0,0,#DIV/0!,0,0,0,0,#DIV/0!,#DIV/0!,#DIV/0!,#DIV/0!,#DIV/0!,#DIV/0!,#DIV/0!,0,0,0,0,0,0,0,0,#DIV/0!,0,#DIV/0!,0,0,#DIV/0!,0,0,#DIV/0!,0,#DIV/0!,0,#DIV/0!,#DIV/0!,#DIV/0!,#DIV/0!,#DIV/0!,0.00
Conwa,EVI,0,0,0,0,0,0,0,0,#DIV/0!,0,#DIV/0!,0,0,#DIV/0!,0,0,#DIV/0!,#DIV/0!,#DIV/0!,#DIV/0!,#DIV/0!,#DIV/0!,0,0,0,0,0,0,0,#DIV/0!,0,#DIV/0!,0,0,#DIV/0!,0,0,#DIV/0!,0,#DIV/0!,0,0,#DIV/0!,#DIV/0!,#DIV/0!,#DIV/0!,#DIV/0!,0.00,0,0,0,0,0,0,0,#DIV/0!,0,#DIV/0!,0,0,#DIV/0!,0,0,#DIV/0!,0,0,0,0,#DIV/0!,#DIV/0!,#DIV/0!,#DIV/0!,#DIV/0!,#DIV/0!,#DIV/0!,0,0,0,0,0,0,0,0,#DIV/0!,0,#DIV/0!,0,0,#DIV/0!,0,0,#DIV/0!,0,#DIV/0!,0,#DIV/0!,#DIV/0!,#DIV/0!,#DIV/0!,#DIV/0!,0.00
Crow,EVI,0,0,0,0,0,0,0,0,#DIV/0!,0,#DIV/0!,0,0,#DIV/0!,0,0,#DIV/0!,#DIV/0!,#DIV/0!,#DIV/0!,#DIV/0!,#DIV/0!,0,0,0,0,0,0,0,#DIV/0!,0,#DIV/0!,0,0,#DIV/0!,0,0,#DIV/0!,0,#DIV/0!,0,0,#DIV/0!,#DIV/0!,#DIV/0!,#DIV/0!,#DIV/0!,0.00,0,0,0,0,0,0,0,#DIV/0!,0,#DIV/0!,0,0,#DIV/0!,0,0,#DIV/0!,0,0,0,0,#DIV/0!,#DIV/0!,#DIV/0!,#DIV/0!,#DIV/0!,#DIV/0!,#DIV/0!,0,0,0,0,0,0,0,0,#DIV/0!,0,#DIV/0!,0,0,#DIV/0!,0,0,#DIV/0!,0,#DIV/0!,0,#DIV/0!,#DIV/0!,#DIV/0!,#DIV/0!,#DIV/0!,0.00
Miso,EVI,0,0,0,0,0,0,0,0,#DIV/0!,0,#DIV/0!,0,0,#DIV/0!,0,0,#DIV/0!,#DIV/0!,#DIV/0!,#DIV/0!,#DIV/0!,#DIV/0!,0,0,0,0,0,0,0,#DIV/0!,0,#DIV/0!,0,0,#DIV/0!,0,0,#DIV/0!,0,#DIV/0!,0,0,#DIV/0!,#DIV/0!,#DIV/0!,#DIV/0!,#DIV/0!,0.00,0,0,0,0,0,0,0,#DIV/0!,0,#DIV/0!,0,0,#DIV/0!,0,0,#DIV/0!,0,0,0,0,#DIV/0!,#DIV/0!,#DIV/0!,#DIV/0!,#DIV/0!,#DIV/0!,#DIV/0!,0,0,0,0,0,0,0,0,#DIV/0!,0,#DIV/0!,0,0,#DIV/0!,0,0,#DIV/0!,0,#DIV/0!,0,#DIV/0!,#DIV/0!,#DIV/0!,#DIV/0!,#DIV/0!,0.00
Myth,UVD,1,1,0,2,2,0,44,35,1.26,26,2.00,9,32,73%,7,5389,122,3574,1.06,28.33,#DIV/0!,#DIV/0!,1,1,0,250,176,33,31,1.06,21,1.74,2,26,79%,7,4164,126,71,60.94,8,5,28.33,26.61,18.03,3574,54.94,11.65,1,1,0,6,5,11,4,2.75,5,4.00,7,6,55%,4,1225,111,0,0,3,0,27%,100%,1.00,0.36,0.45,111.36,1.36,11,0,0,0,0,0,0,0,#DIV/0!,0,#DIV/0!,0,0,#DIV/0!,0,0,#DIV/0!,0,#DIV/0!,0,#DIV/0!,#DIV/0!,#DIV/0!,#DIV/0!,#DIV/0!,0.00
Praise,UVD,1,1,0,2,2,0,44,32,1.38,16,1.88,12,29,66%,6,4631,105,3589,1.58,35.19,#DIV/0!,#DIV/0!,1,1,0,250,176,41,26,1.58,15,2.15,15,28,68%,6,4181,102,111,95.28,14,9,35.19,22.32,12.88,3589,57.51,11.65,1,1,0,6,5,3,6,0.50,1,0.67,-3,1,33%,1,450,150,0,0,0,2,0%,0%,0.27,0.55,0.09,40.91,0.82,11,0,0,0,0,0,0,0,#DIV/0!,0,#DIV/0!,0,0,#DIV/0!,0,0,#DIV/0!,0,#DIV/0!,0,#DIV/0!,#DIV/0!,#DIV/0!,#DIV/0!,#DIV/0!,0.00
qToxn,UVD,1,1,0,2,2,0,41,38,1.08,23,1.68,3,25,61%,4,5381,131,3911,0.97,29.18,#DIV/0!,#DIV/0!,1,1,0,250,176,34,35,0.97,20,1.54,-1,22,65%,4,4556,134,43,36.91,12,7,29.18,30.04,17.17,3911,59.23,11.65,1,1,0,6,5,7,3,2.33,3,3.33,4,3,43%,3,825,118,0,0,2,1,18%,67%,0.64,0.27,0.27,75.00,0.91,11,0,0,0,0,0,0,0,#DIV/0!,0,#DIV/0!,0,0,#DIV/0!,0,0,#DIV/0!,0,#DIV/0!,0,#DIV/0!,#DIV/0!,#DIV/0!,#DIV/0!,#DIV/0!,0.00
Snellsyy,UVD,1,1,0,2,2,0,42,46,0.91,20,1.35,-4,22,52%,4,5034,120,3767,0.92,30.90,#DIV/0!,#DIV/0!,1,1,0,250,176,36,39,0.92,18,1.38,-3,19,53%,4,4389,122,40,34.33,15,15,30.90,33.48,15.45,3767,64.38,11.65,1,1,0,6,5,6,7,0.86,2,1.14,-1,3,50%,2,645,108,2,0,1,2,9%,33%,0.55,0.64,0.18,58.64,1.18,11,0,0,0,0,0,0,0,#DIV/0!,0,#DIV/0!,0,0,#DIV/0!,0,0,#DIV/0!,0,#DIV/0!,0,#DIV/0!,#DIV/0!,#DIV/0!,#DIV/0!,#DIV/0!,0.00
Anura,FTB,0,0,0,0,0,0,0,0,#DIV/0!,0,#DIV/0!,0,0,#DIV/0!,0,0,#DIV/0!,#DIV/0!,#DIV/0!,#DIV/0!,#DIV/0!,#DIV/0!,0,0,0,0,0,0,0,#DIV/0!,0,#DIV/0!,0,0,#DIV/0!,0,0,#DIV/0!,0,#DIV/0!,0,0,#DIV/0!,#DIV/0!,#DIV/0!,#DIV/0!,#DIV/0!,0.00,0,0,0,0,0,0,0,#DIV/0!,0,#DIV/0!,0,0,#DIV/0!,0,0,#DIV/0!,0,0,0,0,#DIV/0!,#DIV/0!,#DIV/0!,#DIV/0!,#DIV/0!,#DIV/0!,#DIV/0!,0,0,0,0,0,0,0,0,#DIV/0!,0,#DIV/0!,0,0,#DIV/0!,0,0,#DIV/0!,0,#DIV/0!,0,#DIV/0!,#DIV/0!,#DIV/0!,#DIV/0!,#DIV/0!,0.00
Dreazy,FTB,0,0,0,0,0,0,0,0,#DIV/0!,0,#DIV/0!,0,0,#DIV/0!,0,0,#DIV/0!,#DIV/0!,#DIV/0!,#DIV/0!,#DIV/0!,#DIV/0!,0,0,0,0,0,0,0,#DIV/0!,0,#DIV/0!,0,0,#DIV/0!,0,0,#DIV/0!,0,#DIV/0!,0,0,#DIV/0!,#DIV/0!,#DIV/0!,#DIV/0!,#DIV/0!,0.00,0,0,0,0,0,0,0,#DIV/0!,0,#DIV/0!,0,0,#DIV/0!,0,0,#DIV/0!,0,0,0,0,#DIV/0!,#DIV/0!,#DIV/0!,#DIV/0!,#DIV/0!,#DIV/0!,#DIV/0!,0,0,0,0,0,0,0,0,#DIV/0!,0,#DIV/0!,0,0,#DIV/0!,0,0,#DIV/0!,0,#DIV/0!,0,#DIV/0!,#DIV/0!,#DIV/0!,#DIV/0!,#DIV/0!,0.00
Furg,FTB,0,0,0,0,0,0,0,0,#DIV/0!,0,#DIV/0!,0,0,#DIV/0!,0,0,#DIV/0!,#DIV/0!,#DIV/0!,#DIV/0!,#DIV/0!,#DIV/0!,0,0,0,0,0,0,0,#DIV/0!,0,#DIV/0!,0,0,#DIV/0!,0,0,#DIV/0!,0,#DIV/0!,0,0,#DIV/0!,#DIV/0!,#DIV/0!,#DIV/0!,#DIV/0!,0.00,0,0,0,0,0,0,0,#DIV/0!,0,#DIV/0!,0,0,#DIV/0!,0,0,#DIV/0!,0,0,0,0,#DIV/0!,#DIV/0!,#DIV/0!,#DIV/0!,#DIV/0!,#DIV/0!,#DIV/0!,0,0,0,0,0,0,0,0,#DIV/0!,0,#DIV/0!,0,0,#DIV/0!,0,0,#DIV/0!,0,#DIV/0!,0,#DIV/0!,#DIV/0!,#DIV/0!,#DIV/0!,#DIV/0!,0.00
Niko,FTB,0,0,0,0,0,0,0,0,#DIV/0!,0,#DIV/0!,0,0,#DIV/0!,0,0,#DIV/0!,#DIV/0!,#DIV/0!,#DIV/0!,#DIV/0!,#DIV/0!,0,0,0,0,0,0,0,#DIV/0!,0,#DIV/0!,0,0,#DIV/0!,0,0,#DIV/0!,0,#DIV/0!,0,0,#DIV/0!,#DIV/0!,#DIV/0!,#DIV/0!,#DIV/0!,0.00,0,0,0,0,0,0,0,#DIV/0!,0,#DIV/0!,0,0,#DIV/0!,0,0,#DIV/0!,0,0,0,0,#DIV/0!,#DIV/0!,#DIV/0!,#DIV/0!,#DIV/0!,#DIV/0!,#DIV/0!,0,0,0,0,0,0,0,0,#DIV/0!,0,#DIV/0!,0,0,#DIV/0!,0,0,#DIV/0!,0,#DIV/0!,0,#DIV/0!,#DIV/0!,#DIV/0!,#DIV/0!,#DIV/0!,0.00
Caoss,TKT,1,1,0,2,2,0,45,23,1.96,9,2.35,22,30,67%,6,4938,110,3735,2.13,36.49,#DIV/0!,#DIV/0!,1,1,0,250,101,34,16,2.13,5,2.44,18,25,74%,6,3480,102,41,44.01,10,3,36.49,17.17,5.37,3735,53.67,9.32,1,1,0,6,4,11,7,1.57,4,2.14,4,5,45%,3,1458,133,0,1,1,1,10%,50%,1.10,0.70,0.40,145.80,1.80,10,0,0,0,0,0,0,0,#DIV/0!,0,#DIV/0!,0,0,#DIV/0!,0,0,#DIV/0!,0,#DIV/0!,0,#DIV/0!,#DIV/0!,#DIV/0!,#DIV/0!,#DIV/0!,0.00
Nekra,TKT,1,1,0,2,2,0,45,23,1.96,24,3.00,22,30,67%,5,6263,139,4392,1.78,34.35,#DIV/0!,#DIV/0!,1,1,0,250,101,32,18,1.78,20,2.89,14,22,69%,5,4092,128,78,83.72,9,2,34.35,19.32,21.47,4392,53.67,9.32,1,1,0,6,4,13,5,2.60,4,3.40,8,8,62%,4,2171,167,2,2,3,0,30%,100%,1.30,0.50,0.40,217.10,1.80,10,0,0,0,0,0,0,0,#DIV/0!,0,#DIV/0!,0,0,#DIV/0!,0,0,#DIV/0!,0,#DIV/0!,0,#DIV/0!,#DIV/0!,#DIV/0!,#DIV/0!,#DIV/0!,0.00
Rights,TKT,1,1,0,2,2,0,35,32,1.09,18,1.66,3,23,66%,4,4836,138,4069,1.25,32.20,#DIV/0!,#DIV/0!,1,1,0,250,101,30,24,1.25,12,1.75,6,19,63%,4,3791,126,70,75.13,6,3,32.20,25.76,12.88,4069,57.96,9.32,1,1,0,6,4,5,8,0.63,6,1.38,-3,4,80%,4,1045,209,1,0,0,3,0%,0%,0.50,0.80,0.60,104.50,1.30,10,0,0,0,0,0,0,0,#DIV/0!,0,#DIV/0!,0,0,#DIV/0!,0,0,#DIV/0!,0,#DIV/0!,0,#DIV/0!,#DIV/0!,#DIV/0!,#DIV/0!,#DIV/0!,0.00
Plal,TKT,1,1,0,2,2,0,34,23,1.48,13,2.04,11,23,68%,7,3930,116,3266,1.93,31.13,#DIV/0!,#DIV/0!,1,1,0,250,101,29,15,1.93,10,2.60,14,22,76%,7,3043,105,67,71.91,7,6,31.13,16.10,10.73,3266,47.23,9.32,1,1,0,6,4,5,8,0.63,3,1.00,-3,1,20%,2,887,177,0,0,2,0,20%,100%,0.50,0.80,0.30,88.70,1.30,10,0,0,0,0,0,0,0,#DIV/0!,0,#DIV/0!,0,0,#DIV/0!,0,0,#DIV/0!,0,#DIV/0!,0,#DIV/0!,#DIV/0!,#DIV/0!,#DIV/0!,#DIV/0!,0.00
Cinco,ZXO,1,0,1,4,1,3,99,85,1.16,37,1.60,14,65,66%,7,13617,138,3449,1.10,25.51,99.60,13976,2,0,2,343,500,48,57,0.84,22,1.23,-9,27,56%,4,6798,142,121,56.32,16,6,22.34,26.53,10.24,3164,48.88,21.48,1,0,1,5,6,12,6,2.00,1,2.17,6,8,67%,4,1857,155,2,0,1,2,9%,33%,1.09,0.55,0.09,168.82,1.64,11,1,1,0,4,3,39,22,1.77,14,2.41,17,30,77%,7,4962,127,0,0.00,1,30.91,17.44,11.10,3933,48.35,12.62
CrazieViews,ZXO,1,0,1,4,1,3,81,94,0.86,35,1.23,-13,50,62%,6,11355,140,2931,0.82,20.82,82.78,11581,2,0,2,343,500,47,57,0.82,25,1.26,-10,31,66%,6,6787,144,70,32.58,17,18,21.88,26.53,11.64,3159,48.41,21.48,1,0,1,5,6,10,7,1.43,1,1.57,3,5,50%,5,1360,136,0,0,1,0,9%,100%,0.91,0.64,0.09,123.64,1.55,11,1,1,0,4,3,24,30,0.80,9,1.10,-6,14,58%,3,3208,134,1,0.79,5,19.02,23.78,7.13,2543,42.80,12.62
Driz,ZXO,1,0,1,4,1,3,72,95,0.76,39,1.17,-23,48,67%,5,10778,150,2969,0.78,19.94,68.26,10265,2,0,2,343,500,46,56,0.82,25,1.27,-10,30,65%,4,6752,147,98,45.62,15,10,21.41,26.07,11.64,3143,47.48,21.48,1,0,1,5,6,4,8,0.50,3,0.88,-4,2,50%,2,653,163,2,0,1,2,9%,33%,0.36,0.73,0.27,59.36,1.09,11,1,1,0,4,3,22,31,0.71,11,1.06,-9,16,73%,5,3373,153,0,0.00,3,17.44,24.57,8.72,2673,42.01,12.62
PhorT,ZXO,1,0,1,4,1,3,97,95,1.02,31,1.35,2,70,72%,6,11099,114,2838,1.01,25.51,97.12,11416,2,0,2,343,500,59,60,0.98,19,1.30,-1,41,69%,6,6512,110,89,41.43,14,20,27.46,27.93,8.84,3031,55.39,21.48,1,0,1,5,6,10,9,1.11,4,1.56,1,7,70%,6,1423,142,0,0,3,1,27%,75%,0.91,0.82,0.36,129.36,1.73,11,1,1,0,4,3,28,26,1.08,8,1.38,2,22,79%,3,3164,113,3,2.38,3,22.19,20.61,6.34,2508,42.80,12.62
Groovy,CGM,1,0,1,2,0,2,39,29,1.34,12,1.76,10,23,59%,8,4274,110,3194,1.43,29.29,#DIV/0!,#DIV/0!,1,0,1,234,250,33,23,1.43,11,1.91,10,22,67%,8,3599,109,38,33.73,15,12,29.29,20.41,9.76,3194,49.70,11.27,1,0,1,1,6,6,6,1.00,1,1.17,0,1,17%,1,675,113,3,0,3,1,43%,75%,0.86,0.86,0.14,96.43,1.71,7,0,0,0,0,0,0,0,#DIV/0!,0,#DIV/0!,0,0,#DIV/0!,0,0,#DIV/0!,0,#DIV/0!,0,#DIV/0!,#DIV/0!,#DIV/0!,#DIV/0!,#DIV/0!,0.00
Lando,CGM,1,0,1,2,0,2,31,33,0.94,10,1.24,-2,19,61%,4,3216,104,2123,0.93,22.19,#DIV/0!,#DIV/0!,1,0,1,234,250,25,27,0.93,8,1.22,-2,14,56%,4,2392,96,95,84.32,7,11,22.19,23.96,7.10,2123,46.15,11.27,1,0,1,1,6,6,6,1.00,2,1.33,0,5,83%,3,824,137,0,0,1,0,14%,100%,0.86,0.86,0.29,117.71,1.71,7,0,0,0,0,0,0,0,#DIV/0!,0,#DIV/0!,0,0,#DIV/0!,0,0,#DIV/0!,0,#DIV/0!,0,#DIV/0!,#DIV/0!,#DIV/0!,#DIV/0!,#DIV/0!,0.00
Peach,CGM,1,0,1,2,0,2,24,38,0.63,11,0.92,-14,15,63%,4,3648,152,2743,0.68,18.64,#DIV/0!,#DIV/0!,1,0,1,234,250,21,31,0.68,10,1.00,-10,13,62%,4,3091,147,70,62.13,10,7,18.64,27.51,8.88,2743,46.15,11.27,1,0,1,1,6,3,7,0.43,1,0.57,-4,2,67%,1,557,186,0,0,0,1,0%,0%,0.43,1.00,0.14,79.57,1.43,7,0,0,0,0,0,0,0,#DIV/0!,0,#DIV/0!,0,0,#DIV/0!,0,0,#DIV/0!,0,#DIV/0!,0,#DIV/0!,#DIV/0!,#DIV/0!,#DIV/0!,#DIV/0!,0.00
Versaii,CGM,1,0,1,2,0,2,22,31,0.71,17,1.26,-9,13,59%,3,3835,174,3178,0.84,18.64,#DIV/0!,#DIV/0!,1,0,1,234,250,21,25,0.84,16,1.48,-4,12,57%,3,3581,171,91,80.77,9,9,18.64,22.19,14.20,3178,40.83,11.27,1,0,1,1,6,1,6,0.17,1,0.33,-5,1,100%,1,254,254,0,0,0,1,0%,0%,0.14,0.86,0.14,36.29,1.00,7,0,0,0,0,0,0,0,#DIV/0!,0,#DIV/0!,0,0,#DIV/0!,0,0,#DIV/0!,0,#DIV/0!,0,#DIV/0!,#DIV/0!,#DIV/0!,#DIV/0!,#DIV/0!,0.00
H8ME,BCE,1,0,1,2,0,2,31,34,0.91,14,1.32,-3,20,65%,3,4135,133,3653,0.92,27.43,#DIV/0!,#DIV/0!,1,0,1,115,250,24,26,0.92,11,1.35,-2,16,67%,2,3196,133,49,56.00,10,13,27.43,29.71,12.57,3653,57.14,8.75,1,0,1,3,6,7,8,0.88,3,1.25,-1,4,57%,3,939,134,1,0,1,1,11%,50%,0.78,0.89,0.33,104.33,1.67,9,0,0,0,0,0,0,0,#DIV/0!,0,#DIV/0!,0,0,#DIV/0!,0,0,#DIV/0!,0,#DIV/0!,0,#DIV/0!,#DIV/0!,#DIV/0!,#DIV/0!,#DIV/0!,0.00
Reddy,BCE,1,0,1,2,0,2,24,31,0.77,11,1.13,-7,13,54%,4,3233,135,2797,0.75,20.57,#DIV/0!,#DIV/0!,1,0,1,115,250,18,24,0.75,7,1.04,-6,10,56%,4,2447,136,17,19.43,5,3,20.57,27.43,8.00,2797,48.00,8.75,1,0,1,3,6,6,7,0.86,4,1.43,-1,3,50%,2,786,131,0,0,2,1,22%,67%,0.67,0.78,0.44,87.33,1.44,9,0,0,0,0,0,0,0,#DIV/0!,0,#DIV/0!,0,0,#DIV/0!,0,0,#DIV/0!,0,#DIV/0!,0,#DIV/0!,#DIV/0!,#DIV/0!,#DIV/0!,#DIV/0!,0.00
Sad,BCE,1,0,1,2,0,2,19,34,0.56,14,0.97,-15,12,63%,3,3342,176,2659,0.59,18.29,#DIV/0!,#DIV/0!,1,0,1,115,250,16,27,0.59,11,1.00,-11,10,63%,3,2327,145,32,36.57,6,0,18.29,30.86,12.57,2659,49.14,8.75,1,0,1,3,6,3,7,0.43,3,0.86,-4,2,67%,2,1015,338,0,0,0,2,0%,0%,0.33,0.78,0.33,112.78,1.11,9,0,0,0,0,0,0,0,#DIV/0!,0,#DIV/0!,0,0,#DIV/0!,0,0,#DIV/0!,0,#DIV/0!,0,#DIV/0!,#DIV/0!,#DIV/0!,#DIV/0!,#DIV/0!,0.00
Vizmah,BCE,1,0,1,2,0,2,26,31,0.84,9,1.13,-5,14,54%,5,2977,115,2373,0.72,20.57,#DIV/0!,#DIV/0!,1,0,1,115,250,18,25,0.72,7,1.00,-7,10,56%,5,2076,115,29,33.14,6,6,20.57,28.57,8.00,2373,49.14,8.75,1,0,1,3,6,8,6,1.33,2,1.67,2,4,50%,3,901,113,0,0,2,0,22%,100%,0.89,0.67,0.22,100.11,1.56,9,0,0,0,0,0,0,0,#DIV/0!,0,#DIV/0!,0,0,#DIV/0!,0,0,#DIV/0!,0,#DIV/0!,0,#DIV/0!,#DIV/0!,#DIV/0!,#DIV/0!,#DIV/0!,0.00
Bang,BOM,2,1,1,6,3,3,104,120,0.87,38,1.18,-16,62,60%,7,12771,123,2818,0.86,23.35,88.85,11131,3,2,1,652,723,74,88,0.84,28,1.16,-14,43,58%,7,8882,120,181,55.21,21,49,22.57,26.84,8.54,2709,49.42,32.78,2,1,1,6,7,10,11,0.91,7,1.55,-1,7,70%,6,1427,143,1,0,2,4,15%,33%,0.77,0.85,0.54,109.77,1.62,13,1,0,1,4,8,20,21,0.95,3,1.10,-1,12,60%,4,2462,123,0,0.00,1,26.79,28.13,4.02,3297,54.91,7.47
Droxy,BOM,2,1,1,6,3,3,97,117,0.83,31,1.09,-20,57,59%,4,13152,136,2956,0.80,21.37,84.94,11448,3,2,1,652,723,67,86,0.78,26,1.08,-19,39,58%,3,9063,135,168,51.25,14,12,20.44,26.23,7.93,2765,46.67,32.78,2,1,1,6,7,11,10,1.10,1,1.20,1,7,64%,3,1253,114,2,0,1,2,8%,33%,0.85,0.77,0.08,96.38,1.62,13,1,0,1,4,8,19,21,0.90,4,1.10,-2,11,58%,4,2836,149,0,0.00,3,25.45,28.13,5.36,3798,53.57,7.47
Mitch,BOM,2,1,1,6,3,3,118,94,1.26,32,1.60,24,80,68%,7,14020,119,3119,1.26,26.58,95.56,11530,3,2,1,652,723,91,70,1.30,23,1.63,21,61,67%,5,10649,117,264,80.53,22,26,27.76,21.35,7.02,3248,49.11,32.78,2,1,1,6,7,11,9,1.22,5,1.78,2,6,55%,7,1468,133,0,2,0,1,0%,0%,0.85,0.69,0.38,112.92,1.54,13,1,0,1,4,8,16,15,1.07,4,1.33,1,13,81%,3,1903,119,3,4.02,2,21.43,20.09,5.36,2549,41.52,7.47
Sky,BOM,2,1,1,6,3,3,97,108,0.90,34,1.21,-11,58,60%,6,12599,130,2871,0.91,22.11,74.40,10069,3,2,1,652,723,80,80,1.00,24,1.30,0,47,59%,6,9836,123,199,60.70,22,21,24.40,24.40,7.32,3000,48.81,32.78,2,1,1,6,7,8,10,0.80,3,1.10,-2,5,63%,3,1042,130,1,0,1,2,8%,33%,0.62,0.77,0.23,80.15,1.38,13,1,0,1,4,8,9,18,0.50,7,0.89,-9,6,67%,2,1721,191,1,1.34,3,12.05,24.11,9.38,2305,36.16,7.47
Buddha,OSC,2,2,0,4,4,0,81,56,1.45,34,2.05,25,57,70%,5,9438,117,3360,1.41,28.59,#DIV/0!,#DIV/0!,2,2,0,500,391,62,44,1.41,28,2.05,18,45,73%,5,7285,118,120,55.34,18,34,28.59,20.29,12.91,3360,48.89,21.68,2,2,0,12,7,19,12,1.58,6,2.08,7,12,63%,4,2153,113,0,0,7,2,37%,78%,1.00,0.63,0.32,113.32,1.63,19,0,0,0,0,0,0,0,#DIV/0!,0,#DIV/0!,0,0,#DIV/0!,0,0,#DIV/0!,0,#DIV/0!,0,#DIV/0!,#DIV/0!,#DIV/0!,#DIV/0!,#DIV/0!,0.00
JFRGVN,OSC,2,2,0,4,4,0,64,64,1.00,33,1.52,0,39,61%,5,8659,135,3288,1.14,25.83,#DIV/0!,#DIV/0!,2,2,0,500,391,56,49,1.14,30,1.76,7,36,64%,5,7129,127,168,77.48,20,33,25.83,22.60,13.84,3288,48.42,21.68,2,2,0,12,7,8,15,0.53,3,0.73,-7,3,38%,2,1530,191,1,0,0,4,0%,0%,0.42,0.79,0.16,80.53,1.21,19,0,0,0,0,0,0,0,#DIV/0!,0,#DIV/0!,0,0,#DIV/0!,0,0,#DIV/0!,0,#DIV/0!,0,#DIV/0!,#DIV/0!,#DIV/0!,#DIV/0!,#DIV/0!,0.00
Rizy,OSC,2,2,0,4,4,0,73,65,1.12,32,1.62,8,49,67%,6,8625,118,3145,1.20,28.13,#DIV/0!,#DIV/0!,2,2,0,500,391,61,51,1.20,25,1.69,10,41,67%,6,6820,112,225,103.77,25,22,28.13,23.52,11.53,3145,51.65,21.68,2,2,0,12,7,12,14,0.86,7,1.36,-2,8,67%,4,1805,150,2,0,0,2,0%,0%,0.63,0.74,0.37,95.00,1.37,19,0,0,0,0,0,0,0,#DIV/0!,0,#DIV/0!,0,0,#DIV/0!,0,0,#DIV/0!,0,#DIV/0!,0,#DIV/0!,#DIV/0!,#DIV/0!,#DIV/0!,#DIV/0!,0.00
Swan,OSC,2,2,0,4,4,0,73,66,1.11,29,1.55,7,58,79%,6,10317,141,3389,1.06,25.37,#DIV/0!,#DIV/0!,2,2,0,500,391,55,52,1.06,26,1.56,3,46,84%,4,7348,134,99,45.66,19,17,25.37,23.98,11.99,3389,49.35,21.68,2,2,0,12,7,18,14,1.29,3,1.50,4,12,67%,6,2969,165,1,0,2,1,11%,67%,0.95,0.74,0.16,156.26,1.68,19,0,0,0,0,0,0,0,#DIV/0!,0,#DIV/0!,0,0,#DIV/0!,0,0,#DIV/0!,0,#DIV/0!,0,#DIV/0!,#DIV/0!,#DIV/0!,#DIV/0!,#DIV/0!,0.00
Bobbyosnobby,OUT,1,0,1,2,0,2,22,27,0.81,8,1.11,-5,10,45%,3,2762,126,2785,0.95,22.94,#DIV/0!,#DIV/0!,1,0,1,114,250,20,21,0.95,8,1.33,-1,10,50%,3,2428,121,41,47.04,9,20,22.94,24.09,9.18,2785,47.04,8.72,1,0,1,0,6,2,6,0.33,0,0.33,-4,0,0%,1,334,167,0,0,0,1,0%,0%,0.33,1.00,0.00,55.67,1.33,6,0,0,0,0,0,0,0,#DIV/0!,0,#DIV/0!,0,0,#DIV/0!,0,0,#DIV/0!,0,#DIV/0!,0,#DIV/0!,#DIV/0!,#DIV/0!,#DIV/0!,#DIV/0!,0.00
EdzonsLuv,OUT,1,0,1,2,0,2,14,33,0.42,7,0.64,-19,6,43%,2,1767,126,1607,0.41,12.62,#DIV/0!,#DIV/0!,1,0,1,114,250,11,27,0.41,7,0.67,-16,4,36%,2,1401,127,44,50.48,2,10,12.62,30.98,8.03,1607,43.59,8.72,1,0,1,0,6,3,6,0.50,0,0.50,-3,2,67%,2,366,122,0,0,1,0,17%,100%,0.50,1.00,0.00,61.00,1.50,6,0,0,0,0,0,0,0,#DIV/0!,0,#DIV/0!,0,0,#DIV/0!,0,0,#DIV/0!,0,#DIV/0!,0,#DIV/0!,#DIV/0!,#DIV/0!,#DIV/0!,#DIV/0!,0.00
Solar,OUT,1,0,1,2,0,2,23,31,0.74,10,1.06,-8,16,70%,3,3375,147,3374,0.84,24.09,#DIV/0!,#DIV/0!,1,0,1,114,250,21,25,0.84,10,1.24,-4,15,71%,3,2941,140,42,48.18,7,9,24.09,28.68,11.47,3374,52.77,8.72,1,0,1,0,6,2,6,0.33,0,0.33,-4,1,50%,1,434,217,0,0,0,2,0%,0%,0.33,1.00,0.00,72.33,1.33,6,0,0,0,0,0,0,0,#DIV/0!,0,#DIV/0!,0,0,#DIV/0!,0,0,#DIV/0!,0,#DIV/0!,0,#DIV/0!,#DIV/0!,#DIV/0!,#DIV/0!,#DIV/0!,0.00
Tuckd,OUT,1,0,1,2,0,2,21,27,0.78,12,1.22,-6,17,81%,4,3437,164,3087,0.86,20.65,#DIV/0!,#DIV/0!,1,0,1,114,250,18,21,0.86,11,1.38,-3,14,78%,4,2691,150,36,41.30,9,12,20.65,24.09,12.62,3087,44.74,8.72,1,0,1,0,6,3,6,0.50,1,0.67,-3,3,100%,2,746,249,0,0,0,1,0%,0%,0.50,1.00,0.17,124.33,1.50,6,0,0,0,0,0,0,0,#DIV/0!,0,#DIV/0!,0,0,#DIV/0!,0,0,#DIV/0!,0,#DIV/0!,0,#DIV/0!,#DIV/0!,#DIV/0!,#DIV/0!,#DIV/0!,0.00
Jace,SWE,1,0,1,2,0,2,8,7,1.14,0,1.14,1,7,88%,5,1090,136,#DIV/0!,#DIV/0!,#DIV/0!,#DIV/0!,#DIV/0!,1,0,1,26,250,0,0,#DIV/0!,0,#DIV/0!,0,0,#DIV/0!,0,0,#DIV/0!,0,#DIV/0!,0,0,#DIV/0!,#DIV/0!,#DIV/0!,#DIV/0!,#DIV/0!,0.00,1,0,1,2,6,8,7,1.14,0,1.14,1,7,88%,5,1090,136,0,0,3,1,38%,75%,1.00,0.88,0.00,136.25,1.88,8,0,0,0,0,0,0,0,#DIV/0!,0,#DIV/0!,0,0,#DIV/0!,0,0,#DIV/0!,0,#DIV/0!,0,#DIV/0!,#DIV/0!,#DIV/0!,#DIV/0!,#DIV/0!,0.00
Numbers,SWE,1,0,1,2,0,2,2,7,0.29,0,0.29,-5,2,100%,2,264,132,#DIV/0!,#DIV/0!,#DIV/0!,#DIV/0!,#DIV/0!,1,0,1,26,250,0,0,#DIV/0!,0,#DIV/0!,0,0,#DIV/0!,0,0,#DIV/0!,0,#DIV/0!,0,0,#DIV/0!,#DIV/0!,#DIV/0!,#DIV/0!,#DIV/0!,0.00,1,0,1,2,6,2,7,0.29,0,0.29,-5,2,100%,2,264,132,1,0,0,1,0%,0%,0.25,0.88,0.00,33.00,1.13,8,0,0,0,0,0,0,0,#DIV/0!,0,#DIV/0!,0,0,#DIV/0!,0,0,#DIV/0!,0,#DIV/0!,0,#DIV/0!,#DIV/0!,#DIV/0!,#DIV/0!,#DIV/0!,0.00
Sas,SWE,1,0,1,2,0,2,0,7,0.00,1,0.14,-7,0,#DIV/0!,0,132,#DIV/0!,#DIV/0!,#DIV/0!,#DIV/0!,#DIV/0!,#DIV/0!,1,0,1,26,250,0,0,#DIV/0!,0,#DIV/0!,0,0,#DIV/0!,0,0,#DIV/0!,0,#DIV/0!,0,0,#DIV/0!,#DIV/0!,#DIV/0!,#DIV/0!,#DIV/0!,0.00,1,0,1,2,6,0,7,0.00,1,0.14,-7,0,#DIV/0!,0,132,#DIV/0!,0,0,0,3,0%,0%,0.00,0.88,0.13,16.50,0.88,8,0,0,0,0,0,0,0,#DIV/0!,0,#DIV/0!,0,0,#DIV/0!,0,0,#DIV/0!,0,#DIV/0!,0,#DIV/0!,#DIV/0!,#DIV/0!,#DIV/0!,#DIV/0!,0.00
Sweggy,SWE,1,0,1,2,0,2,3,6,0.50,0,0.50,-3,1,33%,2,762,254,#DIV/0!,#DIV/0!,#DIV/0!,#DIV/0!,#DIV/0!,1,0,1,26,250,0,0,#DIV/0!,0,#DIV/0!,0,0,#DIV/0!,0,0,#DIV/0!,0,#DIV/0!,0,0,#DIV/0!,#DIV/0!,#DIV/0!,#DIV/0!,#DIV/0!,0.00,1,0,1,2,6,3,6,0.50,0,0.50,-3,1,33%,2,762,254,0,1,0,0,0%,#DIV/0!,0.38,0.75,0.00,95.25,1.13,8,0,0,0,0,0,0,0,#DIV/0!,0,#DIV/0!,0,0,#DIV/0!,0,0,#DIV/0!,0,#DIV/0!,0,#DIV/0!,#DIV/0!,#DIV/0!,#DIV/0!,#DIV/0!,0.00
Kio,GGE,1,1,0,2,2,0,10,2,5.00,1,5.50,8,7,70%,7,1096,110,#DIV/0!,#DIV/0!,#DIV/0!,#DIV/0!,#DIV/0!,1,1,0,250,26,0,0,#DIV/0!,0,#DIV/0!,0,0,#DIV/0!,0,0,#DIV/0!,0,#DIV/0!,0,0,#DIV/0!,#DIV/0!,#DIV/0!,#DIV/0!,#DIV/0!,0.00,1,1,0,6,2,10,2,5.00,1,5.50,8,7,70%,7,1096,110,3,0,3,0,38%,100%,1.25,0.25,0.13,137.00,1.50,8,0,0,0,0,0,0,0,#DIV/0!,0,#DIV/0!,0,0,#DIV/0!,0,0,#DIV/0!,0,#DIV/0!,0,#DIV/0!,#DIV/0!,#DIV/0!,#DIV/0!,#DIV/0!,0.00
Malice,GGE,1,1,0,2,2,0,6,5,1.20,0,1.20,1,6,100%,2,553,92,#DIV/0!,#DIV/0!,#DIV/0!,#DIV/0!,#DIV/0!,1,1,0,250,26,0,0,#DIV/0!,0,#DIV/0!,0,0,#DIV/0!,0,0,#DIV/0!,0,#DIV/0!,0,0,#DIV/0!,#DIV/0!,#DIV/0!,#DIV/0!,#DIV/0!,0.00,1,1,0,6,2,6,5,1.20,0,1.20,1,6,100%,2,553,92,0,0,1,2,13%,33%,0.75,0.63,0.00,69.13,1.38,8,0,0,0,0,0,0,0,#DIV/0!,0,#DIV/0!,0,0,#DIV/0!,0,0,#DIV/0!,0,#DIV/0!,0,#DIV/0!,#DIV/0!,#DIV/0!,#DIV/0!,#DIV/0!,0.00
NK,GGE,1,1,0,2,2,0,3,3,1.00,0,1.00,0,2,67%,1,392,131,#DIV/0!,#DIV/0!,#DIV/0!,#DIV/0!,#DIV/0!,1,1,0,250,26,0,0,#DIV/0!,0,#DIV/0!,0,0,#DIV/0!,0,0,#DIV/0!,0,#DIV/0!,0,0,#DIV/0!,#DIV/0!,#DIV/0!,#DIV/0!,#DIV/0!,0.00,1,1,0,6,2,3,3,1.00,0,1.00,0,2,67%,1,392,131,1,0,0,0,0%,#DIV/0!,0.38,0.38,0.00,49.00,0.75,8,0,0,0,0,0,0,0,#DIV/0!,0,#DIV/0!,0,0,#DIV/0!,0,0,#DIV/0!,0,#DIV/0!,0,#DIV/0!,#DIV/0!,#DIV/0!,#DIV/0!,#DIV/0!,0.00
TBEBrooks,GGE,1,1,0,2,2,0,8,4,2.00,2,2.50,4,5,63%,5,1153,144,#DIV/0!,#DIV/0!,#DIV/0!,#DIV/0!,#DIV/0!,1,1,0,250,26,0,0,#DIV/0!,0,#DIV/0!,0,0,#DIV/0!,0,0,#DIV/0!,0,#DIV/0!,0,0,#DIV/0!,#DIV/0!,#DIV/0!,#DIV/0!,#DIV/0!,0.00,1,1,0,6,2,8,4,2.00,2,2.50,4,5,63%,5,1153,144,0,0,1,1,13%,50%,1.00,0.50,0.25,144.13,1.50,8,0,0,0,0,0,0,0,#DIV/0!,0,#DIV/0!,0,0,#DIV/0!,0,0,#DIV/0!,0,#DIV/0!,0,#DIV/0!,#DIV/0!,#DIV/0!,#DIV/0!,#DIV/0!,0.00
DevonIsFrosty,BSK,2,1,1,4,2,2,55,65,0.85,25,1.23,-10,42,76%,4,7269,132,2942,0.89,22.17,#DIV/0!,#DIV/0!,2,1,1,394,495,47,53,0.89,20,1.26,-6,37,79%,4,6238,133,146,68.87,17,22,22.17,25.00,9.43,2942,47.17,21.20,2,1,1,9,6,8,12,0.67,5,1.08,-4,5,63%,4,1031,129,0,0,4,3,27%,57%,0.53,0.80,0.33,68.73,1.33,15,0,0,0,0,0,0,0,#DIV/0!,0,#DIV/0!,0,0,#DIV/0!,0,0,#DIV/0!,0,#DIV/0!,0,#DIV/0!,#DIV/0!,#DIV/0!,#DIV/0!,#DIV/0!,0.00
Hyper,BSK,2,1,1,4,2,2,59,62,0.95,16,1.21,-3,37,63%,4,7793,132,3175,0.96,23.11,#DIV/0!,#DIV/0!,2,1,1,394,495,49,51,0.96,14,1.24,-2,30,61%,4,6732,137,113,53.30,20,15,23.11,24.06,6.60,3175,47.17,21.20,2,1,1,9,6,10,11,0.91,2,1.09,-1,7,70%,2,1061,106,0,0,4,1,27%,80%,0.67,0.73,0.13,70.73,1.40,15,0,0,0,0,0,0,0,#DIV/0!,0,#DIV/0!,0,0,#DIV/0!,0,0,#DIV/0!,0,#DIV/0!,0,#DIV/0!,#DIV/0!,#DIV/0!,#DIV/0!,#DIV/0!,0.00
KT,BSK,2,1,1,4,2,2,55,62,0.89,28,1.34,-7,32,58%,7,7382,134,2430,0.75,19.34,#DIV/0!,#DIV/0!,2,1,1,394,495,41,55,0.75,18,1.07,-14,24,59%,5,5151,126,67,31.60,12,6,19.34,25.94,8.49,2430,45.28,21.20,2,1,1,9,6,14,7,2.00,10,3.43,7,8,57%,7,2231,159,2,1,2,1,13%,67%,0.93,0.47,0.67,148.73,1.40,15,0,0,0,0,0,0,0,#DIV/0!,0,#DIV/0!,0,0,#DIV/0!,0,0,#DIV/0!,0,#DIV/0!,0,#DIV/0!,#DIV/0!,#DIV/0!,#DIV/0!,#DIV/0!,0.00
Quit,BSK,2,1,1,4,2,2,65,53,1.23,31,1.81,12,45,69%,10,8656,133,2958,0.91,20.28,#DIV/0!,#DIV/0!,2,1,1,394,495,43,47,0.91,29,1.53,-4,31,72%,3,6272,146,121,57.08,17,19,20.28,22.17,13.68,2958,42.45,21.20,2,1,1,9,6,22,6,3.67,2,4.00,16,14,64%,10,2384,108,0,1,1,0,7%,100%,1.47,0.40,0.13,158.93,1.87,15,0,0,0,0,0,0,0,#DIV/0!,0,#DIV/0!,0,0,#DIV/0!,0,0,#DIV/0!,0,#DIV/0!,0,#DIV/0!,#DIV/0!,#DIV/0!,#DIV/0!,#DIV/0!,0.00
Ajax,DIV,3,2,1,6,4,2,113,104,1.09,36,1.43,9,73,65%,7,13409,119,3292,1.06,27.86,#DIV/0!,#DIV/0!,3,2,1,745,593,92,87,1.06,35,1.46,5,60,65%,4,10869,118,235,71.18,34,34,27.86,26.35,10.60,3292,54.22,33.02,3,2,1,12,13,21,17,1.24,1,1.29,4,13,62%,7,2540,121,2,0,2,4,8%,33%,0.84,0.68,0.04,101.60,1.52,25,0,0,0,0,0,0,0,#DIV/0!,0,#DIV/0!,0,0,#DIV/0!,0,0,#DIV/0!,0,#DIV/0!,0,#DIV/0!,#DIV/0!,#DIV/0!,#DIV/0!,#DIV/0!,0.00
Evoqe,DIV,3,2,1,6,4,2,76,98,0.78,44,1.22,-22,50,66%,4,11423,150,2915,0.83,21.20,#DIV/0!,#DIV/0!,3,2,1,745,593,70,84,0.83,38,1.29,-14,47,67%,4,9624,137,189,57.24,19,14,21.20,25.44,11.51,2915,46.64,33.02,3,2,1,12,13,6,14,0.43,6,0.86,-8,3,50%,3,1799,300,1,2,0,2,0%,0%,0.24,0.56,0.24,71.96,0.80,25,0,0,0,0,0,0,0,#DIV/0!,0,#DIV/0!,0,0,#DIV/0!,0,0,#DIV/0!,0,#DIV/0!,0,#DIV/0!,#DIV/0!,#DIV/0!,#DIV/0!,#DIV/0!,0.00
Jake,DIV,3,2,1,6,4,2,126,100,1.26,34,1.60,26,81,64%,6,14599,116,3461,1.20,30.29,#DIV/0!,#DIV/0!,3,2,1,745,593,100,83,1.20,30,1.57,17,65,65%,5,11428,114,132,39.98,25,15,30.29,25.14,9.09,3461,55.43,33.02,3,2,1,12,13,26,17,1.53,4,1.76,9,16,62%,6,3171,122,1,0,4,6,16%,40%,1.04,0.68,0.16,126.84,1.72,25,0,0,0,0,0,0,0,#DIV/0!,0,#DIV/0!,0,0,#DIV/0!,0,0,#DIV/0!,0,#DIV/0!,0,#DIV/0!,#DIV/0!,#DIV/0!,#DIV/0!,#DIV/0!,0.00
NSanity,DIV,3,2,1,6,4,2,99,91,1.09,42,1.55,8,72,73%,5,13964,141,3245,1.15,25.14,#DIV/0!,#DIV/0!,3,2,1,745,593,83,72,1.15,35,1.64,11,60,72%,5,10713,129,260,78.75,30,35,25.14,21.81,10.60,3245,46.95,33.02,3,2,1,12,13,16,19,0.84,7,1.21,-3,12,75%,3,3251,203,3,0,4,3,16%,57%,0.64,0.76,0.28,130.04,1.40,25,0,0,0,0,0,0,0,#DIV/0!,0,#DIV/0!,0,0,#DIV/0!,0,0,#DIV/0!,0,#DIV/0!,0,#DIV/0!,#DIV/0!,#DIV/0!,#DIV/0!,#DIV/0!,0.00
BG,TNA,1,1,0,2,2,0,37,21,1.76,11,2.29,16,30,81%,8,4093,111,3491,2.31,38.63,#DIV/0!,#DIV/0!,1,1,0,250,105,30,13,2.31,7,2.85,17,25,83%,8,2711,90,105,135.19,10,6,38.63,16.74,9.01,3491,55.36,7.77,1,1,0,6,5,7,8,0.88,4,1.38,-1,5,71%,3,1382,197,0,0,2,3,18%,40%,0.64,0.73,0.36,125.64,1.36,11,0,0,0,0,0,0,0,#DIV/0!,0,#DIV/0!,0,0,#DIV/0!,0,0,#DIV/0!,0,#DIV/0!,0,#DIV/0!,#DIV/0!,#DIV/0!,#DIV/0!,#DIV/0!,0.00
Butzy,TNA,1,1,0,2,2,0,32,20,1.60,9,2.05,12,22,69%,7,3687,115,3474,2.00,33.48,#DIV/0!,#DIV/0!,1,1,0,250,105,26,13,2.00,7,2.54,13,19,73%,7,2698,104,30,38.63,3,6,33.48,16.74,9.01,3474,50.21,7.77,1,1,0,6,5,6,7,0.86,2,1.14,-1,3,50%,2,989,165,2,0,1,1,9%,50%,0.55,0.64,0.18,89.91,1.18,11,0,0,0,0,0,0,0,#DIV/0!,0,#DIV/0!,0,0,#DIV/0!,0,0,#DIV/0!,0,#DIV/0!,0,#DIV/0!,#DIV/0!,#DIV/0!,#DIV/0!,#DIV/0!,0.00
Sosa,TNA,1,1,0,2,2,0,26,18,1.44,22,2.67,8,21,81%,7,4015,154,3216,1.45,20.60,#DIV/0!,#DIV/0!,1,1,0,250,105,16,11,1.45,16,2.91,5,15,94%,7,2498,156,131,168.67,7,3,20.60,14.16,20.60,3216,34.76,7.77,1,1,0,6,5,10,7,1.43,6,2.29,3,6,60%,4,1517,152,1,0,1,0,9%,100%,0.91,0.64,0.55,137.91,1.55,11,0,0,0,0,0,0,0,#DIV/0!,0,#DIV/0!,0,0,#DIV/0!,0,0,#DIV/0!,0,#DIV/0!,0,#DIV/0!,#DIV/0!,#DIV/0!,#DIV/0!,#DIV/0!,0.00
Toggle,TNA,1,1,0,2,2,0,31,23,1.35,11,1.83,8,18,58%,5,3626,117,3131,1.57,28.33,#DIV/0!,#DIV/0!,1,1,0,250,105,22,14,1.57,9,2.21,8,14,64%,5,2432,111,64,82.40,7,4,28.33,18.03,11.59,3131,46.35,7.77,1,1,0,6,5,9,9,1.00,2,1.22,0,4,44%,2,1194,133,1,0,2,2,18%,50%,0.82,0.82,0.18,108.55,1.64,11,0,0,0,0,0,0,0,#DIV/0!,0,#DIV/0!,0,0,#DIV/0!,0,0,#DIV/0!,0,#DIV/0!,0,#DIV/0!,#DIV/0!,#DIV/0!,#DIV/0!,#DIV/0!,0.00
Jonzy,REI,1,0,1,2,0,2,19,34,0.56,10,0.85,-15,15,79%,4,3587,189,2955,0.48,15.45,#DIV/0!,#DIV/0!,1,0,1,105,250,12,25,0.48,7,0.76,-13,10,83%,3,2295,191,3,3.86,4,2,15.45,32.19,9.01,2955,47.64,7.77,1,0,1,5,6,7,9,0.78,3,1.11,-2,5,71%,4,1292,185,1,0,0,1,0%,0%,0.64,0.82,0.27,117.45,1.45,11,0,0,0,0,0,0,0,#DIV/0!,0,#DIV/0!,0,0,#DIV/0!,0,0,#DIV/0!,0,#DIV/0!,0,#DIV/0!,#DIV/0!,#DIV/0!,#DIV/0!,#DIV/0!,0.00
Shanks,REI,1,0,1,2,0,2,18,32,0.56,5,0.72,-14,10,56%,2,2524,140,2394,0.44,14.16,#DIV/0!,#DIV/0!,1,0,1,105,250,11,25,0.44,5,0.64,-14,6,55%,2,1859,169,50,64.38,6,6,14.16,32.19,6.44,2394,46.35,7.77,1,0,1,5,6,7,7,1.00,0,1.00,0,4,57%,2,665,95,0,1,1,1,9%,50%,0.64,0.64,0.00,60.45,1.27,11,0,0,0,0,0,0,0,#DIV/0!,0,#DIV/0!,0,0,#DIV/0!,0,0,#DIV/0!,0,#DIV/0!,0,#DIV/0!,#DIV/0!,#DIV/0!,#DIV/0!,#DIV/0!,0.00
Sullivan,REI,1,0,1,2,0,2,24,29,0.83,10,1.17,-5,15,63%,4,3532,147,2412,0.71,19.31,#DIV/0!,#DIV/0!,1,0,1,105,250,15,21,0.71,5,0.95,-6,10,67%,3,1873,125,63,81.12,5,4,19.31,27.04,6.44,2412,46.35,7.77,1,0,1,5,6,9,8,1.13,5,1.75,1,5,56%,4,1659,184,0,0,2,0,18%,100%,0.82,0.73,0.45,150.82,1.55,11,0,0,0,0,0,0,0,#DIV/0!,0,#DIV/0!,0,0,#DIV/0!,0,0,#DIV/0!,0,#DIV/0!,0,#DIV/0!,#DIV/0!,#DIV/0!,#DIV/0!,#DIV/0!,0.00
Tucker,REI,1,0,1,2,0,2,21,33,0.64,5,0.79,-12,11,52%,3,2396,114,1956,0.57,16.74,#DIV/0!,#DIV/0!,1,0,1,105,250,13,23,0.57,4,0.74,-10,7,54%,2,1519,117,28,36.05,1,7,16.74,29.61,5.15,1956,46.35,7.77,1,0,1,5,6,8,10,0.80,1,0.90,-2,4,50%,3,877,110,1,0,2,3,18%,40%,0.73,0.91,0.09,79.73,1.64,11,0,0,0,0,0,0,0,#DIV/0!,0,#DIV/0!,0,0,#DIV/0!,0,0,#DIV/0!,0,#DIV/0!,0,#DIV/0!,#DIV/0!,#DIV/0!,#DIV/0!,#DIV/0!,0.00
Duncan,BAL,1,0,1,2,0,2,30,30,1.00,16,1.53,0,15,50%,4,3692,123,3493,1.00,26.85,#DIV/0!,#DIV/0!,1,0,1,121,250,23,23,1.00,14,1.61,0,11,48%,4,2992,130,24,28.02,10,5,26.85,26.85,16.34,3493,53.70,8.57,1,0,1,4,6,7,7,1.00,2,1.29,0,4,57%,2,700,100,1,0,1,1,10%,50%,0.70,0.70,0.20,70.00,1.40,10,0,0,0,0,0,0,0,#DIV/0!,0,#DIV/0!,0,0,#DIV/0!,0,0,#DIV/0!,0,#DIV/0!,0,#DIV/0!,#DIV/0!,#DIV/0!,#DIV/0!,#DIV/0!,0.00
Maki,BAL,1,0,1,2,0,2,32,36,0.89,14,1.28,-4,21,66%,2,4260,133,3922,0.79,26.85,#DIV/0!,#DIV/0!,1,0,1,121,250,23,29,0.79,11,1.17,-6,15,65%,2,3360,146,31,36.19,11,2,26.85,33.85,12.84,3922,60.70,8.57,1,0,1,4,6,9,7,1.29,3,1.71,2,6,67%,2,900,100,0,0,1,1,10%,50%,0.90,0.70,0.30,90.00,1.60,10,0,0,0,0,0,0,0,#DIV/0!,0,#DIV/0!,0,0,#DIV/0!,0,0,#DIV/0!,0,#DIV/0!,0,#DIV/0!,#DIV/0!,#DIV/0!,#DIV/0!,#DIV/0!,0.00
Ridez,BAL,1,0,1,2,0,2,34,34,1.00,8,1.24,0,21,62%,8,3469,102,3349,1.08,32.68,#DIV/0!,#DIV/0!,1,0,1,121,250,28,26,1.08,7,1.35,2,18,64%,8,2869,102,66,77.04,17,5,32.68,30.35,8.17,3349,63.04,8.57,1,0,1,4,6,6,8,0.75,1,0.88,-2,3,50%,2,600,100,0,0,1,2,10%,33%,0.60,0.80,0.10,60.00,1.40,10,0,0,0,0,0,0,0,#DIV/0!,0,#DIV/0!,0,0,#DIV/0!,0,0,#DIV/0!,0,#DIV/0!,0,#DIV/0!,#DIV/0!,#DIV/0!,#DIV/0!,#DIV/0!,0.00
Yasha,BAL,1,0,1,2,0,2,30,36,0.83,14,1.22,-6,13,43%,3,3998,133,3850,0.85,26.85,#DIV/0!,#DIV/0!,1,0,1,121,250,23,27,0.85,12,1.30,-4,9,39%,3,3298,143,23,26.85,5,10,26.85,31.52,14.01,3850,58.37,8.57,1,0,1,4,6,7,9,0.78,2,1.00,-2,4,57%,2,700,100,0,0,1,2,10%,33%,0.70,0.90,0.20,70.00,1.60,10,0,0,0,0,0,0,0,#DIV/0!,0,#DIV/0!,0,0,#DIV/0!,0,0,#DIV/0!,0,#DIV/0!,0,#DIV/0!,#DIV/0!,#DIV/0!,#DIV/0!,#DIV/0!,0.00
DONKEY,EXS,1,1,0,2,2,0,35,16,2.19,6,2.56,19,27,77%,9,4410,126,4149,3.00,39.71,#DIV/0!,#DIV/0!,1,1,0,250,22,27,9,3.00,5,3.56,18,21,78%,9,2821,104,93,136.76,9,1,39.71,13.24,7.35,4149,52.94,6.80,1,1,0,6,5,8,7,1.14,1,1.29,1,6,75%,3,1589,199,3,0,1,0,9%,100%,0.73,0.64,0.09,144.45,1.36,11,0,0,0,0,0,0,0,#DIV/0!,0,#DIV/0!,0,0,#DIV/0!,0,0,#DIV/0!,0,#DIV/0!,0,#DIV/0!,#DIV/0!,#DIV/0!,#DIV/0!,#DIV/0!,0.00
Ravox,EXS,1,1,0,2,2,0,31,24,1.29,12,1.79,7,19,61%,4,3905,126,3862,1.31,30.88,#DIV/0!,#DIV/0!,1,1,0,250,22,21,16,1.31,10,1.94,5,12,57%,4,2626,125,68,100.00,8,6,30.88,23.53,14.71,3862,54.41,6.80,1,1,0,6,5,10,8,1.25,2,1.50,2,7,70%,3,1279,128,0,0,3,1,27%,75%,0.91,0.73,0.18,116.27,1.64,11,0,0,0,0,0,0,0,#DIV/0!,0,#DIV/0!,0,0,#DIV/0!,0,0,#DIV/0!,0,#DIV/0!,0,#DIV/0!,#DIV/0!,#DIV/0!,#DIV/0!,#DIV/0!,0.00
Remix,EXS,1,1,0,2,2,0,24,23,1.04,10,1.48,1,13,54%,4,3633,151,3601,1.27,27.94,#DIV/0!,#DIV/0!,1,1,0,250,22,19,15,1.27,8,1.80,4,10,53%,3,2449,129,69,101.47,4,10,27.94,22.06,11.76,3601,50.00,6.80,1,1,0,6,5,5,8,0.63,2,0.88,-3,3,60%,4,1184,237,1,1,1,2,9%,33%,0.45,0.73,0.18,107.64,1.18,11,0,0,0,0,0,0,0,#DIV/0!,0,#DIV/0!,0,0,#DIV/0!,0,0,#DIV/0!,0,#DIV/0!,0,#DIV/0!,#DIV/0!,#DIV/0!,#DIV/0!,#DIV/0!,0.00
MTCZay,EXS,1,1,0,2,2,0,39,20,1.95,10,2.45,19,27,69%,6,4358,112,5022,2.31,44.12,#DIV/0!,#DIV/0!,1,1,0,250,22,30,13,2.31,9,3.00,17,24,80%,6,3415,114,78,114.71,12,4,44.12,19.12,13.24,5022,63.24,6.80,1,1,0,6,5,9,7,1.29,1,1.43,2,3,33%,3,943,105,1,1,0,3,0%,0%,0.82,0.64,0.09,85.73,1.45,11,0,0,0,0,0,0,0,#DIV/0!,0,#DIV/0!,0,0,#DIV/0!,0,0,#DIV/0!,0,#DIV/0!,0,#DIV/0!,#DIV/0!,#DIV/0!,#DIV/0!,#DIV/0!,0.00
Dev,B2B,2,0,2,4,0,4,43,63,0.68,22,1.03,-20,29,67%,4,7048,164,2912,0.56,17.63,#DIV/0!,#DIV/0!,2,0,2,151,500,28,50,0.56,19,0.94,-22,17,61%,4,4626,165,34,21.41,8,8,17.63,31.48,11.96,2912,49.11,15.88,2,0,2,6,12,15,13,1.15,3,1.38,2,12,80%,3,2422,161,2,0,2,1,11%,67%,0.83,0.72,0.17,134.56,1.56,18,0,0,0,0,0,0,0,#DIV/0!,0,#DIV/0!,0,0,#DIV/0!,0,0,#DIV/0!,0,#DIV/0!,0,#DIV/0!,#DIV/0!,#DIV/0!,#DIV/0!,#DIV/0!,0.00
Mortem,B2B,2,0,2,4,0,4,45,70,0.64,15,0.86,-25,23,51%,4,5195,115,2142,0.61,20.78,#DIV/0!,#DIV/0!,2,0,2,151,500,33,54,0.61,14,0.87,-21,16,48%,4,3403,103,73,45.96,10,19,20.78,34.00,8.81,2142,54.77,15.88,2,0,2,6,12,12,16,0.75,1,0.81,-4,7,58%,3,1792,149,0,0,3,1,17%,75%,0.67,0.89,0.06,99.56,1.56,18,0,0,0,0,0,0,0,#DIV/0!,0,#DIV/0!,0,0,#DIV/0!,0,0,#DIV/0!,0,#DIV/0!,0,#DIV/0!,#DIV/0!,#DIV/0!,#DIV/0!,#DIV/0!,0.00
Sundown,B2B,2,0,2,4,0,4,47,58,0.81,21,1.17,-11,31,66%,3,7872,167,3770,0.93,25.18,#DIV/0!,#DIV/0!,2,0,2,151,500,40,43,0.93,17,1.33,-3,26,65%,3,5988,150,31,19.52,11,9,25.18,27.07,10.70,3770,52.26,15.88,2,0,2,6,12,7,15,0.47,4,0.73,-8,5,71%,2,1884,269,0,2,2,3,11%,40%,0.39,0.83,0.22,104.67,1.22,18,0,0,0,0,0,0,0,#DIV/0!,0,#DIV/0!,0,0,#DIV/0!,0,0,#DIV/0!,0,#DIV/0!,0,#DIV/0!,#DIV/0!,#DIV/0!,#DIV/0!,#DIV/0!,0.00
Zavii,B2B,2,0,2,4,0,4,41,65,0.63,15,0.86,-24,22,54%,2,5343,130,2537,0.62,19.52,#DIV/0!,#DIV/0!,2,0,2,151,500,31,50,0.62,13,0.88,-19,16,52%,2,4029,130,60,37.78,10,12,19.52,31.48,8.18,2537,51.00,15.88,2,0,2,6,12,10,15,0.67,2,0.80,-5,6,60%,2,1314,131,1,2,2,4,11%,33%,0.56,0.83,0.11,73.00,1.39,18,0,0,0,0,0,0,0,#DIV/0!,0,#DIV/0!,0,0,#DIV/0!,0,0,#DIV/0!,0,#DIV/0!,0,#DIV/0!,#DIV/0!,#DIV/0!,#DIV/0!,#DIV/0!,0.00
Capfell,XEL,1,0,1,2,0,2,27,39,0.69,6,0.85,-12,15,56%,4,2922,108,2905,0.73,26.33,#DIV/0!,#DIV/0!,1,0,1,103,250,24,33,0.73,5,0.88,-9,14,58%,4,2648,110,23,25.23,9,2,26.33,36.20,5.48,2905,62.52,9.12,1,0,1,1,6,3,6,0.50,1,0.67,-3,1,33%,2,274,91,0,0,0,3,0%,0%,0.43,0.86,0.14,39.14,1.29,7,0,0,0,0,0,0,0,#DIV/0!,0,#DIV/0!,0,0,#DIV/0!,0,0,#DIV/0!,0,#DIV/0!,0,#DIV/0!,#DIV/0!,#DIV/0!,#DIV/0!,#DIV/0!,0.00
DATGUY,XEL,1,0,1,2,0,2,15,33,0.45,7,0.67,-18,11,73%,2,2740,183,1974,0.41,12.07,#DIV/0!,#DIV/0!,1,0,1,103,250,11,27,0.41,5,0.59,-16,9,82%,2,1800,164,34,37.29,1,3,12.07,29.62,5.48,1974,41.68,9.12,1,0,1,1,6,4,6,0.67,2,1.00,-2,2,50%,2,940,235,1,0,0,0,0%,#DIV/0!,0.57,0.86,0.29,134.29,1.43,7,0,0,0,0,0,0,0,#DIV/0!,0,#DIV/0!,0,0,#DIV/0!,0,0,#DIV/0!,0,#DIV/0!,0,#DIV/0!,#DIV/0!,#DIV/0!,#DIV/0!,#DIV/0!,0.00
reeba,XEL,1,0,1,2,0,2,16,38,0.42,11,0.71,-22,10,63%,3,2614,163,2489,0.45,15.36,#DIV/0!,#DIV/0!,1,0,1,103,250,14,31,0.45,11,0.81,-17,8,57%,3,2269,162,32,35.10,5,3,15.36,34.00,12.07,2489,49.36,9.12,1,0,1,1,6,2,7,0.29,0,0.29,-5,2,100%,1,345,173,0,0,0,3,0%,0%,0.29,1.00,0.00,49.29,1.29,7,0,0,0,0,0,0,0,#DIV/0!,0,#DIV/0!,0,0,#DIV/0!,0,0,#DIV/0!,0,#DIV/0!,0,#DIV/0!,#DIV/0!,#DIV/0!,#DIV/0!,#DIV/0!,0.00
Void,XEL,1,0,1,2,0,2,23,32,0.72,9,1.00,-9,16,70%,3,3432,149,3238,0.84,23.03,#DIV/0!,#DIV/0!,1,0,1,103,250,21,25,0.84,8,1.16,-4,15,71%,3,2952,141,25,27.42,3,4,23.03,27.42,8.78,3238,50.46,9.12,1,0,1,1,6,2,7,0.29,1,0.43,-5,1,50%,1,480,240,0,0,1,0,14%,100%,0.29,1.00,0.14,68.57,1.29,7,0,0,0,0,0,0,0,#DIV/0!,0,#DIV/0!,0,0,#DIV/0!,0,0,#DIV/0!,0,#DIV/0!,0,#DIV/0!,#DIV/0!,#DIV/0!,#DIV/0!,#DIV/0!,0.00
Ferda,SKO,1,0,1,2,0,2,38,46,0.83,14,1.13,-8,20,53%,3,4420,116,3279,0.87,28.33,#DIV/0!,#DIV/0!,1,0,1,176,250,33,38,0.87,12,1.18,-5,17,52%,3,3820,116,50,42.92,12,13,28.33,32.62,10.30,3279,60.94,11.65,1,0,1,5,6,5,8,0.63,2,0.88,-3,3,60%,2,600,120,0,0,1,1,9%,50%,0.45,0.73,0.18,54.55,1.18,11,0,0,0,0,0,0,0,#DIV/0!,0,#DIV/0!,0,0,#DIV/0!,0,0,#DIV/0!,0,#DIV/0!,0,#DIV/0!,#DIV/0!,#DIV/0!,#DIV/0!,#DIV/0!,0.00
Mansionz,SKO,1,0,1,2,0,2,31,44,0.70,17,1.09,-13,21,68%,5,4686,151,3400,0.68,21.46,#DIV/0!,#DIV/0!,1,0,1,176,250,25,37,0.68,14,1.05,-12,17,68%,5,3961,158,49,42.06,4,4,21.46,31.76,12.02,3400,53.22,11.65,1,0,1,5,6,6,7,0.86,3,1.29,-1,4,67%,2,725,121,1,0,2,1,18%,67%,0.55,0.64,0.27,65.91,1.18,11,0,0,0,0,0,0,0,#DIV/0!,0,#DIV/0!,0,0,#DIV/0!,0,0,#DIV/0!,0,#DIV/0!,0,#DIV/0!,#DIV/0!,#DIV/0!,#DIV/0!,#DIV/0!,0.00
Matt,SKO,1,0,1,2,0,2,39,44,0.89,12,1.16,-5,25,64%,4,4643,119,3685,1.03,31.76,#DIV/0!,#DIV/0!,1,0,1,176,250,37,36,1.03,11,1.33,1,24,65%,4,4293,116,50,42.92,12,12,31.76,30.90,9.44,3685,62.66,11.65,1,0,1,5,6,2,8,0.25,1,0.38,-6,1,50%,1,350,175,0,1,0,3,0%,0%,0.18,0.73,0.09,31.82,0.91,11,0,0,0,0,0,0,0,#DIV/0!,0,#DIV/0!,0,0,#DIV/0!,0,0,#DIV/0!,0,#DIV/0!,0,#DIV/0!,#DIV/0!,#DIV/0!,#DIV/0!,#DIV/0!,0.00
Steevo,SKO,1,0,1,2,0,2,42,41,1.02,17,1.44,1,27,64%,3,5434,129,4021,1.03,30.90,#DIV/0!,#DIV/0!,1,0,1,176,250,36,35,1.03,12,1.37,1,24,67%,3,4684,130,34,29.18,7,7,30.90,30.04,10.30,4021,60.94,11.65,1,0,1,5,6,6,6,1.00,5,1.83,0,3,50%,2,750,125,0,0,2,1,18%,67%,0.55,0.55,0.45,68.18,1.09,11,0,0,0,0,0,0,0,#DIV/0!,0,#DIV/0!,0,0,#DIV/0!,0,0,#DIV/0!,0,#DIV/0!,0,#DIV/0!,#DIV/0!,#DIV/0!,#DIV/0!,#DIV/0!,0.00
Bacon,ONE,2,0,2,4,0,4,50,69,0.72,18,0.99,-19,25,50%,4,6288,126,2670,0.81,21.52,#DIV/0!,#DIV/0!,2,0,2,315,500,44,54,0.81,14,1.07,-10,22,50%,4,5461,124,112,54.77,16,29,21.52,26.41,6.85,2670,47.92,20.45,2,0,2,7,12,6,15,0.40,4,0.67,-9,3,50%,1,827,138,1,0,1,3,5%,25%,0.32,0.79,0.21,43.53,1.11,19,0,0,0,0,0,0,0,#DIV/0!,0,#DIV/0!,0,0,#DIV/0!,0,0,#DIV/0!,0,#DIV/0!,0,#DIV/0!,#DIV/0!,#DIV/0!,#DIV/0!,#DIV/0!,0.00
CJ,ONE,2,0,2,4,0,4,63,73,0.86,16,1.08,-10,35,56%,5,7418,118,2859,0.88,24.94,#DIV/0!,#DIV/0!,2,0,2,315,500,51,58,0.88,12,1.09,-7,30,59%,5,5847,115,76,37.16,13,10,24.94,28.36,5.87,2859,53.30,20.45,2,0,2,7,12,12,15,0.80,4,1.07,-3,5,42%,2,1571,131,1,0,3,2,16%,60%,0.63,0.79,0.21,82.68,1.42,19,0,0,0,0,0,0,0,#DIV/0!,0,#DIV/0!,0,0,#DIV/0!,0,0,#DIV/0!,0,#DIV/0!,0,#DIV/0!,#DIV/0!,#DIV/0!,#DIV/0!,#DIV/0!,0.00
No Gamertag,ONE,2,0,2,0,0,0,0,0,#DIV/0!,0,#DIV/0!,0,0,#DIV/0!,0,0,#DIV/0!,#DIV/0!,#DIV/0!,#DIV/0!,#DIV/0!,#DIV/0!,0,0,0,0,0,0,0,#DIV/0!,0,#DIV/0!,0,0,#DIV/0!,0,0,#DIV/0!,0,#DIV/0!,0,0,#DIV/0!,#DIV/0!,#DIV/0!,#DIV/0!,#DIV/0!,0.00,0,0,0,0,0,0,0,#DIV/0!,0,#DIV/0!,0,0,#DIV/0!,0,0,#DIV/0!,0,0,0,0,#DIV/0!,#DIV/0!,#DIV/0!,#DIV/0!,#DIV/0!,#DIV/0!,#DIV/0!,0,0,0,0,0,0,0,0,#DIV/0!,0,#DIV/0!,0,0,#DIV/0!,0,0,#DIV/0!,0,#DIV/0!,0,#DIV/0!,#DIV/0!,#DIV/0!,#DIV/0!,#DIV/0!,0.00
No Gamertag,ONE,2,0,2,0,0,0,0,0,#DIV/0!,0,#DIV/0!,0,0,#DIV/0!,0,0,#DIV/0!,#DIV/0!,#DIV/0!,#DIV/0!,#DIV/0!,#DIV/0!,0,0,0,0,0,0,0,#DIV/0!,0,#DIV/0!,0,0,#DIV/0!,0,0,#DIV/0!,0,#DIV/0!,0,0,#DIV/0!,#DIV/0!,#DIV/0!,#DIV/0!,#DIV/0!,0.00,0,0,0,0,0,0,0,#DIV/0!,0,#DIV/0!,0,0,#DIV/0!,0,0,#DIV/0!,0,0,0,0,#DIV/0!,#DIV/0!,#DIV/0!,#DIV/0!,#DIV/0!,#DIV/0!,#DIV/0!,0,0,0,0,0,0,0,0,#DIV/0!,0,#DIV/0!,0,0,#DIV/0!,0,0,#DIV/0!,0,#DIV/0!,0,#DIV/0!,#DIV/0!,#DIV/0!,#DIV/0!,#DIV/0!,0.00
Allumnati,CRY,1,1,0,2,2,0,31,27,1.15,17,1.78,4,22,71%,5,3948,127,3782,1.61,33.14,#DIV/0!,#DIV/0!,1,1,0,250,115,29,18,1.61,13,2.33,11,20,69%,5,3309,114,77,88.00,8,8,33.14,20.57,14.86,3782,53.71,8.75,1,1,0,6,3,2,9,0.22,4,0.67,-7,2,100%,1,639,320,0,0,1,5,11%,17%,0.22,1.00,0.44,71.00,1.22,9,0,0,0,0,0,0,0,#DIV/0!,0,#DIV/0!,0,0,#DIV/0!,0,0,#DIV/0!,0,#DIV/0!,0,#DIV/0!,#DIV/0!,#DIV/0!,#DIV/0!,#DIV/0!,0.00
Cloutzy,CRY,1,1,0,2,2,0,27,25,1.08,11,1.52,2,20,74%,4,3320,123,2649,0.85,19.43,#DIV/0!,#DIV/0!,1,1,0,250,115,17,20,0.85,10,1.35,-3,14,82%,3,2318,136,58,66.29,4,8,19.43,22.86,11.43,2649,42.29,8.75,1,1,0,6,3,10,5,2.00,1,2.20,5,6,60%,4,1002,100,1,0,0,0,0%,#DIV/0!,1.11,0.56,0.11,111.33,1.67,9,0,0,0,0,0,0,0,#DIV/0!,0,#DIV/0!,0,0,#DIV/0!,0,0,#DIV/0!,0,#DIV/0!,0,#DIV/0!,#DIV/0!,#DIV/0!,#DIV/0!,#DIV/0!,0.00
Safari,CRY,1,1,0,2,2,0,36,20,1.80,11,2.35,16,28,78%,7,3980,111,3395,1.87,32.00,#DIV/0!,#DIV/0!,1,1,0,250,115,28,15,1.87,7,2.33,13,25,89%,7,2971,106,88,100.57,8,5,32.00,17.14,8.00,3395,49.14,8.75,1,1,0,6,3,8,5,1.60,4,2.40,3,3,38%,3,1009,126,2,0,1,0,11%,100%,0.89,0.56,0.44,112.11,1.44,9,0,0,0,0,0,0,0,#DIV/0!,0,#DIV/0!,0,0,#DIV/0!,0,0,#DIV/0!,0,#DIV/0!,0,#DIV/0!,#DIV/0!,#DIV/0!,#DIV/0!,#DIV/0!,0.00
Sleepii,CRY,1,1,0,2,2,0,35,28,1.25,20,1.96,7,19,54%,6,4748,136,4235,1.22,32.00,#DIV/0!,#DIV/0!,1,1,0,250,115,28,23,1.22,15,1.87,5,14,50%,4,3706,132,79,90.29,13,6,32.00,26.29,17.14,4235,58.29,8.75,1,1,0,6,3,7,5,1.40,5,2.40,2,5,71%,6,1042,149,0,0,2,0,22%,100%,0.78,0.56,0.56,115.78,1.33,9,0,0,0,0,0,0,0,#DIV/0!,0,#DIV/0!,0,0,#DIV/0!,0,0,#DIV/0!,0,#DIV/0!,0,#DIV/0!,#DIV/0!,#DIV/0!,#DIV/0!,#DIV/0!,0.00
Cabasay,VAU,1,0,1,3,1,2,48,73,0.66,21,0.95,-25,24,50%,3,5885,123,2356,0.62,19.92,77.58,9653,1,1,0,250,199,26,34,0.76,17,1.26,-8,14,54%,3,3150,121,59,54.80,7,2,24.15,31.58,15.79,2926,55.73,10.77,1,0,1,5,6,7,7,1.00,0,1.00,0,3,43%,3,1035,148,4,0,2,2,18%,50%,0.64,0.64,0.00,94.09,1.27,11,1,0,1,2,8,15,32,0.47,4,0.59,-17,7,47%,2,1700,113,0,0.00,0,15.28,32.60,4.07,1732,47.88,9.82
Hale,VAU,1,0,1,3,1,2,68,65,1.05,20,1.35,3,44,65%,5,8510,125,3685,1.09,30.61,101.86,12967,1,1,0,250,199,33,29,1.14,10,1.48,4,23,70%,4,4040,122,86,79.88,13,6,30.65,26.93,9.29,3752,57.59,10.77,1,0,1,5,6,5,7,0.71,3,1.14,-2,4,80%,3,926,185,0,0,2,3,18%,40%,0.45,0.64,0.27,84.18,1.09,11,1,0,1,2,8,30,29,1.03,7,1.28,1,17,57%,5,3544,118,1,1.02,2,30.56,29.54,7.13,3610,60.10,9.82
Notorriouz,VAU,1,0,1,3,1,2,70,60,1.17,19,1.48,10,47,67%,6,8382,120,3575,1.21,30.61,111.73,13018,1,1,0,250,199,40,24,1.67,10,2.08,16,30,75%,6,4143,104,126,117.03,21,16,37.15,22.29,9.29,3848,59.44,10.77,1,0,1,5,6,7,8,0.88,0,0.88,-1,4,57%,3,1023,146,0,0,1,0,9%,100%,0.64,0.73,0.00,93.00,1.36,11,1,0,1,2,8,23,28,0.82,9,1.14,-5,13,57%,5,3216,140,1,1.02,4,23.43,28.52,9.17,3276,51.95,9.82
Saintfully,VAU,1,0,1,3,1,2,69,65,1.06,28,1.49,4,47,68%,7,10338,150,4273,1.05,29.64,103.31,15956,1,1,0,250,199,30,29,1.03,19,1.69,1,20,67%,7,4662,155,66,61.30,16,5,27.86,26.93,17.65,4330,54.80,10.77,1,0,1,5,6,8,7,1.14,2,1.43,1,6,75%,3,1543,193,0,0,1,0,9%,100%,0.73,0.64,0.18,140.27,1.36,11,1,0,1,2,8,31,29,1.07,7,1.31,2,21,68%,4,4133,133,0,0.00,1,31.58,29.54,7.13,4210,61.12,9.82
Celion,I6E,1,0,1,2,0,2,16,32,0.50,8,0.75,-16,9,56%,2,2623,164,2955,0.58,19.27,#DIV/0!,#DIV/0!,1,0,1,65,250,15,26,0.58,7,0.85,-11,8,53%,2,2300,153,15,19.27,4,2,19.27,33.40,8.99,2955,52.68,7.78,1,0,1,0,6,1,6,0.17,1,0.33,-5,1,100%,1,323,323,0,0,0,1,0%,0%,0.17,1.00,0.17,53.83,1.17,6,0,0,0,0,0,0,0,#DIV/0!,0,#DIV/0!,0,0,#DIV/0!,0,0,#DIV/0!,0,#DIV/0!,0,#DIV/0!,#DIV/0!,#DIV/0!,#DIV/0!,#DIV/0!,0.00
Drillz,I6E,1,0,1,2,0,2,14,35,0.40,10,0.69,-21,8,57%,2,2370,169,2388,0.38,14.13,#DIV/0!,#DIV/0!,1,0,1,65,250,11,29,0.38,9,0.69,-18,6,55%,2,1859,169,23,29.55,4,9,14.13,37.26,11.56,2388,51.39,7.78,1,0,1,0,6,3,6,0.50,1,0.67,-3,2,67%,1,511,170,0,0,0,1,0%,0%,0.50,1.00,0.17,85.17,1.50,6,0,0,0,0,0,0,0,#DIV/0!,0,#DIV/0!,0,0,#DIV/0!,0,0,#DIV/0!,0,#DIV/0!,0,#DIV/0!,#DIV/0!,#DIV/0!,#DIV/0!,#DIV/0!,0.00
Marskies,I6E,1,0,1,2,0,2,24,29,0.83,6,1.03,-5,17,71%,4,3343,139,3564,0.87,25.70,#DIV/0!,#DIV/0!,1,0,1,65,250,20,23,0.87,5,1.09,-3,14,70%,4,2774,139,24,30.84,5,9,25.70,29.55,6.42,3564,55.25,7.78,1,0,1,0,6,4,6,0.67,1,0.83,-2,3,75%,1,569,142,0,0,1,2,17%,33%,0.67,1.00,0.17,94.83,1.67,6,0,0,0,0,0,0,0,#DIV/0!,0,#DIV/0!,0,0,#DIV/0!,0,0,#DIV/0!,0,#DIV/0!,0,#DIV/0!,#DIV/0!,#DIV/0!,#DIV/0!,#DIV/0!,0.00
Maswann,I6E,1,0,1,2,0,2,20,34,0.59,11,0.91,-14,10,50%,4,3182,159,3128,0.57,20.56,#DIV/0!,#DIV/0!,1,0,1,65,250,16,28,0.57,11,0.96,-12,10,63%,4,2435,152,22,28.27,6,10,20.56,35.97,14.13,3128,56.53,7.78,1,0,1,0,6,4,6,0.67,0,0.67,-2,0,0%,1,747,187,0,0,0,1,0%,0%,0.67,1.00,0.00,124.50,1.67,6,0,0,0,0,0,0,0,#DIV/0!,0,#DIV/0!,0,0,#DIV/0!,0,0,#DIV/0!,0,#DIV/0!,0,#DIV/0!,#DIV/0!,#DIV/0!,#DIV/0!,#DIV/0!,0.00
Conn,OOU,1,0,1,2,0,2,39,40,0.98,19,1.45,-1,24,62%,6,5463,140,3927,1.03,29.52,#DIV/0!,#DIV/0!,1,0,1,240,250,34,33,1.03,18,1.58,1,22,65%,6,4523,133,67,58.18,13,8,29.52,28.65,15.63,3927,58.18,11.52,1,0,1,3,6,5,7,0.71,1,0.86,-2,2,40%,3,940,188,0,0,0,1,0%,0%,0.56,0.78,0.11,104.44,1.33,9,0,0,0,0,0,0,0,#DIV/0!,0,#DIV/0!,0,0,#DIV/0!,0,0,#DIV/0!,0,#DIV/0!,0,#DIV/0!,#DIV/0!,#DIV/0!,#DIV/0!,#DIV/0!,0.00
lazahh,OOU,1,0,1,2,0,2,23,42,0.55,16,0.93,-19,18,78%,4,3322,144,2393,0.59,17.37,#DIV/0!,#DIV/0!,1,0,1,240,250,20,34,0.59,16,1.06,-14,17,85%,4,2756,138,81,70.33,8,6,17.37,29.52,13.89,2393,46.89,11.52,1,0,1,3,6,3,8,0.38,0,0.38,-5,1,33%,1,566,189,1,0,0,2,0%,0%,0.33,0.89,0.00,62.89,1.22,9,0,0,0,0,0,0,0,#DIV/0!,0,#DIV/0!,0,0,#DIV/0!,0,0,#DIV/0!,0,#DIV/0!,0,#DIV/0!,#DIV/0!,#DIV/0!,#DIV/0!,#DIV/0!,0.00
Morder,OOU,1,0,1,2,0,2,50,41,1.22,14,1.56,9,29,58%,6,5215,104,3489,1.18,34.73,#DIV/0!,#DIV/0!,1,0,1,240,250,40,34,1.18,13,1.56,6,23,58%,6,4018,100,92,79.88,18,12,34.73,29.52,11.29,3489,64.25,11.52,1,0,1,3,6,10,7,1.43,1,1.57,3,6,60%,5,1197,120,1,1,1,2,11%,33%,1.11,0.78,0.11,133.00,1.89,9,0,0,0,0,0,0,0,#DIV/0!,0,#DIV/0!,0,0,#DIV/0!,0,0,#DIV/0!,0,#DIV/0!,0,#DIV/0!,#DIV/0!,#DIV/0!,#DIV/0!,#DIV/0!,0.00
Rosa,OOU,1,0,1,2,0,2,34,42,0.81,12,1.10,-8,21,62%,4,4594,135,3331,0.88,26.05,#DIV/0!,#DIV/0!,1,0,1,240,250,30,34,0.88,11,1.21,-4,18,60%,4,3836,128,80,69.46,16,13,26.05,29.52,9.55,3331,55.57,11.52,1,0,1,3,6,4,8,0.50,1,0.63,-4,3,75%,2,758,190,0,0,0,3,0%,0%,0.44,0.89,0.11,84.22,1.33,9,0,0,0,0,0,0,0,#DIV/0!,0,#DIV/0!,0,0,#DIV/0!,0,0,#DIV/0!,0,#DIV/0!,0,#DIV/0!,#DIV/0!,#DIV/0!,#DIV/0!,#DIV/0!,0.00
Chip,DMN,1,1,0,2,2,0,40,36,1.11,8,1.33,4,27,68%,5,5131,128,3690,1.00,27.79,#DIV/0!,#DIV/0!,1,1,0,250,240,32,32,1.00,7,1.22,0,23,72%,5,4250,133,94,81.62,16,15,27.79,27.79,6.08,3690,55.57,11.52,1,1,0,6,3,8,4,2.00,1,2.25,4,4,50%,5,881,110,0,1,2,0,22%,100%,0.89,0.44,0.11,97.89,1.33,9,0,0,0,0,0,0,0,#DIV/0!,0,#DIV/0!,0,0,#DIV/0!,0,0,#DIV/0!,0,#DIV/0!,0,#DIV/0!,#DIV/0!,#DIV/0!,#DIV/0!,#DIV/0!,0.00
Compa,DMN,1,1,0,2,2,0,38,42,0.90,14,1.24,-4,27,71%,5,4798,126,3300,0.83,26.05,#DIV/0!,#DIV/0!,1,1,0,250,240,30,36,0.83,12,1.17,-6,20,67%,5,3801,127,63,54.70,13,5,26.05,31.26,10.42,3300,57.31,11.52,1,1,0,6,3,8,6,1.33,2,1.67,2,7,88%,2,997,125,0,0,2,1,22%,67%,0.89,0.67,0.22,110.78,1.56,9,0,0,0,0,0,0,0,#DIV/0!,0,#DIV/0!,0,0,#DIV/0!,0,0,#DIV/0!,0,#DIV/0!,0,#DIV/0!,#DIV/0!,#DIV/0!,#DIV/0!,#DIV/0!,0.00
GodPlz,DMN,1,1,0,2,2,0,47,30,1.57,14,2.03,17,31,66%,7,6140,131,4191,1.48,32.13,#DIV/0!,#DIV/0!,1,1,0,250,240,37,25,1.48,13,2.00,12,25,68%,7,4827,130,93,80.75,20,15,32.13,21.71,11.29,4191,53.84,11.52,1,1,0,6,3,10,5,2.00,1,2.20,5,6,60%,6,1313,131,0,1,3,0,33%,100%,1.11,0.56,0.11,145.89,1.67,9,0,0,0,0,0,0,0,#DIV/0!,0,#DIV/0!,0,0,#DIV/0!,0,0,#DIV/0!,0,#DIV/0!,0,#DIV/0!,#DIV/0!,#DIV/0!,#DIV/0!,#DIV/0!,0.00
lijah,DMN,1,1,0,2,2,0,38,41,0.93,15,1.29,-3,23,61%,6,4946,130,3733,1.06,30.39,#DIV/0!,#DIV/0!,1,1,0,250,240,35,33,1.06,11,1.39,2,21,60%,6,4299,123,72,62.52,13,16,30.39,28.65,9.55,3733,59.04,11.52,1,1,0,6,3,3,8,0.38,4,0.88,-5,2,67%,1,647,216,3,0,1,0,11%,100%,0.33,0.89,0.44,71.89,1.22,9,0,0,0,0,0,0,0,#DIV/0!,0,#DIV/0!,0,0,#DIV/0!,0,0,#DIV/0!,0,#DIV/0!,0,#DIV/0!,#DIV/0!,#DIV/0!,#DIV/0!,#DIV/0!,0.00
cliq,ATL,1,1,0,2,2,0,33,24,1.38,15,2.00,9,22,67%,5,4579,139,3685,1.24,28.62,#DIV/0!,#DIV/0!,1,1,0,250,129,26,21,1.24,12,1.81,5,16,62%,3,3347,129,94,103.49,8,0,28.62,23.12,13.21,3685,51.74,9.08,1,1,0,6,1,7,3,2.33,3,3.33,4,6,86%,5,1232,176,1,0,1,1,14%,50%,1.00,0.43,0.43,176.00,1.43,7,0,0,0,0,0,0,0,#DIV/0!,0,#DIV/0!,0,0,#DIV/0!,0,0,#DIV/0!,0,#DIV/0!,0,#DIV/0!,#DIV/0!,#DIV/0!,#DIV/0!,#DIV/0!,0.00
deceptions,ATL,1,1,0,2,2,0,32,23,1.39,12,1.91,9,23,72%,4,3635,114,3429,1.42,29.72,#DIV/0!,#DIV/0!,1,1,0,250,129,27,19,1.42,11,2.00,8,19,70%,4,3115,115,55,60.55,9,11,29.72,20.92,12.11,3429,50.64,9.08,1,1,0,6,1,5,4,1.25,1,1.50,1,4,80%,4,520,104,0,1,2,0,29%,100%,0.71,0.57,0.14,74.29,1.29,7,0,0,0,0,0,0,0,#DIV/0!,0,#DIV/0!,0,0,#DIV/0!,0,0,#DIV/0!,0,#DIV/0!,0,#DIV/0!,#DIV/0!,#DIV/0!,#DIV/0!,#DIV/0!,0.00
tK,ATL,1,1,0,2,2,0,32,24,1.33,10,1.75,8,25,78%,4,3621,113,3058,1.25,27.52,#DIV/0!,#DIV/0!,1,1,0,250,129,25,20,1.25,10,1.75,5,19,76%,4,2778,111,101,111.19,6,4,27.52,22.02,11.01,3058,49.54,9.08,1,1,0,6,1,7,4,1.75,0,1.75,3,6,86%,3,843,120,0,1,0,2,0%,0%,1.00,0.57,0.00,120.43,1.57,7,0,0,0,0,0,0,0,#DIV/0!,0,#DIV/0!,0,0,#DIV/0!,0,0,#DIV/0!,0,#DIV/0!,0,#DIV/0!,#DIV/0!,#DIV/0!,#DIV/0!,#DIV/0!,0.00
sevy,ATL,1,1,0,2,2,0,28,22,1.27,11,1.77,6,19,68%,4,3318,119,2782,1.05,22.02,#DIV/0!,#DIV/0!,1,1,0,250,129,20,19,1.05,9,1.53,1,15,75%,4,2527,126,44,48.44,8,10,22.02,20.92,9.91,2782,42.94,9.08,1,1,0,6,1,8,3,2.67,2,3.33,5,4,50%,3,791,99,0,0,1,0,14%,100%,1.14,0.43,0.29,113.00,1.57,7,0,0,0,0,0,0,0,#DIV/0!,0,#DIV/0!,0,0,#DIV/0!,0,0,#DIV/0!,0,#DIV/0!,0,#DIV/0!,#DIV/0!,#DIV/0!,#DIV/0!,#DIV/0!,0.00
Action,BOO,1,0,1,2,0,2,29,37,0.78,14,1.16,-8,19,66%,3,4616,159,3473,0.82,24.69,#DIV/0!,#DIV/0!,1,0,1,101,250,23,28,0.82,10,1.18,-5,15,65%,3,3236,141,28,30.05,7,4,24.69,30.05,10.73,3473,54.74,9.32,1,0,1,4,6,6,9,0.67,4,1.11,-3,4,67%,2,1380,230,4,0,2,2,20%,50%,0.60,0.90,0.40,138.00,1.50,10,0,0,0,0,0,0,0,#DIV/0!,0,#DIV/0!,0,0,#DIV/0!,0,0,#DIV/0!,0,#DIV/0!,0,#DIV/0!,#DIV/0!,#DIV/0!,#DIV/0!,#DIV/0!,0.00
GodLike,BOO,1,0,1,2,0,2,21,43,0.49,13,0.79,-22,10,48%,3,3341,159,2698,0.47,17.17,#DIV/0!,#DIV/0!,1,0,1,101,250,16,34,0.47,10,0.76,-18,9,56%,3,2514,157,22,23.61,6,4,17.17,36.49,10.73,2698,53.67,9.32,1,0,1,4,6,5,9,0.56,3,0.89,-4,1,20%,3,827,165,1,0,1,0,10%,100%,0.50,0.90,0.30,82.70,1.40,10,0,0,0,0,0,0,0,#DIV/0!,0,#DIV/0!,0,0,#DIV/0!,0,0,#DIV/0!,0,#DIV/0!,0,#DIV/0!,#DIV/0!,#DIV/0!,#DIV/0!,#DIV/0!,0.00
Slammed,BOO,1,0,1,2,0,2,27,39,0.69,13,1.03,-12,13,48%,3,3359,124,2723,0.58,19.32,#DIV/0!,#DIV/0!,1,0,1,101,250,18,31,0.58,11,0.94,-13,7,39%,2,2537,141,32,34.35,6,4,19.32,33.27,11.81,2723,52.59,9.32,1,0,1,4,6,9,8,1.13,2,1.38,1,6,67%,3,822,91,0,0,1,2,10%,33%,0.90,0.80,0.20,82.20,1.70,10,0,0,0,0,0,0,0,#DIV/0!,0,#DIV/0!,0,0,#DIV/0!,0,0,#DIV/0!,0,#DIV/0!,0,#DIV/0!,#DIV/0!,#DIV/0!,#DIV/0!,#DIV/0!,0.00
NYGRiM,BOO,1,0,1,2,0,2,23,42,0.55,9,0.76,-19,12,52%,3,3195,139,2228,0.47,17.17,#DIV/0!,#DIV/0!,1,0,1,101,250,16,34,0.47,5,0.62,-18,7,44%,2,2076,130,26,27.91,4,3,17.17,36.49,5.37,2228,53.67,9.32,1,0,1,4,6,7,8,0.88,4,1.38,-1,5,71%,3,1119,160,0,1,0,2,0%,0%,0.70,0.80,0.40,111.90,1.50,10,0,0,0,0,0,0,0,#DIV/0!,0,#DIV/0!,0,0,#DIV/0!,0,0,#DIV/0!,0,#DIV/0!,0,#DIV/0!,#DIV/0!,#DIV/0!,#DIV/0!,#DIV/0!,0.00
Eternals,TGX,2,0,2,4,0,4,73,74,0.99,31,1.41,-1,44,60%,3,9717,133,3501,0.98,28.50,#DIV/0!,#DIV/0!,2,0,2,350,500,60,61,0.98,27,1.43,-1,35,58%,3,7370,123,84,39.90,20,17,28.50,28.98,12.83,3501,57.48,21.05,2,0,2,7,12,13,13,1.00,4,1.31,0,9,69%,3,2347,181,1,0,3,3,16%,50%,0.68,0.68,0.21,123.53,1.37,19,0,0,0,0,0,0,0,#DIV/0!,0,#DIV/0!,0,0,#DIV/0!,0,0,#DIV/0!,0,#DIV/0!,0,#DIV/0!,#DIV/0!,#DIV/0!,#DIV/0!,#DIV/0!,0.00
Koala,TGX,2,0,2,4,0,4,65,85,0.76,27,1.08,-20,32,49%,4,8175,126,3438,0.80,26.13,#DIV/0!,#DIV/0!,2,0,2,350,500,55,69,0.80,26,1.17,-14,27,49%,4,7236,132,115,54.63,21,28,26.13,32.78,12.35,3438,58.91,21.05,2,0,2,7,12,10,16,0.63,1,0.69,-6,5,50%,3,939,94,0,0,2,0,11%,100%,0.53,0.84,0.05,49.42,1.37,19,0,0,0,0,0,0,0,#DIV/0!,0,#DIV/0!,0,0,#DIV/0!,0,0,#DIV/0!,0,#DIV/0!,0,#DIV/0!,#DIV/0!,#DIV/0!,#DIV/0!,#DIV/0!,0.00
Llama2x,TGX,2,0,2,4,0,4,76,82,0.93,25,1.23,-6,40,53%,5,9165,121,3452,0.89,29.45,#DIV/0!,#DIV/0!,2,0,2,350,500,62,70,0.89,22,1.20,-8,31,50%,5,7266,117,146,69.36,25,31,29.45,33.25,10.45,3452,62.71,21.05,2,0,2,7,12,14,12,1.17,3,1.42,2,9,64%,4,1899,136,4,1,1,4,5%,20%,0.74,0.63,0.16,99.95,1.37,19,0,0,0,0,0,0,0,#DIV/0!,0,#DIV/0!,0,0,#DIV/0!,0,0,#DIV/0!,0,#DIV/0!,0,#DIV/0!,#DIV/0!,#DIV/0!,#DIV/0!,#DIV/0!,0.00
Stewyy,TGX,2,0,2,4,0,4,53,74,0.72,30,1.12,-21,34,64%,7,7721,146,2924,0.69,19.95,#DIV/0!,#DIV/0!,2,0,2,350,500,42,61,0.69,27,1.13,-19,28,67%,7,6154,147,103,48.93,15,28,19.95,28.98,12.83,2924,48.93,21.05,2,0,2,7,12,11,13,0.85,3,1.08,-2,6,55%,3,1567,142,0,0,2,4,11%,33%,0.58,0.68,0.16,82.47,1.26,19,0,0,0,0,0,0,0,#DIV/0!,0,#DIV/0!,0,0,#DIV/0!,0,0,#DIV/0!,0,#DIV/0!,0,#DIV/0!,#DIV/0!,#DIV/0!,#DIV/0!,#DIV/0!,0.00
6evasive,PHI,1,0,1,2,0,2,34,38,0.89,13,1.24,-4,19,56%,4,4469,131,3440,0.97,27.82,#DIV/0!,#DIV/0!,1,0,1,176,250,30,31,0.97,13,1.39,-1,17,57%,4,3710,124,64,59.35,14,14,27.82,28.75,12.06,3440,56.57,10.78,1,0,1,2,6,4,7,0.57,0,0.57,-3,2,50%,1,759,190,1,0,2,0,25%,100%,0.50,0.88,0.00,94.88,1.38,8,0,0,0,0,0,0,0,#DIV/0!,0,#DIV/0!,0,0,#DIV/0!,0,0,#DIV/0!,0,#DIV/0!,0,#DIV/0!,#DIV/0!,#DIV/0!,#DIV/0!,#DIV/0!,0.00
JTSolo,PHI,1,0,1,2,0,2,27,40,0.68,12,0.98,-13,12,44%,2,3785,140,2907,0.76,23.18,#DIV/0!,#DIV/0!,1,0,1,176,250,25,33,0.76,11,1.09,-8,12,48%,2,3135,125,51,47.30,8,4,23.18,30.60,10.20,2907,53.79,10.78,1,0,1,2,6,2,7,0.29,1,0.43,-5,0,0%,1,650,325,0,0,1,1,13%,50%,0.25,0.88,0.13,81.25,1.13,8,0,0,0,0,0,0,0,#DIV/0!,0,#DIV/0!,0,0,#DIV/0!,0,0,#DIV/0!,0,#DIV/0!,0,#DIV/0!,#DIV/0!,#DIV/0!,#DIV/0!,#DIV/0!,0.00
Marcus,PHI,1,0,1,2,0,2,36,35,1.03,9,1.29,1,23,64%,7,4759,132,3708,1.11,28.75,#DIV/0!,#DIV/0!,1,0,1,176,250,31,28,1.11,9,1.43,3,20,65%,7,3998,129,29,26.89,9,3,28.75,25.97,8.35,3708,54.71,10.78,1,0,1,2,6,5,7,0.71,0,0.71,-2,3,60%,3,761,152,0,0,2,1,25%,67%,0.63,0.88,0.00,95.13,1.50,8,0,0,0,0,0,0,0,#DIV/0!,0,#DIV/0!,0,0,#DIV/0!,0,0,#DIV/0!,0,#DIV/0!,0,#DIV/0!,#DIV/0!,#DIV/0!,#DIV/0!,#DIV/0!,0.00
Slimbus,PHI,1,0,1,2,0,2,30,35,0.86,11,1.17,-5,21,70%,5,4102,137,3179,0.86,23.18,#DIV/0!,#DIV/0!,1,0,1,176,250,25,29,0.86,11,1.24,-4,18,72%,5,3428,137,57,52.86,8,5,23.18,26.89,10.20,3179,50.08,10.78,1,0,1,2,6,5,6,0.83,0,0.83,-1,3,60%,4,674,135,0,1,0,1,0%,0%,0.63,0.75,0.00,84.25,1.38,8,0,0,0,0,0,0,0,#DIV/0!,0,#DIV/0!,0,0,#DIV/0!,0,0,#DIV/0!,0,#DIV/0!,0,#DIV/0!,#DIV/0!,#DIV/0!,#DIV/0!,#DIV/0!,0.00
Curz,DGR,1,0,1,2,0,2,36,42,0.86,17,1.26,-6,26,72%,5,5008,139,3659,0.97,27.16,#DIV/0!,#DIV/0!,1,0,1,215,250,32,33,0.97,16,1.45,-1,24,75%,5,4311,135,50,42.43,8,13,27.16,28.01,13.58,3659,55.16,11.78,1,0,1,3,6,4,9,0.44,1,0.56,-5,2,50%,1,697,174,0,0,0,2,0%,0%,0.44,1.00,0.11,77.44,1.44,9,0,0,0,0,0,0,0,#DIV/0!,0,#DIV/0!,0,0,#DIV/0!,0,0,#DIV/0!,0,#DIV/0!,0,#DIV/0!,#DIV/0!,#DIV/0!,#DIV/0!,#DIV/0!,0.00
KH,DGR,1,0,1,2,0,2,37,39,0.95,18,1.41,-2,23,62%,6,4039,109,2964,1.00,27.16,#DIV/0!,#DIV/0!,1,0,1,215,250,32,32,1.00,16,1.50,0,20,63%,6,3493,109,72,61.10,16,8,27.16,27.16,13.58,2964,54.31,11.78,1,0,1,3,6,5,7,0.71,2,1.00,-2,3,60%,2,546,109,0,0,1,1,11%,50%,0.56,0.78,0.22,60.67,1.33,9,0,0,0,0,0,0,0,#DIV/0!,0,#DIV/0!,0,0,#DIV/0!,0,0,#DIV/0!,0,#DIV/0!,0,#DIV/0!,#DIV/0!,#DIV/0!,#DIV/0!,#DIV/0!,0.00
Neb,DGR,1,0,1,2,0,2,37,38,0.97,17,1.42,-1,26,70%,4,5046,136,3705,1.03,27.16,#DIV/0!,#DIV/0!,1,0,1,215,250,32,31,1.03,16,1.55,1,24,75%,4,4366,136,90,76.38,17,17,27.16,26.31,13.58,3705,53.47,11.78,1,0,1,3,6,5,7,0.71,1,0.86,-2,2,40%,0,680,136,3,0,1,2,11%,33%,0.56,0.78,0.11,75.56,1.33,9,0,0,0,0,0,0,0,#DIV/0!,0,#DIV/0!,0,0,#DIV/0!,0,0,#DIV/0!,0,#DIV/0!,0,#DIV/0!,#DIV/0!,#DIV/0!,#DIV/0!,#DIV/0!,0.00
Starry,DGR,1,0,1,2,0,2,47,40,1.18,12,1.48,7,29,62%,6,5194,111,3799,1.24,34.79,#DIV/0!,#DIV/0!,1,0,1,215,250,41,33,1.24,10,1.55,8,26,63%,6,4476,109,58,49.22,15,26,34.79,28.01,8.49,3799,62.80,11.78,1,0,1,3,6,6,7,0.86,2,1.14,-1,3,50%,1,718,120,0,0,1,1,11%,50%,0.67,0.78,0.22,79.78,1.44,9,0,0,0,0,0,0,0,#DIV/0!,0,#DIV/0!,0,0,#DIV/0!,0,0,#DIV/0!,0,#DIV/0!,0,#DIV/0!,#DIV/0!,#DIV/0!,#DIV/0!,#DIV/0!,0.00
,,0,0,0,0,0,0,0,0,#DIV/0!,0,#DIV/0!,0,0,#DIV/0!,0,0,#DIV/0!,#DIV/0!,#DIV/0!,#DIV/0!,#DIV/0!,#DIV/0!,0,0,0,0,0,0,0,#DIV/0!,0,#DIV/0!,0,0,#DIV/0!,0,0,#DIV/0!,0,#DIV/0!,0,0,#DIV/0!,#DIV/0!,#DIV/0!,#DIV/0!,#DIV/0!,0.00,0,0,0,0,0,0,0,#DIV/0!,0,#DIV/0!,0,0,#DIV/0!,0,0,#DIV/0!,0,0,0,0,#DIV/0!,#DIV/0!,#DIV/0!,#DIV/0!,#DIV/0!,#DIV/0!,#DIV/0!,0,0,0,0,0,0,0,0,#DIV/0!,0,#DIV/0!,0,0,#DIV/0!,0,0,#DIV/0!,0,#DIV/0!,0,#DIV/0!,#DIV/0!,#DIV/0!,#DIV/0!,#DIV/0!,0.00
,,0,0,0,0,0,0,0,0,#DIV/0!,0,#DIV/0!,0,0,#DIV/0!,0,0,#DIV/0!,#DIV/0!,#DIV/0!,#DIV/0!,#DIV/0!,#DIV/0!,0,0,0,0,0,0,0,#DIV/0!,0,#DIV/0!,0,0,#DIV/0!,0,0,#DIV/0!,0,#DIV/0!,0,0,#DIV/0!,#DIV/0!,#DIV/0!,#DIV/0!,#DIV/0!,0.00,0,0,0,0,0,0,0,#DIV/0!,0,#DIV/0!,0,0,#DIV/0!,0,0,#DIV/0!,0,0,0,0,#DIV/0!,#DIV/0!,#DIV/0!,#DIV/0!,#DIV/0!,#DIV/0!,#DIV/0!,0,0,0,0,0,0,0,0,#DIV/0!,0,#DIV/0!,0,0,#DIV/0!,0,0,#DIV/0!,0,#DIV/0!,0,#DIV/0!,#DIV/0!,#DIV/0!,#DIV/0!,#DIV/0!,0.00
,,0,0,0,0,0,0,0,0,#DIV/0!,0,#DIV/0!,0,0,#DIV/0!,0,0,#DIV/0!,#DIV/0!,#DIV/0!,#DIV/0!,#DIV/0!,#DIV/0!,0,0,0,0,0,0,0,#DIV/0!,0,#DIV/0!,0,0,#DIV/0!,0,0,#DIV/0!,0,#DIV/0!,0,0,#DIV/0!,#DIV/0!,#DIV/0!,#DIV/0!,#DIV/0!,0.00,0,0,0,0,0,0,0,#DIV/0!,0,#DIV/0!,0,0,#DIV/0!,0,0,#DIV/0!,0,0,0,0,#DIV/0!,#DIV/0!,#DIV/0!,#DIV/0!,#DIV/0!,#DIV/0!,#DIV/0!,0,0,0,0,0,0,0,0,#DIV/0!,0,#DIV/0!,0,0,#DIV/0!,0,0,#DIV/0!,0,#DIV/0!,0,#DIV/0!,#DIV/0!,#DIV/0!,#DIV/0!,#DIV/0!,0.00
,,0,0,0,0,0,0,0,0,#DIV/0!,0,#DIV/0!,0,0,#DIV/0!,0,0,#DIV/0!,#DIV/0!,#DIV/0!,#DIV/0!,#DIV/0!,#DIV/0!,0,0,0,0,0,0,0,#DIV/0!,0,#DIV/0!,0,0,#DIV/0!,0,0,#DIV/0!,0,#DIV/0!,0,0,#DIV/0!,#DIV/0!,#DIV/0!,#DIV/0!,#DIV/0!,0.00,0,0,0,0,0,0,0,#DIV/0!,0,#DIV/0!,0,0,#DIV/0!,0,0,#DIV/0!,0,0,0,0,#DIV/0!,#DIV/0!,#DIV/0!,#DIV/0!,#DIV/0!,#DIV/0!,#DIV/0!,0,0,0,0,0,0,0,0,#DIV/0!,0,#DIV/0!,0,0,#DIV/0!,0,0,#DIV/0!,0,#DIV/0!,0,#DIV/0!,#DIV/0!,#DIV/0!,#DIV/0!,#DIV/0!,0.00
,,0,0,0,0,0,0,0,0,#DIV/0!,0,#DIV/0!,0,0,#DIV/0!,0,0,#DIV/0!,#DIV/0!,#DIV/0!,#DIV/0!,#DIV/0!,#DIV/0!,0,0,0,0,0,0,0,#DIV/0!,0,#DIV/0!,0,0,#DIV/0!,0,0,#DIV/0!,0,#DIV/0!,0,0,#DIV/0!,#DIV/0!,#DIV/0!,#DIV/0!,#DIV/0!,0.00,0,0,0,0,0,0,0,#DIV/0!,0,#DIV/0!,0,0,#DIV/0!,0,0,#DIV/0!,0,0,0,0,#DIV/0!,#DIV/0!,#DIV/0!,#DIV/0!,#DIV/0!,#DIV/0!,#DIV/0!,0,0,0,0,0,0,0,0,#DIV/0!,0,#DIV/0!,0,0,#DIV/0!,0,0,#DIV/0!,0,#DIV/0!,0,#DIV/0!,#DIV/0!,#DIV/0!,#DIV/0!,#DIV/0!,0.00
,,0,0,0,0,0,0,0,0,#DIV/0!,0,#DIV/0!,0,0,#DIV/0!,0,0,#DIV/0!,#DIV/0!,#DIV/0!,#DIV/0!,#DIV/0!,#DIV/0!,0,0,0,0,0,0,0,#DIV/0!,0,#DIV/0!,0,0,#DIV/0!,0,0,#DIV/0!,0,#DIV/0!,0,0,#DIV/0!,#DIV/0!,#DIV/0!,#DIV/0!,#DIV/0!,0.00,0,0,0,0,0,0,0,#DIV/0!,0,#DIV/0!,0,0,#DIV/0!,0,0,#DIV/0!,0,0,0,0,#DIV/0!,#DIV/0!,#DIV/0!,#DIV/0!,#DIV/0!,#DIV/0!,#DIV/0!,0,0,0,0,0,0,0,0,#DIV/0!,0,#DIV/0!,0,0,#DIV/0!,0,0,#DIV/0!,0,#DIV/0!,0,#DIV/0!,#DIV/0!,#DIV/0!,#DIV/0!,#DIV/0!,0.00
,,0,0,0,0,0,0,0,0,#DIV/0!,0,#DIV/0!,0,0,#DIV/0!,0,0,#DIV/0!,#DIV/0!,#DIV/0!,#DIV/0!,#DIV/0!,#DIV/0!,0,0,0,0,0,0,0,#DIV/0!,0,#DIV/0!,0,0,#DIV/0!,0,0,#DIV/0!,0,#DIV/0!,0,0,#DIV/0!,#DIV/0!,#DIV/0!,#DIV/0!,#DIV/0!,0.00,0,0,0,0,0,0,0,#DIV/0!,0,#DIV/0!,0,0,#DIV/0!,0,0,#DIV/0!,0,0,0,0,#DIV/0!,#DIV/0!,#DIV/0!,#DIV/0!,#DIV/0!,#DIV/0!,#DIV/0!,0,0,0,0,0,0,0,0,#DIV/0!,0,#DIV/0!,0,0,#DIV/0!,0,0,#DIV/0!,0,#DIV/0!,0,#DIV/0!,#DIV/0!,#DIV/0!,#DIV/0!,#DIV/0!,0.00
,,0,0,0,0,0,0,0,0,#DIV/0!,0,#DIV/0!,0,0,#DIV/0!,0,0,#DIV/0!,#DIV/0!,#DIV/0!,#DIV/0!,#DIV/0!,#DIV/0!,0,0,0,0,0,0,0,#DIV/0!,0,#DIV/0!,0,0,#DIV/0!,0,0,#DIV/0!,0,#DIV/0!,0,0,#DIV/0!,#DIV/0!,#DIV/0!,#DIV/0!,#DIV/0!,0.00,0,0,0,0,0,0,0,#DIV/0!,0,#DIV/0!,0,0,#DIV/0!,0,0,#DIV/0!,0,0,0,0,#DIV/0!,#DIV/0!,#DIV/0!,#DIV/0!,#DIV/0!,#DIV/0!,#DIV/0!,0,0,0,0,0,0,0,0,#DIV/0!,0,#DIV/0!,0,0,#DIV/0!,0,0,#DIV/0!,0,#DIV/0!,0,#DIV/0!,#DIV/0!,#DIV/0!,#DIV/0!,#DIV/0!,0.00
,,0,0,0,0,0,0,0,0,#DIV/0!,0,#DIV/0!,0,0,#DIV/0!,0,0,#DIV/0!,#DIV/0!,#DIV/0!,#DIV/0!,#DIV/0!,#DIV/0!,0,0,0,0,0,0,0,#DIV/0!,0,#DIV/0!,0,0,#DIV/0!,0,0,#DIV/0!,0,#DIV/0!,0,0,#DIV/0!,#DIV/0!,#DIV/0!,#DIV/0!,#DIV/0!,0.00,0,0,0,0,0,0,0,#DIV/0!,0,#DIV/0!,0,0,#DIV/0!,0,0,#DIV/0!,0,0,0,0,#DIV/0!,#DIV/0!,#DIV/0!,#DIV/0!,#DIV/0!,#DIV/0!,#DIV/0!,0,0,0,0,0,0,0,0,#DIV/0!,0,#DIV/0!,0,0,#DIV/0!,0,0,#DIV/0!,0,#DIV/0!,0,#DIV/0!,#DIV/0!,#DIV/0!,#DIV/0!,#DIV/0!,0.00
,,0,0,0,0,0,0,0,0,#DIV/0!,0,#DIV/0!,0,0,#DIV/0!,0,0,#DIV/0!,#DIV/0!,#DIV/0!,#DIV/0!,#DIV/0!,#DIV/0!,0,0,0,0,0,0,0,#DIV/0!,0,#DIV/0!,0,0,#DIV/0!,0,0,#DIV/0!,0,#DIV/0!,0,0,#DIV/0!,#DIV/0!,#DIV/0!,#DIV/0!,#DIV/0!,0.00,0,0,0,0,0,0,0,#DIV/0!,0,#DIV/0!,0,0,#DIV/0!,0,0,#DIV/0!,0,0,0,0,#DIV/0!,#DIV/0!,#DIV/0!,#DIV/0!,#DIV/0!,#DIV/0!,#DIV/0!,0,0,0,0,0,0,0,0,#DIV/0!,0,#DIV/0!,0,0,#DIV/0!,0,0,#DIV/0!,0,#DIV/0!,0,#DIV/0!,#DIV/0!,#DIV/0!,#DIV/0!,#DIV/0!,0.00
,,0,0,0,0,0,0,0,0,#DIV/0!,0,#DIV/0!,0,0,#DIV/0!,0,0,#DIV/0!,#DIV/0!,#DIV/0!,#DIV/0!,#DIV/0!,#DIV/0!,0,0,0,0,0,0,0,#DIV/0!,0,#DIV/0!,0,0,#DIV/0!,0,0,#DIV/0!,0,#DIV/0!,0,0,#DIV/0!,#DIV/0!,#DIV/0!,#DIV/0!,#DIV/0!,0.00,0,0,0,0,0,0,0,#DIV/0!,0,#DIV/0!,0,0,#DIV/0!,0,0,#DIV/0!,0,0,0,0,#DIV/0!,#DIV/0!,#DIV/0!,#DIV/0!,#DIV/0!,#DIV/0!,#DIV/0!,0,0,0,0,0,0,0,0,#DIV/0!,0,#DIV/0!,0,0,#DIV/0!,0,0,#DIV/0!,0,#DIV/0!,0,#DIV/0!,#DIV/0!,#DIV/0!,#DIV/0!,#DIV/0!,0.00
,,0,0,0,0,0,0,0,0,#DIV/0!,0,#DIV/0!,0,0,#DIV/0!,0,0,#DIV/0!,#DIV/0!,#DIV/0!,#DIV/0!,#DIV/0!,#DIV/0!,0,0,0,0,0,0,0,#DIV/0!,0,#DIV/0!,0,0,#DIV/0!,0,0,#DIV/0!,0,#DIV/0!,0,0,#DIV/0!,#DIV/0!,#DIV/0!,#DIV/0!,#DIV/0!,0.00,0,0,0,0,0,0,0,#DIV/0!,0,#DIV/0!,0,0,#DIV/0!,0,0,#DIV/0!,0,0,0,0,#DIV/0!,#DIV/0!,#DIV/0!,#DIV/0!,#DIV/0!,#DIV/0!,#DIV/0!,0,0,0,0,0,0,0,0,#DIV/0!,0,#DIV/0!,0,0,#DIV/0!,0,0,#DIV/0!,0,#DIV/0!,0,#DIV/0!,#DIV/0!,#DIV/0!,#DIV/0!,#DIV/0!,0.00
,,0,0,0,0,0,0,0,0,#DIV/0!,0,#DIV/0!,0,0,#DIV/0!,0,0,#DIV/0!,#DIV/0!,#DIV/0!,#DIV/0!,#DIV/0!,#DIV/0!,0,0,0,0,0,0,0,#DIV/0!,0,#DIV/0!,0,0,#DIV/0!,0,0,#DIV/0!,0,#DIV/0!,0,0,#DIV/0!,#DIV/0!,#DIV/0!,#DIV/0!,#DIV/0!,0.00,0,0,0,0,0,0,0,#DIV/0!,0,#DIV/0!,0,0,#DIV/0!,0,0,#DIV/0!,0,0,0,0,#DIV/0!,#DIV/0!,#DIV/0!,#DIV/0!,#DIV/0!,#DIV/0!,#DIV/0!,0,0,0,0,0,0,0,0,#DIV/0!,0,#DIV/0!,0,0,#DIV/0!,0,0,#DIV/0!,0,#DIV/0!,0,#DIV/0!,#DIV/0!,#DIV/0!,#DIV/0!,#DIV/0!,0.00
,,0,0,0,0,0,0,0,0,#DIV/0!,0,#DIV/0!,0,0,#DIV/0!,0,0,#DIV/0!,#DIV/0!,#DIV/0!,#DIV/0!,#DIV/0!,#DIV/0!,0,0,0,0,0,0,0,#DIV/0!,0,#DIV/0!,0,0,#DIV/0!,0,0,#DIV/0!,0,#DIV/0!,0,0,#DIV/0!,#DIV/0!,#DIV/0!,#DIV/0!,#DIV/0!,0.00,0,0,0,0,0,0,0,#DIV/0!,0,#DIV/0!,0,0,#DIV/0!,0,0,#DIV/0!,0,0,0,0,#DIV/0!,#DIV/0!,#DIV/0!,#DIV/0!,#DIV/0!,#DIV/0!,#DIV/0!,0,0,0,0,0,0,0,0,#DIV/0!,0,#DIV/0!,0,0,#DIV/0!,0,0,#DIV/0!,0,#DIV/0!,0,#DIV/0!,#DIV/0!,#DIV/0!,#DIV/0!,#DIV/0!,0.00
,,0,0,0,0,0,0,0,0,#DIV/0!,0,#DIV/0!,0,0,#DIV/0!,0,0,#DIV/0!,#DIV/0!,#DIV/0!,#DIV/0!,#DIV/0!,#DIV/0!,0,0,0,0,0,0,0,#DIV/0!,0,#DIV/0!,0,0,#DIV/0!,0,0,#DIV/0!,0,#DIV/0!,0,0,#DIV/0!,#DIV/0!,#DIV/0!,#DIV/0!,#DIV/0!,0.00,0,0,0,0,0,0,0,#DIV/0!,0,#DIV/0!,0,0,#DIV/0!,0,0,#DIV/0!,0,0,0,0,#DIV/0!,#DIV/0!,#DIV/0!,#DIV/0!,#DIV/0!,#DIV/0!,#DIV/0!,0,0,0,0,0,0,0,0,#DIV/0!,0,#DIV/0!,0,0,#DIV/0!,0,0,#DIV/0!,0,#DIV/0!,0,#DIV/0!,#DIV/0!,#DIV/0!,#DIV/0!,#DIV/0!,0.00
,,0,0,0,0,0,0,0,0,#DIV/0!,0,#DIV/0!,0,0,#DIV/0!,0,0,#DIV/0!,#DIV/0!,#DIV/0!,#DIV/0!,#DIV/0!,#DIV/0!,0,0,0,0,0,0,0,#DIV/0!,0,#DIV/0!,0,0,#DIV/0!,0,0,#DIV/0!,0,#DIV/0!,0,0,#DIV/0!,#DIV/0!,#DIV/0!,#DIV/0!,#DIV/0!,0.00,0,0,0,0,0,0,0,#DIV/0!,0,#DIV/0!,0,0,#DIV/0!,0,0,#DIV/0!,0,0,0,0,#DIV/0!,#DIV/0!,#DIV/0!,#DIV/0!,#DIV/0!,#DIV/0!,#DIV/0!,0,0,0,0,0,0,0,0,#DIV/0!,0,#DIV/0!,0,0,#DIV/0!,0,0,#DIV/0!,0,#DIV/0!,0,#DIV/0!,#DIV/0!,#DIV/0!,#DIV/0!,#DIV/0!,0.00